# file opened: maze.asm
   1  0000              device ZXSPECTRUMNEXT
   2  0000              INCLUDE "macros.inc"
# file opened: macros.inc
   1+ 0000              DEVICE ZXSPECTRUMNEXT
   2+ 0000
   3+ 0000              USE_BC              EQU 0                           ; see GET_WORLD_VALUE macro
   4+ 0000              USE_HL              EQU 1                           ; see GET_WORLD_VALUE macro
   5+ 0000
   6+ 0000              MACRO SPEED arg
   7+ 0000 ~                    ld a, arg
   8+ 0000 ~                    NEXTREG $07, A
   9+ 0000                          ENDM
  10+ 0000
  11+ 0000              MACRO DIV_HL_8
  12+ 0000 ~            ; simple 16-bit divide without the CALL/RET overhead
  13+ 0000 ~                    srl h                                       ; divide by 2
  14+ 0000 ~                    rr l
  15+ 0000 ~                    srl h                                       ; divide by 4
  16+ 0000 ~                    rr l
  17+ 0000 ~                    srl h                                       ; divide by 8
  18+ 0000 ~                    rr l
  19+ 0000                      ENDM
  20+ 0000
  21+ 0000              MACRO GET_WORLD_VALUE arg, arg1
  22+ 0000 ~            ; given B= tile X, C= tile Y, return "world" value at this position in the world map
  23+ 0000 ~            ;
  24+ 0000 ~            ;       arg  is TILEMAP_PAGE
  25+ 0000 ~            ;            or DFIELD_PAGE
  26+ 0000 ~            ;
  27+ 0000 ~            ;       arg1 decides if input comes from BC or directly from HL
  28+ 0000 ~            ;            NB if directly from HL then L = tile X, H = tile Y
  29+ 0000 ~            ;
  30+ 0000 ~                    if arg1 = 0
  31+ 0000 ~                    ld h, c                                     ; read the Y tile coordinate of the top-left corner we want
  32+ 0000 ~                                                                ; put it in H (this is the same as multiplying by 256)
  33+ 0000 ~                    ld l, b                                     ; read the X tile coordinate into L
  34+ 0000 ~                                                                ; Result: HL now holds tile_y * 256 + tile_x
  35+ 0000 ~                                                                ; This is the byte offset into "world" map.
  36+ 0000 ~                    endif
  37+ 0000 ~
  38+ 0000 ~                ; STEP 2: Calculate which 8K physical page the data lives in
  39+ 0000 ~                    ld   a,h                                    ; take the high byte of the offset (which is tile_y)
  40+ 0000 ~                    srl  a                                      ; divide by 2
  41+ 0000 ~                    srl  a                                      ; divide by 2 again  → now /4
  42+ 0000 ~                    srl  a                                      ; /8
  43+ 0000 ~                    srl  a                                      ; /16
  44+ 0000 ~                    srl  a                                      ; /32   ← this is the same as tile_y ÷ 32
  45+ 0000 ~                                                                ; Why divide by 32?
  46+ 0000 ~                                                                ;   Each page is 8192 bytes.
  47+ 0000 ~                                                                ;   Each row is 256 bytes.
  48+ 0000 ~                                                                ;   8192 ÷ 256 = exactly 32 rows per page.
  49+ 0000 ~                                                                ;   Therefore page number = 40 + (tile_y ÷ 32)
  50+ 0000 ~
  51+ 0000 ~                    add  a, arg                                 ; add the starting page number
  52+ 0000 ~
  53+ 0000 ~                    nextreg $56,a                               ; set MMU slot 6 ($C000-$DFFF) to that page
  54+ 0000 ~
  55+ 0000 ~
  56+ 0000 ~                ; STEP 3: Keep only the part of the address that fits inside one 8K page
  57+ 0000 ~                    ld   a,h                                    ; get the high byte again
  58+ 0000 ~                    and  $1F                                    ; $1F is binary 00011111 → keeps only the lowest 5 bits
  59+ 0000 ~                                                                ; This is exactly the same as (tile_y * 256 + tile_x) modulo 8192
  60+ 0000 ~                                                                ; (because 8192 = 2^13 and we are discarding everything above bit 12)
  61+ 0000 ~                    ld   h,a                                    ; HL now holds the offset *inside* the current 8K page
  62+ 0000 ~
  63+ 0000 ~                ; STEP 4: add the page offset so we can read it
  64+ 0000 ~                    add  hl, $C000                              ; HL = $C000 + offset_inside_page
  65+ 0000 ~                                                                ; HL now points directly at the first byte we want to copy
  66+ 0000 ~                    ld a, (hl)                                  ; so get the byte
  67+ 0000                      ENDM
  68+ 0000
# file closed: macros.inc
   3  0000              INCLUDE "maze2.inc"
# file opened: maze2.inc
   1+ 0000
   2+ 0000              DEVICE ZXSPECTRUMNEXT
   3+ 0000
   4+ 0000              ORG $6000
   5+ 6000
   6+ 6000              ; Tilemap definition
   7+ 6000              ; defines what tiles go where in the 40x32 grid
   8+ 6000              ; currently 1 byte tilemap mode only
   9+ 6000              tileMap:
  10+ 6000 00 00 00...  DEFS 1280, 0
  11+ 6500
  12+ 6500              TilePatterns:
  13+ 6500              ; Tile000
  14+ 6500 FF FF FF FF  DB $FF,$FF,$FF,$FF,$FF,$FF,$FF,$FF,$FF,$FF,$FF,$FF,$FF,$FF,$FF,$FF
  14+ 6504 FF FF FF FF
  14+ 6508 FF FF FF FF
  14+ 650C FF FF FF FF
  15+ 6510 FF FF FF FF  DB $FF,$FF,$FF,$FF,$FF,$FF,$FF,$FF,$FF,$FF,$FF,$FF,$FF,$FF,$FF,$FF
  15+ 6514 FF FF FF FF
  15+ 6518 FF FF FF FF
  15+ 651C FF FF FF FF
  16+ 6520              ; Tile001
  17+ 6520 00 00 01 00  DB $00,$00,$01,$00,$00,$00,$01,$00,$11,$11,$11,$11,$00,$10,$00,$00
  17+ 6524 00 00 01 00
  17+ 6528 11 11 11 11
  17+ 652C 00 10 00 00
  18+ 6530 00 10 00 00  DB $00,$10,$00,$00,$11,$11,$11,$11,$00,$00,$01,$00,$00,$00,$01,$00
  18+ 6534 11 11 11 11
  18+ 6538 00 00 01 00
  18+ 653C 00 00 01 00
  19+ 6540              ; Tile002
  20+ 6540 FF FF FF FF  DB $FF,$FF,$FF,$FF,$FF,$FF,$FF,$FF,$FF,$FF,$FF,$FF,$FF,$FF,$FF,$FF
  20+ 6544 FF FF FF FF
  20+ 6548 FF FF FF FF
  20+ 654C FF FF FF FF
  21+ 6550 FF FF FF FF  DB $FF,$FF,$FF,$FF,$FF,$FF,$FF,$FF,$FF,$FF,$FF,$FF,$FF,$FF,$FF,$FF
  21+ 6554 FF FF FF FF
  21+ 6558 FF FF FF FF
  21+ 655C FF FF FF FF
  22+ 6560              ; Tile003
  23+ 6560 FF FF FF FF  DB $FF,$FF,$FF,$FF,$FF,$FF,$FF,$FF,$FF,$FF,$FF,$FF,$FF,$FF,$FF,$FF
  23+ 6564 FF FF FF FF
  23+ 6568 FF FF FF FF
  23+ 656C FF FF FF FF
  24+ 6570 FF FF FF FF  DB $FF,$FF,$FF,$FF,$FF,$FF,$FF,$FF,$FF,$FF,$FF,$FF,$FF,$FF,$FF,$FF
  24+ 6574 FF FF FF FF
  24+ 6578 FF FF FF FF
  24+ 657C FF FF FF FF
  25+ 6580              ; Tile004
  26+ 6580 FF FF FF FF  DB $FF,$FF,$FF,$FF,$F2,$22,$22,$22,$FF,$FF,$FF,$FF,$FF,$F2,$22,$FF
  26+ 6584 F2 22 22 22
  26+ 6588 FF FF FF FF
  26+ 658C FF F2 22 FF
  27+ 6590 FF 22 22 2F  DB $FF,$22,$22,$2F,$F2,$2F,$FF,$22,$F2,$2F,$FF,$22,$F2,$2F,$FF,$22
  27+ 6594 F2 2F FF 22
  27+ 6598 F2 2F FF 22
  27+ 659C F2 2F FF 22
  28+ 65A0              ; Tile005
  29+ 65A0 FF FF FF FF  DB $FF,$FF,$FF,$FF,$22,$22,$22,$2F,$FF,$FF,$FF,$FF,$FF,$FF,$FF,$FF
  29+ 65A4 22 22 22 2F
  29+ 65A8 FF FF FF FF
  29+ 65AC FF FF FF FF
  30+ 65B0 FF FF FF FF  DB $FF,$FF,$FF,$FF,$FF,$FF,$FF,$FF,$FF,$FF,$FF,$FF,$22,$22,$22,$2F
  30+ 65B4 FF FF FF FF
  30+ 65B8 FF FF FF FF
  30+ 65BC 22 22 22 2F
  31+ 65C0              ; Tile006
  32+ 65C0 F2 2F FF 22  DB $F2,$2F,$FF,$22,$F2,$2F,$FF,$22,$F2,$2F,$FF,$22,$FF,$22,$22,$2F
  32+ 65C4 F2 2F FF 22
  32+ 65C8 F2 2F FF 22
  32+ 65CC FF 22 22 2F
  33+ 65D0 FF F2 22 FF  DB $FF,$F2,$22,$FF,$FF,$FF,$FF,$FF,$FF,$FF,$FF,$FF,$F2,$22,$22,$22
  33+ 65D4 FF FF FF FF
  33+ 65D8 FF FF FF FF
  33+ 65DC F2 22 22 22
  34+ 65E0              ; Tile007
  35+ 65E0 22 22 22 2F  DB $22,$22,$22,$2F,$FF,$F2,$2F,$2F,$FF,$F2,$2F,$2F,$FF,$F2,$FF,$2F
  35+ 65E4 FF F2 2F 2F
  35+ 65E8 FF F2 2F 2F
  35+ 65EC FF F2 FF 2F
  36+ 65F0 FF FF FF FF  DB $FF,$FF,$FF,$FF,$FF,$FF,$FF,$FF,$FF,$FF,$FF,$FF,$22,$22,$22,$2F
  36+ 65F4 FF FF FF FF
  36+ 65F8 FF FF FF FF
  36+ 65FC 22 22 22 2F
  37+ 6600
  38+ 6600              SpritePatterns:
  39+ 6600              ; Sprite000
  40+ 6600 00 00 00 00  DB $00,$00,$00,$00,$00,$00,$00,$00,$00,$00,$00,$00,$00,$00,$00,$00,$00,$00,$E3,$E3,$E3,$E3,$E3,$E3,$E3,$E3,$E3,$E3,$E3,$E3,$00,$00
  40+ 6604 00 00 00 00
  40+ 6608 00 00 00 00
  40+ 660C 00 00 00 00
  40+ 6610 00 00 E3 E3
  40+ 6614 E3 E3 E3 E3
  40+ 6618 E3 E3 E3 E3
  40+ 661C E3 E3 00 00
  41+ 6620 00 E3 00 E3  DB $00,$E3,$00,$E3,$E3,$E3,$E3,$E3,$E3,$E3,$E3,$E3,$E3,$00,$E3,$00,$00,$E3,$E3,$00,$E3,$E3,$E3,$E3,$E3,$E3,$E3,$E3,$00,$E3,$E3,$00
  41+ 6624 E3 E3 E3 E3
  41+ 6628 E3 E3 E3 E3
  41+ 662C E3 00 E3 00
  41+ 6630 00 E3 E3 00
  41+ 6634 E3 E3 E3 E3
  41+ 6638 E3 E3 E3 E3
  41+ 663C 00 E3 E3 00
  42+ 6640 00 E3 E3 E3  DB $00,$E3,$E3,$E3,$00,$E3,$E3,$E3,$E3,$E3,$E3,$00,$E3,$E3,$E3,$00,$00,$E3,$E3,$E3,$E3,$00,$E3,$E3,$E3,$E3,$00,$E3,$E3,$E3,$E3,$00
  42+ 6644 00 E3 E3 E3
  42+ 6648 E3 E3 E3 00
  42+ 664C E3 E3 E3 00
  42+ 6650 00 E3 E3 E3
  42+ 6654 E3 00 E3 E3
  42+ 6658 E3 E3 00 E3
  42+ 665C E3 E3 E3 00
  43+ 6660 00 E3 E3 E3  DB $00,$E3,$E3,$E3,$E3,$E3,$00,$E3,$E3,$00,$E3,$E3,$E3,$E3,$E3,$00,$00,$E3,$E3,$E3,$E3,$E3,$E3,$00,$00,$E3,$E3,$E3,$E3,$E3,$E3,$00
  43+ 6664 E3 E3 00 E3
  43+ 6668 E3 00 E3 E3
  43+ 666C E3 E3 E3 00
  43+ 6670 00 E3 E3 E3
  43+ 6674 E3 E3 E3 00
  43+ 6678 00 E3 E3 E3
  43+ 667C E3 E3 E3 00
  44+ 6680 00 E3 E3 E3  DB $00,$E3,$E3,$E3,$E3,$E3,$E3,$00,$00,$E3,$E3,$E3,$E3,$E3,$E3,$00,$00,$E3,$E3,$E3,$E3,$E3,$00,$E3,$E3,$00,$E3,$E3,$E3,$E3,$E3,$00
  44+ 6684 E3 E3 E3 00
  44+ 6688 00 E3 E3 E3
  44+ 668C E3 E3 E3 00
  44+ 6690 00 E3 E3 E3
  44+ 6694 E3 E3 00 E3
  44+ 6698 E3 00 E3 E3
  44+ 669C E3 E3 E3 00
  45+ 66A0 00 E3 E3 E3  DB $00,$E3,$E3,$E3,$E3,$00,$E3,$E3,$E3,$E3,$00,$E3,$E3,$E3,$E3,$00,$00,$E3,$E3,$E3,$00,$E3,$E3,$E3,$E3,$E3,$E3,$00,$E3,$E3,$E3,$00
  45+ 66A4 E3 00 E3 E3
  45+ 66A8 E3 E3 00 E3
  45+ 66AC E3 E3 E3 00
  45+ 66B0 00 E3 E3 E3
  45+ 66B4 00 E3 E3 E3
  45+ 66B8 E3 E3 E3 00
  45+ 66BC E3 E3 E3 00
  46+ 66C0 00 E3 E3 00  DB $00,$E3,$E3,$00,$E3,$E3,$E3,$E3,$E3,$E3,$E3,$E3,$00,$E3,$E3,$00,$00,$E3,$00,$E3,$E3,$E3,$E3,$E3,$E3,$E3,$E3,$E3,$E3,$00,$E3,$00
  46+ 66C4 E3 E3 E3 E3
  46+ 66C8 E3 E3 E3 E3
  46+ 66CC 00 E3 E3 00
  46+ 66D0 00 E3 00 E3
  46+ 66D4 E3 E3 E3 E3
  46+ 66D8 E3 E3 E3 E3
  46+ 66DC E3 00 E3 00
  47+ 66E0 00 00 E3 E3  DB $00,$00,$E3,$E3,$E3,$E3,$E3,$E3,$E3,$E3,$E3,$E3,$E3,$E3,$00,$00,$00,$00,$00,$00,$00,$00,$00,$00,$00,$00,$00,$00,$00,$00,$00,$00
  47+ 66E4 E3 E3 E3 E3
  47+ 66E8 E3 E3 E3 E3
  47+ 66EC E3 E3 00 00
  47+ 66F0 00 00 00 00
  47+ 66F4 00 00 00 00
  47+ 66F8 00 00 00 00
  47+ 66FC 00 00 00 00
  48+ 6700              ; Sprite001
  49+ 6700 E3 E3 E3 E3  DB $E3,$E3,$E3,$E3,$0A,$0A,$0A,$0A,$0B,$0B,$0B,$0B,$E3,$E3,$E3,$E3,$E3,$E3,$E3,$0A,$E3,$E3,$E3,$E3,$0A,$0A,$0A,$0A,$0B,$E3,$E3,$E3
  49+ 6704 0A 0A 0A 0A
  49+ 6708 0B 0B 0B 0B
  49+ 670C E3 E3 E3 E3
  49+ 6710 E3 E3 E3 0A
  49+ 6714 E3 E3 E3 E3
  49+ 6718 0A 0A 0A 0A
  49+ 671C 0B E3 E3 E3
  50+ 6720 E3 E3 0A E3  DB $E3,$E3,$0A,$E3,$0A,$0A,$0A,$0A,$E3,$0A,$0A,$0A,$0A,$0A,$E3,$E3,$E3,$E3,$0A,$E3,$0B,$E3,$0B,$0A,$0A,$0B,$E3,$0B,$0A,$0A,$E3,$E3
  50+ 6724 0A 0A 0A 0A
  50+ 6728 E3 0A 0A 0A
  50+ 672C 0A 0A E3 E3
  50+ 6730 E3 E3 0A E3
  50+ 6734 0B E3 0B 0A
  50+ 6738 0A 0B E3 0B
  50+ 673C 0A 0A E3 E3
  51+ 6740 E3 E3 0A 0A  DB $E3,$E3,$0A,$0A,$0B,$E3,$E3,$0B,$0B,$E3,$E3,$0B,$0A,$0A,$E3,$E3,$E3,$E3,$0A,$0B,$E3,$E3,$E3,$0B,$0B,$E3,$E3,$E3,$0B,$0A,$E3,$E3
  51+ 6744 0B E3 E3 0B
  51+ 6748 0B E3 E3 0B
  51+ 674C 0A 0A E3 E3
  51+ 6750 E3 E3 0A 0B
  51+ 6754 E3 E3 E3 0B
  51+ 6758 0B E3 E3 E3
  51+ 675C 0B 0A E3 E3
  52+ 6760 E3 E3 0A 0A  DB $E3,$E3,$0A,$0A,$0B,$E3,$E3,$0B,$0A,$0B,$E3,$E3,$0B,$0A,$E3,$E3,$E3,$E3,$0A,$0A,$0A,$0B,$0B,$0A,$0A,$0A,$0B,$0B,$0B,$0A,$E3,$E3
  52+ 6764 0B E3 E3 0B
  52+ 6768 0A 0B E3 E3
  52+ 676C 0B 0A E3 E3
  52+ 6770 E3 E3 0A 0A
  52+ 6774 0A 0B 0B 0A
  52+ 6778 0A 0A 0B 0B
  52+ 677C 0B 0A E3 E3
  53+ 6780 E3 E3 E3 0A  DB $E3,$E3,$E3,$0A,$0A,$0A,$0A,$E3,$E3,$0A,$0A,$0A,$0A,$E3,$E3,$E3,$0A,$0A,$E3,$E3,$E3,$0A,$0A,$0A,$0A,$0A,$0A,$E3,$E3,$E3,$0A,$0A
  53+ 6784 0A 0A 0A E3
  53+ 6788 E3 0A 0A 0A
  53+ 678C 0A E3 E3 E3
  53+ 6790 0A 0A E3 E3
  53+ 6794 E3 0A 0A 0A
  53+ 6798 0A 0A 0A E3
  53+ 679C E3 E3 0A 0A
  54+ 67A0 E3 0B 0A E3  DB $E3,$0B,$0A,$E3,$E3,$0B,$E3,$0A,$0B,$E3,$0B,$E3,$E3,$0A,$0B,$E3,$E3,$E3,$0A,$E3,$E3,$E3,$E3,$E3,$E3,$E3,$E3,$E3,$E3,$0A,$E3,$E3
  54+ 67A4 E3 0B E3 0A
  54+ 67A8 0B E3 0B E3
  54+ 67AC E3 0A 0B E3
  54+ 67B0 E3 E3 0A E3
  54+ 67B4 E3 E3 E3 E3
  54+ 67B8 E3 E3 E3 E3
  54+ 67BC E3 0A E3 E3
  55+ 67C0 E3 E3 E3 E3  DB $E3,$E3,$E3,$E3,$0A,$E3,$0A,$E3,$E3,$0A,$E3,$0A,$E3,$E3,$E3,$E3,$0A,$0A,$0B,$E3,$0A,$0B,$0A,$0B,$0A,$0A,$0B,$0A,$E3,$0B,$0A,$0A
  55+ 67C4 0A E3 0A E3
  55+ 67C8 E3 0A E3 0A
  55+ 67CC E3 E3 E3 E3
  55+ 67D0 0A 0A 0B E3
  55+ 67D4 0A 0B 0A 0B
  55+ 67D8 0A 0A 0B 0A
  55+ 67DC E3 0B 0A 0A
  56+ 67E0 E3 0B 0A E3  DB $E3,$0B,$0A,$E3,$E3,$E3,$0B,$0B,$0B,$0B,$E3,$E3,$E3,$0A,$0B,$E3,$E3,$E3,$0A,$E3,$E3,$E3,$E3,$E3,$E3,$E3,$E3,$E3,$E3,$0A,$E3,$E3
  56+ 67E4 E3 E3 0B 0B
  56+ 67E8 0B 0B E3 E3
  56+ 67EC E3 0A 0B E3
  56+ 67F0 E3 E3 0A E3
  56+ 67F4 E3 E3 E3 E3
  56+ 67F8 E3 E3 E3 E3
  56+ 67FC E3 0A E3 E3
  57+ 6800              ; Sprite002
  58+ 6800 00 00 E3 E3  DB $00,$00,$E3,$E3,$E3,$E3,$E3,$E3,$E3,$E3,$E3,$E3,$E3,$E3,$E3,$E3,$00,$00,$E3,$E3,$E3,$E3,$E3,$E3,$E3,$E3,$E3,$E3,$E3,$E3,$E3,$E3
  58+ 6804 E3 E3 E3 E3
  58+ 6808 E3 E3 E3 E3
  58+ 680C E3 E3 E3 E3
  58+ 6810 00 00 E3 E3
  58+ 6814 E3 E3 E3 E3
  58+ 6818 E3 E3 E3 E3
  58+ 681C E3 E3 E3 E3
  59+ 6820 E3 E3 E3 E3  DB $E3,$E3,$E3,$E3,$E3,$E3,$E3,$E3,$E3,$E3,$E3,$E3,$E3,$E3,$E3,$E3,$E3,$E3,$E3,$E3,$E3,$E3,$E3,$E3,$E3,$E3,$E3,$E3,$E3,$E3,$E3,$E3
  59+ 6824 E3 E3 E3 E3
  59+ 6828 E3 E3 E3 E3
  59+ 682C E3 E3 E3 E3
  59+ 6830 E3 E3 E3 E3
  59+ 6834 E3 E3 E3 E3
  59+ 6838 E3 E3 E3 E3
  59+ 683C E3 E3 E3 E3
  60+ 6840 E3 E3 E3 E3  DB $E3,$E3,$E3,$E3,$E3,$E3,$E3,$E3,$E3,$E3,$E3,$E3,$E3,$E3,$E3,$E3,$E3,$E3,$E3,$E3,$E3,$E3,$E3,$E3,$E3,$E3,$E3,$E3,$E3,$E3,$E3,$E3
  60+ 6844 E3 E3 E3 E3
  60+ 6848 E3 E3 E3 E3
  60+ 684C E3 E3 E3 E3
  60+ 6850 E3 E3 E3 E3
  60+ 6854 E3 E3 E3 E3
  60+ 6858 E3 E3 E3 E3
  60+ 685C E3 E3 E3 E3
  61+ 6860 E3 E3 E3 E3  DB $E3,$E3,$E3,$E3,$E3,$E3,$E3,$E3,$E3,$E3,$E3,$E3,$E3,$E3,$E3,$E3,$E3,$E3,$E3,$E3,$E3,$E3,$E3,$E3,$E3,$E3,$E3,$E3,$E3,$E3,$E3,$E3
  61+ 6864 E3 E3 E3 E3
  61+ 6868 E3 E3 E3 E3
  61+ 686C E3 E3 E3 E3
  61+ 6870 E3 E3 E3 E3
  61+ 6874 E3 E3 E3 E3
  61+ 6878 E3 E3 E3 E3
  61+ 687C E3 E3 E3 E3
  62+ 6880 E3 E3 E3 E3  DB $E3,$E3,$E3,$E3,$E3,$E3,$E3,$E3,$E3,$E3,$E3,$E3,$E3,$E3,$E3,$E3,$E3,$E3,$E3,$E3,$E3,$E3,$E3,$E3,$E3,$E3,$E3,$E3,$E3,$E3,$E3,$E3
  62+ 6884 E3 E3 E3 E3
  62+ 6888 E3 E3 E3 E3
  62+ 688C E3 E3 E3 E3
  62+ 6890 E3 E3 E3 E3
  62+ 6894 E3 E3 E3 E3
  62+ 6898 E3 E3 E3 E3
  62+ 689C E3 E3 E3 E3
  63+ 68A0 E3 E3 E3 E3  DB $E3,$E3,$E3,$E3,$E3,$E3,$E3,$E3,$E3,$E3,$E3,$E3,$E3,$E3,$E3,$E3,$E3,$E3,$E3,$E3,$E3,$E3,$E3,$E3,$E3,$E3,$E3,$E3,$E3,$E3,$E3,$E3
  63+ 68A4 E3 E3 E3 E3
  63+ 68A8 E3 E3 E3 E3
  63+ 68AC E3 E3 E3 E3
  63+ 68B0 E3 E3 E3 E3
  63+ 68B4 E3 E3 E3 E3
  63+ 68B8 E3 E3 E3 E3
  63+ 68BC E3 E3 E3 E3
  64+ 68C0 E3 E3 E3 E3  DB $E3,$E3,$E3,$E3,$E3,$E3,$E3,$E3,$E3,$E3,$E3,$E3,$E3,$E3,$E3,$E3,$E3,$E3,$E3,$E3,$E3,$E3,$E3,$E3,$E3,$E3,$E3,$E3,$E3,$E3,$E3,$E3
  64+ 68C4 E3 E3 E3 E3
  64+ 68C8 E3 E3 E3 E3
  64+ 68CC E3 E3 E3 E3
  64+ 68D0 E3 E3 E3 E3
  64+ 68D4 E3 E3 E3 E3
  64+ 68D8 E3 E3 E3 E3
  64+ 68DC E3 E3 E3 E3
  65+ 68E0 E3 E3 E3 E3  DB $E3,$E3,$E3,$E3,$E3,$E3,$E3,$E3,$E3,$E3,$E3,$E3,$E3,$E3,$E3,$E3,$E3,$E3,$E3,$E3,$E3,$E3,$E3,$E3,$E3,$E3,$E3,$E3,$E3,$E3,$E3,$E3
  65+ 68E4 E3 E3 E3 E3
  65+ 68E8 E3 E3 E3 E3
  65+ 68EC E3 E3 E3 E3
  65+ 68F0 E3 E3 E3 E3
  65+ 68F4 E3 E3 E3 E3
  65+ 68F8 E3 E3 E3 E3
  65+ 68FC E3 E3 E3 E3
  66+ 6900              ; Sprite003
  67+ 6900 0B 0B E3 E3  DB $0B,$0B,$E3,$E3,$E3,$E3,$E3,$E3,$E3,$E3,$E3,$E3,$E3,$E3,$E3,$E3,$0B,$0B,$E3,$E3,$E3,$E3,$E3,$E3,$E3,$E3,$E3,$E3,$E3,$E3,$E3,$E3
  67+ 6904 E3 E3 E3 E3
  67+ 6908 E3 E3 E3 E3
  67+ 690C E3 E3 E3 E3
  67+ 6910 0B 0B E3 E3
  67+ 6914 E3 E3 E3 E3
  67+ 6918 E3 E3 E3 E3
  67+ 691C E3 E3 E3 E3
  68+ 6920 E3 E3 E3 E3  DB $E3,$E3,$E3,$E3,$E3,$E3,$E3,$E3,$E3,$E3,$E3,$E3,$E3,$E3,$E3,$E3,$E3,$E3,$E3,$E3,$E3,$E3,$E3,$E3,$E3,$E3,$E3,$E3,$E3,$E3,$E3,$E3
  68+ 6924 E3 E3 E3 E3
  68+ 6928 E3 E3 E3 E3
  68+ 692C E3 E3 E3 E3
  68+ 6930 E3 E3 E3 E3
  68+ 6934 E3 E3 E3 E3
  68+ 6938 E3 E3 E3 E3
  68+ 693C E3 E3 E3 E3
  69+ 6940 E3 E3 E3 E3  DB $E3,$E3,$E3,$E3,$E3,$E3,$E3,$E3,$E3,$E3,$E3,$E3,$E3,$E3,$E3,$E3,$E3,$E3,$E3,$E3,$E3,$E3,$E3,$E3,$E3,$E3,$E3,$E3,$E3,$E3,$E3,$E3
  69+ 6944 E3 E3 E3 E3
  69+ 6948 E3 E3 E3 E3
  69+ 694C E3 E3 E3 E3
  69+ 6950 E3 E3 E3 E3
  69+ 6954 E3 E3 E3 E3
  69+ 6958 E3 E3 E3 E3
  69+ 695C E3 E3 E3 E3
  70+ 6960 E3 E3 E3 E3  DB $E3,$E3,$E3,$E3,$E3,$E3,$E3,$E3,$E3,$E3,$E3,$E3,$E3,$E3,$E3,$E3,$E3,$E3,$E3,$E3,$E3,$E3,$E3,$E3,$E3,$E3,$E3,$E3,$E3,$E3,$E3,$E3
  70+ 6964 E3 E3 E3 E3
  70+ 6968 E3 E3 E3 E3
  70+ 696C E3 E3 E3 E3
  70+ 6970 E3 E3 E3 E3
  70+ 6974 E3 E3 E3 E3
  70+ 6978 E3 E3 E3 E3
  70+ 697C E3 E3 E3 E3
  71+ 6980 E3 E3 E3 E3  DB $E3,$E3,$E3,$E3,$E3,$E3,$E3,$E3,$E3,$E3,$E3,$E3,$E3,$E3,$E3,$E3,$E3,$E3,$E3,$E3,$E3,$E3,$E3,$E3,$E3,$E3,$E3,$E3,$E3,$E3,$E3,$E3
  71+ 6984 E3 E3 E3 E3
  71+ 6988 E3 E3 E3 E3
  71+ 698C E3 E3 E3 E3
  71+ 6990 E3 E3 E3 E3
  71+ 6994 E3 E3 E3 E3
  71+ 6998 E3 E3 E3 E3
  71+ 699C E3 E3 E3 E3
  72+ 69A0 E3 E3 E3 E3  DB $E3,$E3,$E3,$E3,$E3,$E3,$E3,$E3,$E3,$E3,$E3,$E3,$E3,$E3,$E3,$E3,$E3,$E3,$E3,$E3,$E3,$E3,$E3,$E3,$E3,$E3,$E3,$E3,$E3,$E3,$E3,$E3
  72+ 69A4 E3 E3 E3 E3
  72+ 69A8 E3 E3 E3 E3
  72+ 69AC E3 E3 E3 E3
  72+ 69B0 E3 E3 E3 E3
  72+ 69B4 E3 E3 E3 E3
  72+ 69B8 E3 E3 E3 E3
  72+ 69BC E3 E3 E3 E3
  73+ 69C0 E3 E3 E3 E3  DB $E3,$E3,$E3,$E3,$E3,$E3,$E3,$E3,$E3,$E3,$E3,$E3,$E3,$E3,$E3,$E3,$E3,$E3,$E3,$E3,$E3,$E3,$E3,$E3,$E3,$E3,$E3,$E3,$E3,$E3,$E3,$E3
  73+ 69C4 E3 E3 E3 E3
  73+ 69C8 E3 E3 E3 E3
  73+ 69CC E3 E3 E3 E3
  73+ 69D0 E3 E3 E3 E3
  73+ 69D4 E3 E3 E3 E3
  73+ 69D8 E3 E3 E3 E3
  73+ 69DC E3 E3 E3 E3
  74+ 69E0 E3 E3 E3 E3  DB $E3,$E3,$E3,$E3,$E3,$E3,$E3,$E3,$E3,$E3,$E3,$E3,$E3,$E3,$E3,$E3,$E3,$E3,$E3,$E3,$E3,$E3,$E3,$E3,$E3,$E3,$E3,$E3,$E3,$E3,$E3,$E3
  74+ 69E4 E3 E3 E3 E3
  74+ 69E8 E3 E3 E3 E3
  74+ 69EC E3 E3 E3 E3
  74+ 69F0 E3 E3 E3 E3
  74+ 69F4 E3 E3 E3 E3
  74+ 69F8 E3 E3 E3 E3
  74+ 69FC E3 E3 E3 E3
  75+ 6A00              ; Sprite004
  76+ 6A00 E3 E3 E3 E3  DB $E3,$E3,$E3,$E3,$E3,$E3,$02,$02,$02,$02,$E3,$E3,$E3,$E3,$E3,$E3,$E3,$E3,$E3,$E3,$E3,$02,$02,$02,$02,$02,$03,$E3,$E3,$E3,$E3,$E3
  76+ 6A04 E3 E3 02 02
  76+ 6A08 02 02 E3 E3
  76+ 6A0C E3 E3 E3 E3
  76+ 6A10 E3 E3 E3 E3
  76+ 6A14 E3 02 02 02
  76+ 6A18 02 02 03 E3
  76+ 6A1C E3 E3 E3 E3
  77+ 6A20 E3 E3 E3 E3  DB $E3,$E3,$E3,$E3,$02,$02,$02,$02,$02,$02,$02,$03,$E3,$E3,$E3,$E3,$E3,$E3,$E3,$E3,$02,$02,$01,$02,$02,$01,$02,$03,$E3,$E3,$E3,$E3
  77+ 6A24 02 02 02 02
  77+ 6A28 02 02 02 03
  77+ 6A2C E3 E3 E3 E3
  77+ 6A30 E3 E3 E3 E3
  77+ 6A34 02 02 01 02
  77+ 6A38 02 01 02 03
  77+ 6A3C E3 E3 E3 E3
  78+ 6A40 E3 E3 E3 E3  DB $E3,$E3,$E3,$E3,$02,$02,$01,$02,$02,$01,$02,$03,$E3,$E3,$E3,$E3,$E3,$E3,$E3,$E3,$E3,$02,$02,$03,$03,$02,$03,$E3,$E3,$E3,$E3,$E3
  78+ 6A44 02 02 01 02
  78+ 6A48 02 01 02 03
  78+ 6A4C E3 E3 E3 E3
  78+ 6A50 E3 E3 E3 E3
  78+ 6A54 E3 02 02 03
  78+ 6A58 03 02 03 E3
  78+ 6A5C E3 E3 E3 E3
  79+ 6A60 E3 E3 E3 E3  DB $E3,$E3,$E3,$E3,$04,$04,$03,$03,$03,$03,$04,$05,$E3,$E3,$E3,$E3,$E3,$E3,$E3,$04,$04,$04,$04,$04,$04,$04,$04,$04,$05,$E3,$E3,$E3
  79+ 6A64 04 04 03 03
  79+ 6A68 03 03 04 05
  79+ 6A6C E3 E3 E3 E3
  79+ 6A70 E3 E3 E3 04
  79+ 6A74 04 04 04 04
  79+ 6A78 04 04 04 04
  79+ 6A7C 05 E3 E3 E3
  80+ 6A80 E3 E3 E3 04  DB $E3,$E3,$E3,$04,$05,$04,$04,$04,$04,$04,$05,$04,$05,$E3,$E3,$E3,$E3,$E3,$E3,$04,$05,$04,$04,$04,$04,$04,$05,$04,$05,$E3,$E3,$E3
  80+ 6A84 05 04 04 04
  80+ 6A88 04 04 05 04
  80+ 6A8C 05 E3 E3 E3
  80+ 6A90 E3 E3 E3 04
  80+ 6A94 05 04 04 04
  80+ 6A98 04 04 05 04
  80+ 6A9C 05 E3 E3 E3
  81+ 6AA0 E3 E3 E3 02  DB $E3,$E3,$E3,$02,$03,$04,$06,$06,$06,$04,$05,$02,$03,$E3,$E3,$E3,$E3,$E3,$E3,$03,$03,$06,$06,$01,$06,$06,$01,$03,$03,$E3,$E3,$E3
  81+ 6AA4 03 04 06 06
  81+ 6AA8 06 04 05 02
  81+ 6AAC 03 E3 E3 E3
  81+ 6AB0 E3 E3 E3 03
  81+ 6AB4 03 06 06 01
  81+ 6AB8 06 06 01 03
  81+ 6ABC 03 E3 E3 E3
  82+ 6AC0 E3 E3 E3 E3  DB $E3,$E3,$E3,$E3,$E3,$06,$06,$01,$06,$06,$01,$E3,$E3,$E3,$E3,$E3,$E3,$E3,$E3,$E3,$05,$05,$05,$01,$05,$05,$05,$01,$E3,$E3,$E3,$E3
  82+ 6AC4 E3 06 06 01
  82+ 6AC8 06 06 01 E3
  82+ 6ACC E3 E3 E3 E3
  82+ 6AD0 E3 E3 E3 E3
  82+ 6AD4 05 05 05 01
  82+ 6AD8 05 05 05 01
  82+ 6ADC E3 E3 E3 E3
  83+ 6AE0 E3 E3 E3 E3  DB $E3,$E3,$E3,$E3,$01,$01,$01,$01,$01,$01,$01,$01,$E3,$E3,$E3,$E3,$E3,$E3,$E3,$E3,$E3,$E3,$E3,$E3,$E3,$E3,$E3,$E3,$E3,$E3,$E3,$E3
  83+ 6AE4 01 01 01 01
  83+ 6AE8 01 01 01 01
  83+ 6AEC E3 E3 E3 E3
  83+ 6AF0 E3 E3 E3 E3
  83+ 6AF4 E3 E3 E3 E3
  83+ 6AF8 E3 E3 E3 E3
  83+ 6AFC E3 E3 E3 E3
  84+ 6B00              ; Sprite005
  85+ 6B00 E3 E3 E3 E3  DB $E3,$E3,$E3,$E3,$E3,$E3,$E3,$E3,$E3,$E3,$E3,$E3,$E3,$E3,$E3,$E3,$E3,$E3,$E3,$E3,$E3,$E3,$02,$02,$02,$02,$E3,$E3,$E3,$E3,$E3,$E3
  85+ 6B04 E3 E3 E3 E3
  85+ 6B08 E3 E3 E3 E3
  85+ 6B0C E3 E3 E3 E3
  85+ 6B10 E3 E3 E3 E3
  85+ 6B14 E3 E3 02 02
  85+ 6B18 02 02 E3 E3
  85+ 6B1C E3 E3 E3 E3
  86+ 6B20 E3 E3 E3 E3  DB $E3,$E3,$E3,$E3,$E3,$02,$02,$02,$02,$02,$03,$E3,$E3,$E3,$E3,$E3,$E3,$E3,$E3,$E3,$02,$02,$02,$02,$02,$02,$02,$03,$E3,$E3,$E3,$E3
  86+ 6B24 E3 02 02 02
  86+ 6B28 02 02 03 E3
  86+ 6B2C E3 E3 E3 E3
  86+ 6B30 E3 E3 E3 E3
  86+ 6B34 02 02 02 02
  86+ 6B38 02 02 02 03
  86+ 6B3C E3 E3 E3 E3
  87+ 6B40 E3 E3 E3 E3  DB $E3,$E3,$E3,$E3,$02,$02,$01,$02,$02,$01,$02,$03,$E3,$E3,$E3,$E3,$E3,$E3,$E3,$E3,$02,$02,$01,$02,$02,$01,$02,$03,$E3,$E3,$E3,$E3
  87+ 6B44 02 02 01 02
  87+ 6B48 02 01 02 03
  87+ 6B4C E3 E3 E3 E3
  87+ 6B50 E3 E3 E3 E3
  87+ 6B54 02 02 01 02
  87+ 6B58 02 01 02 03
  87+ 6B5C E3 E3 E3 E3
  88+ 6B60 E3 E3 E3 E3  DB $E3,$E3,$E3,$E3,$E3,$02,$02,$03,$03,$02,$03,$E3,$E3,$E3,$E3,$E3,$E3,$E3,$E3,$E3,$04,$04,$03,$03,$03,$03,$04,$05,$E3,$E3,$E3,$E3
  88+ 6B64 E3 02 02 03
  88+ 6B68 03 02 03 E3
  88+ 6B6C E3 E3 E3 E3
  88+ 6B70 E3 E3 E3 E3
  88+ 6B74 04 04 03 03
  88+ 6B78 03 03 04 05
  88+ 6B7C E3 E3 E3 E3
  89+ 6B80 E3 E3 E3 04  DB $E3,$E3,$E3,$04,$04,$04,$04,$04,$04,$04,$04,$04,$05,$E3,$E3,$E3,$E3,$E3,$E3,$04,$05,$04,$04,$04,$04,$04,$05,$04,$05,$E3,$E3,$E3
  89+ 6B84 04 04 04 04
  89+ 6B88 04 04 04 04
  89+ 6B8C 05 E3 E3 E3
  89+ 6B90 E3 E3 E3 04
  89+ 6B94 05 04 04 04
  89+ 6B98 04 04 05 04
  89+ 6B9C 05 E3 E3 E3
  90+ 6BA0 E3 E3 E3 02  DB $E3,$E3,$E3,$02,$03,$04,$04,$04,$04,$05,$02,$02,$05,$E3,$E3,$E3,$E3,$E3,$E3,$03,$03,$04,$06,$06,$06,$06,$02,$02,$05,$E3,$E3,$E3
  90+ 6BA4 03 04 04 04
  90+ 6BA8 04 05 02 02
  90+ 6BAC 05 E3 E3 E3
  90+ 6BB0 E3 E3 E3 03
  90+ 6BB4 03 04 06 06
  90+ 6BB8 06 06 02 02
  90+ 6BBC 05 E3 E3 E3
  91+ 6BC0 E3 E3 E3 E3  DB $E3,$E3,$E3,$E3,$E3,$01,$01,$01,$06,$06,$01,$E3,$E3,$E3,$E3,$E3,$E3,$E3,$E3,$E3,$E3,$01,$01,$01,$05,$05,$01,$E3,$E3,$E3,$E3,$E3
  91+ 6BC4 E3 01 01 01
  91+ 6BC8 06 06 01 E3
  91+ 6BCC E3 E3 E3 E3
  91+ 6BD0 E3 E3 E3 E3
  91+ 6BD4 E3 01 01 01
  91+ 6BD8 05 05 01 E3
  91+ 6BDC E3 E3 E3 E3
  92+ 6BE0 E3 E3 E3 E3  DB $E3,$E3,$E3,$E3,$E3,$E3,$E3,$E3,$01,$01,$01,$01,$E3,$E3,$E3,$E3,$E3,$E3,$E3,$E3,$E3,$E3,$E3,$E3,$E3,$E3,$E3,$E3,$E3,$E3,$E3,$E3
  92+ 6BE4 E3 E3 E3 E3
  92+ 6BE8 01 01 01 01
  92+ 6BEC E3 E3 E3 E3
  92+ 6BF0 E3 E3 E3 E3
  92+ 6BF4 E3 E3 E3 E3
  92+ 6BF8 E3 E3 E3 E3
  92+ 6BFC E3 E3 E3 E3
  93+ 6C00              ; Sprite006
  94+ 6C00 E3 E3 E3 E3  DB $E3,$E3,$E3,$E3,$E3,$E3,$02,$02,$02,$02,$E3,$E3,$E3,$E3,$E3,$E3,$E3,$E3,$E3,$E3,$E3,$02,$02,$02,$02,$02,$03,$E3,$E3,$E3,$E3,$E3
  94+ 6C04 E3 E3 02 02
  94+ 6C08 02 02 E3 E3
  94+ 6C0C E3 E3 E3 E3
  94+ 6C10 E3 E3 E3 E3
  94+ 6C14 E3 02 02 02
  94+ 6C18 02 02 03 E3
  94+ 6C1C E3 E3 E3 E3
  95+ 6C20 E3 E3 E3 E3  DB $E3,$E3,$E3,$E3,$02,$02,$02,$02,$02,$02,$02,$03,$E3,$E3,$E3,$E3,$E3,$E3,$E3,$E3,$02,$02,$01,$02,$02,$01,$02,$03,$E3,$E3,$E3,$E3
  95+ 6C24 02 02 02 02
  95+ 6C28 02 02 02 03
  95+ 6C2C E3 E3 E3 E3
  95+ 6C30 E3 E3 E3 E3
  95+ 6C34 02 02 01 02
  95+ 6C38 02 01 02 03
  95+ 6C3C E3 E3 E3 E3
  96+ 6C40 E3 E3 E3 E3  DB $E3,$E3,$E3,$E3,$02,$02,$01,$02,$02,$01,$02,$03,$E3,$E3,$E3,$E3,$E3,$E3,$E3,$E3,$E3,$02,$02,$03,$03,$02,$03,$E3,$E3,$E3,$E3,$E3
  96+ 6C44 02 02 01 02
  96+ 6C48 02 01 02 03
  96+ 6C4C E3 E3 E3 E3
  96+ 6C50 E3 E3 E3 E3
  96+ 6C54 E3 02 02 03
  96+ 6C58 03 02 03 E3
  96+ 6C5C E3 E3 E3 E3
  97+ 6C60 E3 E3 E3 E3  DB $E3,$E3,$E3,$E3,$04,$04,$03,$03,$03,$03,$04,$05,$E3,$E3,$E3,$E3,$E3,$E3,$E3,$04,$04,$04,$04,$04,$04,$04,$04,$04,$05,$E3,$E3,$E3
  97+ 6C64 04 04 03 03
  97+ 6C68 03 03 04 05
  97+ 6C6C E3 E3 E3 E3
  97+ 6C70 E3 E3 E3 04
  97+ 6C74 04 04 04 04
  97+ 6C78 04 04 04 04
  97+ 6C7C 05 E3 E3 E3
  98+ 6C80 E3 E3 E3 04  DB $E3,$E3,$E3,$04,$05,$04,$04,$04,$04,$04,$05,$04,$05,$E3,$E3,$E3,$E3,$E3,$E3,$04,$05,$04,$04,$04,$04,$04,$05,$04,$05,$E3,$E3,$E3
  98+ 6C84 05 04 04 04
  98+ 6C88 04 04 05 04
  98+ 6C8C 05 E3 E3 E3
  98+ 6C90 E3 E3 E3 04
  98+ 6C94 05 04 04 04
  98+ 6C98 04 04 05 04
  98+ 6C9C 05 E3 E3 E3
  99+ 6CA0 E3 E3 E3 02  DB $E3,$E3,$E3,$02,$03,$04,$06,$06,$06,$04,$05,$02,$03,$E3,$E3,$E3,$E3,$E3,$E3,$03,$03,$06,$06,$01,$06,$06,$01,$03,$03,$E3,$E3,$E3
  99+ 6CA4 03 04 06 06
  99+ 6CA8 06 04 05 02
  99+ 6CAC 03 E3 E3 E3
  99+ 6CB0 E3 E3 E3 03
  99+ 6CB4 03 06 06 01
  99+ 6CB8 06 06 01 03
  99+ 6CBC 03 E3 E3 E3
 100+ 6CC0 E3 E3 E3 E3  DB $E3,$E3,$E3,$E3,$E3,$06,$06,$01,$06,$06,$01,$E3,$E3,$E3,$E3,$E3,$E3,$E3,$E3,$E3,$05,$05,$05,$01,$05,$05,$05,$01,$E3,$E3,$E3,$E3
 100+ 6CC4 E3 06 06 01
 100+ 6CC8 06 06 01 E3
 100+ 6CCC E3 E3 E3 E3
 100+ 6CD0 E3 E3 E3 E3
 100+ 6CD4 05 05 05 01
 100+ 6CD8 05 05 05 01
 100+ 6CDC E3 E3 E3 E3
 101+ 6CE0 E3 E3 E3 E3  DB $E3,$E3,$E3,$E3,$01,$01,$01,$01,$01,$01,$01,$01,$E3,$E3,$E3,$E3,$E3,$E3,$E3,$E3,$E3,$E3,$E3,$E3,$E3,$E3,$E3,$E3,$E3,$E3,$E3,$E3
 101+ 6CE4 01 01 01 01
 101+ 6CE8 01 01 01 01
 101+ 6CEC E3 E3 E3 E3
 101+ 6CF0 E3 E3 E3 E3
 101+ 6CF4 E3 E3 E3 E3
 101+ 6CF8 E3 E3 E3 E3
 101+ 6CFC E3 E3 E3 E3
 102+ 6D00              ; Sprite007
 103+ 6D00 E3 E3 E3 E3  DB $E3,$E3,$E3,$E3,$E3,$E3,$E3,$E3,$E3,$E3,$E3,$E3,$E3,$E3,$E3,$E3,$E3,$E3,$E3,$E3,$E3,$E3,$02,$02,$02,$02,$E3,$E3,$E3,$E3,$E3,$E3
 103+ 6D04 E3 E3 E3 E3
 103+ 6D08 E3 E3 E3 E3
 103+ 6D0C E3 E3 E3 E3
 103+ 6D10 E3 E3 E3 E3
 103+ 6D14 E3 E3 02 02
 103+ 6D18 02 02 E3 E3
 103+ 6D1C E3 E3 E3 E3
 104+ 6D20 E3 E3 E3 E3  DB $E3,$E3,$E3,$E3,$E3,$02,$02,$02,$02,$02,$03,$E3,$E3,$E3,$E3,$E3,$E3,$E3,$E3,$E3,$02,$02,$02,$02,$02,$02,$02,$03,$E3,$E3,$E3,$E3
 104+ 6D24 E3 02 02 02
 104+ 6D28 02 02 03 E3
 104+ 6D2C E3 E3 E3 E3
 104+ 6D30 E3 E3 E3 E3
 104+ 6D34 02 02 02 02
 104+ 6D38 02 02 02 03
 104+ 6D3C E3 E3 E3 E3
 105+ 6D40 E3 E3 E3 E3  DB $E3,$E3,$E3,$E3,$02,$02,$01,$02,$02,$01,$02,$03,$E3,$E3,$E3,$E3,$E3,$E3,$E3,$E3,$02,$02,$01,$02,$02,$01,$02,$03,$E3,$E3,$E3,$E3
 105+ 6D44 02 02 01 02
 105+ 6D48 02 01 02 03
 105+ 6D4C E3 E3 E3 E3
 105+ 6D50 E3 E3 E3 E3
 105+ 6D54 02 02 01 02
 105+ 6D58 02 01 02 03
 105+ 6D5C E3 E3 E3 E3
 106+ 6D60 E3 E3 E3 E3  DB $E3,$E3,$E3,$E3,$E3,$02,$02,$03,$03,$02,$03,$E3,$E3,$E3,$E3,$E3,$E3,$E3,$E3,$E3,$04,$04,$03,$03,$03,$03,$04,$05,$E3,$E3,$E3,$E3
 106+ 6D64 E3 02 02 03
 106+ 6D68 03 02 03 E3
 106+ 6D6C E3 E3 E3 E3
 106+ 6D70 E3 E3 E3 E3
 106+ 6D74 04 04 03 03
 106+ 6D78 03 03 04 05
 106+ 6D7C E3 E3 E3 E3
 107+ 6D80 E3 E3 E3 04  DB $E3,$E3,$E3,$04,$04,$04,$04,$04,$04,$04,$04,$04,$05,$E3,$E3,$E3,$E3,$E3,$E3,$04,$04,$05,$04,$04,$04,$04,$05,$04,$05,$E3,$E3,$E3
 107+ 6D84 04 04 04 04
 107+ 6D88 04 04 04 04
 107+ 6D8C 05 E3 E3 E3
 107+ 6D90 E3 E3 E3 04
 107+ 6D94 04 05 04 04
 107+ 6D98 04 04 05 04
 107+ 6D9C 05 E3 E3 E3
 108+ 6DA0 E3 E3 E3 04  DB $E3,$E3,$E3,$04,$02,$02,$05,$04,$04,$04,$05,$02,$03,$E3,$E3,$E3,$E3,$E3,$E3,$04,$02,$02,$06,$06,$06,$04,$05,$03,$03,$E3,$E3,$E3
 108+ 6DA4 02 02 05 04
 108+ 6DA8 04 04 05 02
 108+ 6DAC 03 E3 E3 E3
 108+ 6DB0 E3 E3 E3 04
 108+ 6DB4 02 02 06 06
 108+ 6DB8 06 04 05 03
 108+ 6DBC 03 E3 E3 E3
 109+ 6DC0 E3 E3 E3 E3  DB $E3,$E3,$E3,$E3,$E3,$06,$06,$06,$01,$01,$01,$E3,$E3,$E3,$E3,$E3,$E3,$E3,$E3,$E3,$E3,$05,$05,$05,$01,$01,$01,$E3,$E3,$E3,$E3,$E3
 109+ 6DC4 E3 06 06 06
 109+ 6DC8 01 01 01 E3
 109+ 6DCC E3 E3 E3 E3
 109+ 6DD0 E3 E3 E3 E3
 109+ 6DD4 E3 05 05 05
 109+ 6DD8 01 01 01 E3
 109+ 6DDC E3 E3 E3 E3
 110+ 6DE0 E3 E3 E3 E3  DB $E3,$E3,$E3,$E3,$01,$01,$01,$01,$E3,$E3,$E3,$E3,$E3,$E3,$E3,$E3,$E3,$E3,$E3,$E3,$E3,$E3,$E3,$E3,$E3,$E3,$E3,$E3,$E3,$E3,$E3,$E3
 110+ 6DE4 01 01 01 01
 110+ 6DE8 E3 E3 E3 E3
 110+ 6DEC E3 E3 E3 E3
 110+ 6DF0 E3 E3 E3 E3
 110+ 6DF4 E3 E3 E3 E3
 110+ 6DF8 E3 E3 E3 E3
 110+ 6DFC E3 E3 E3 E3
 111+ 6E00              ; Sprite008
 112+ 6E00 E3 E3 E3 E3  DB $E3,$E3,$E3,$E3,$E3,$E3,$02,$02,$02,$03,$E3,$E3,$E3,$E3,$E3,$E3,$E3,$E3,$E3,$E3,$E3,$02,$02,$02,$02,$02,$03,$E3,$E3,$E3,$E3,$E3
 112+ 6E04 E3 E3 02 02
 112+ 6E08 02 03 E3 E3
 112+ 6E0C E3 E3 E3 E3
 112+ 6E10 E3 E3 E3 E3
 112+ 6E14 E3 02 02 02
 112+ 6E18 02 02 03 E3
 112+ 6E1C E3 E3 E3 E3
 113+ 6E20 E3 E3 E3 E3  DB $E3,$E3,$E3,$E3,$02,$02,$02,$02,$02,$02,$02,$E3,$E3,$E3,$E3,$E3,$E3,$E3,$E3,$E3,$02,$02,$02,$02,$02,$01,$02,$E3,$E3,$E3,$E3,$E3
 113+ 6E24 02 02 02 02
 113+ 6E28 02 02 02 E3
 113+ 6E2C E3 E3 E3 E3
 113+ 6E30 E3 E3 E3 E3
 113+ 6E34 02 02 02 02
 113+ 6E38 02 01 02 E3
 113+ 6E3C E3 E3 E3 E3
 114+ 6E40 E3 E3 E3 E3  DB $E3,$E3,$E3,$E3,$02,$02,$02,$02,$02,$01,$02,$03,$E3,$E3,$E3,$E3,$E3,$E3,$E3,$E3,$E3,$02,$02,$02,$02,$02,$03,$E3,$E3,$E3,$E3,$E3
 114+ 6E44 02 02 02 02
 114+ 6E48 02 01 02 03
 114+ 6E4C E3 E3 E3 E3
 114+ 6E50 E3 E3 E3 E3
 114+ 6E54 E3 02 02 02
 114+ 6E58 02 02 03 E3
 114+ 6E5C E3 E3 E3 E3
 115+ 6E60 E3 E3 E3 E3  DB $E3,$E3,$E3,$E3,$E3,$E3,$03,$03,$03,$03,$E3,$E3,$E3,$E3,$E3,$E3,$E3,$E3,$E3,$E3,$E3,$E3,$04,$04,$05,$05,$E3,$E3,$E3,$E3,$E3,$E3
 115+ 6E64 E3 E3 03 03
 115+ 6E68 03 03 E3 E3
 115+ 6E6C E3 E3 E3 E3
 115+ 6E70 E3 E3 E3 E3
 115+ 6E74 E3 E3 04 04
 115+ 6E78 05 05 E3 E3
 115+ 6E7C E3 E3 E3 E3
 116+ 6E80 E3 E3 E3 E3  DB $E3,$E3,$E3,$E3,$E3,$E3,$04,$04,$05,$05,$E3,$E3,$E3,$E3,$E3,$E3,$E3,$E3,$E3,$E3,$E3,$E3,$04,$04,$05,$05,$E3,$E3,$E3,$E3,$E3,$E3
 116+ 6E84 E3 E3 04 04
 116+ 6E88 05 05 E3 E3
 116+ 6E8C E3 E3 E3 E3
 116+ 6E90 E3 E3 E3 E3
 116+ 6E94 E3 E3 04 04
 116+ 6E98 05 05 E3 E3
 116+ 6E9C E3 E3 E3 E3
 117+ 6EA0 E3 E3 E3 E3  DB $E3,$E3,$E3,$E3,$E3,$E3,$04,$02,$03,$01,$E3,$E3,$E3,$E3,$E3,$E3,$E3,$E3,$E3,$E3,$E3,$E3,$06,$02,$03,$01,$E3,$E3,$E3,$E3,$E3,$E3
 117+ 6EA4 E3 E3 04 02
 117+ 6EA8 03 01 E3 E3
 117+ 6EAC E3 E3 E3 E3
 117+ 6EB0 E3 E3 E3 E3
 117+ 6EB4 E3 E3 06 02
 117+ 6EB8 03 01 E3 E3
 117+ 6EBC E3 E3 E3 E3
 118+ 6EC0 E3 E3 E3 E3  DB $E3,$E3,$E3,$E3,$E3,$E3,$06,$06,$06,$01,$E3,$E3,$E3,$E3,$E3,$E3,$E3,$E3,$E3,$E3,$E3,$E3,$05,$05,$05,$05,$01,$E3,$E3,$E3,$E3,$E3
 118+ 6EC4 E3 E3 06 06
 118+ 6EC8 06 01 E3 E3
 118+ 6ECC E3 E3 E3 E3
 118+ 6ED0 E3 E3 E3 E3
 118+ 6ED4 E3 E3 05 05
 118+ 6ED8 05 05 01 E3
 118+ 6EDC E3 E3 E3 E3
 119+ 6EE0 E3 E3 E3 E3  DB $E3,$E3,$E3,$E3,$E3,$E3,$01,$01,$01,$01,$01,$E3,$E3,$E3,$E3,$E3,$E3,$E3,$E3,$E3,$E3,$E3,$E3,$E3,$E3,$E3,$E3,$E3,$E3,$E3,$E3,$E3
 119+ 6EE4 E3 E3 01 01
 119+ 6EE8 01 01 01 E3
 119+ 6EEC E3 E3 E3 E3
 119+ 6EF0 E3 E3 E3 E3
 119+ 6EF4 E3 E3 E3 E3
 119+ 6EF8 E3 E3 E3 E3
 119+ 6EFC E3 E3 E3 E3
 120+ 6F00              ; Sprite009
 121+ 6F00 E3 E3 E3 E3  DB $E3,$E3,$E3,$E3,$E3,$E3,$E3,$E3,$E3,$E3,$E3,$E3,$E3,$E3,$E3,$E3,$E3,$E3,$E3,$E3,$E3,$E3,$02,$02,$02,$03,$E3,$E3,$E3,$E3,$E3,$E3
 121+ 6F04 E3 E3 E3 E3
 121+ 6F08 E3 E3 E3 E3
 121+ 6F0C E3 E3 E3 E3
 121+ 6F10 E3 E3 E3 E3
 121+ 6F14 E3 E3 02 02
 121+ 6F18 02 03 E3 E3
 121+ 6F1C E3 E3 E3 E3
 122+ 6F20 E3 E3 E3 E3  DB $E3,$E3,$E3,$E3,$E3,$02,$02,$02,$02,$02,$03,$E3,$E3,$E3,$E3,$E3,$E3,$E3,$E3,$E3,$02,$02,$02,$02,$02,$02,$02,$E3,$E3,$E3,$E3,$E3
 122+ 6F24 E3 02 02 02
 122+ 6F28 02 02 03 E3
 122+ 6F2C E3 E3 E3 E3
 122+ 6F30 E3 E3 E3 E3
 122+ 6F34 02 02 02 02
 122+ 6F38 02 02 02 E3
 122+ 6F3C E3 E3 E3 E3
 123+ 6F40 E3 E3 E3 E3  DB $E3,$E3,$E3,$E3,$02,$02,$02,$02,$02,$01,$02,$E3,$E3,$E3,$E3,$E3,$E3,$E3,$E3,$E3,$02,$02,$02,$02,$02,$01,$02,$03,$E3,$E3,$E3,$E3
 123+ 6F44 02 02 02 02
 123+ 6F48 02 01 02 E3
 123+ 6F4C E3 E3 E3 E3
 123+ 6F50 E3 E3 E3 E3
 123+ 6F54 02 02 02 02
 123+ 6F58 02 01 02 03
 123+ 6F5C E3 E3 E3 E3
 124+ 6F60 E3 E3 E3 E3  DB $E3,$E3,$E3,$E3,$E3,$02,$02,$02,$02,$02,$03,$E3,$E3,$E3,$E3,$E3,$E3,$E3,$E3,$E3,$E3,$E3,$03,$03,$03,$03,$E3,$E3,$E3,$E3,$E3,$E3
 124+ 6F64 E3 02 02 02
 124+ 6F68 02 02 03 E3
 124+ 6F6C E3 E3 E3 E3
 124+ 6F70 E3 E3 E3 E3
 124+ 6F74 E3 E3 03 03
 124+ 6F78 03 03 E3 E3
 124+ 6F7C E3 E3 E3 E3
 125+ 6F80 E3 E3 E3 E3  DB $E3,$E3,$E3,$E3,$E3,$04,$04,$04,$04,$04,$05,$E3,$E3,$E3,$E3,$E3,$E3,$E3,$E3,$E3,$02,$04,$04,$04,$04,$02,$02,$03,$E3,$E3,$E3,$E3
 125+ 6F84 E3 04 04 04
 125+ 6F88 04 04 05 E3
 125+ 6F8C E3 E3 E3 E3
 125+ 6F90 E3 E3 E3 E3
 125+ 6F94 02 04 04 04
 125+ 6F98 04 02 02 03
 125+ 6F9C E3 E3 E3 E3
 126+ 6FA0 E3 E3 E3 E3  DB $E3,$E3,$E3,$E3,$02,$04,$04,$04,$05,$02,$02,$03,$E3,$E3,$E3,$E3,$E3,$E3,$E3,$E3,$E3,$06,$06,$06,$06,$06,$01,$E3,$E3,$E3,$E3,$E3
 126+ 6FA4 02 04 04 04
 126+ 6FA8 05 02 02 03
 126+ 6FAC E3 E3 E3 E3
 126+ 6FB0 E3 E3 E3 E3
 126+ 6FB4 E3 06 06 06
 126+ 6FB8 06 06 01 E3
 126+ 6FBC E3 E3 E3 E3
 127+ 6FC0 E3 E3 E3 E3  DB $E3,$E3,$E3,$E3,$05,$05,$01,$01,$01,$06,$06,$01,$E3,$E3,$E3,$E3,$E3,$E3,$E3,$E3,$05,$05,$01,$E3,$E3,$05,$05,$05,$01,$E3,$E3,$E3
 127+ 6FC4 05 05 01 01
 127+ 6FC8 01 06 06 01
 127+ 6FCC E3 E3 E3 E3
 127+ 6FD0 E3 E3 E3 E3
 127+ 6FD4 05 05 01 E3
 127+ 6FD8 E3 05 05 05
 127+ 6FDC 01 E3 E3 E3
 128+ 6FE0 E3 E3 E3 E3  DB $E3,$E3,$E3,$E3,$01,$01,$01,$E3,$E3,$01,$01,$01,$01,$E3,$E3,$E3,$E3,$E3,$E3,$E3,$E3,$E3,$E3,$E3,$E3,$E3,$E3,$E3,$E3,$E3,$E3,$E3
 128+ 6FE4 01 01 01 E3
 128+ 6FE8 E3 01 01 01
 128+ 6FEC 01 E3 E3 E3
 128+ 6FF0 E3 E3 E3 E3
 128+ 6FF4 E3 E3 E3 E3
 128+ 6FF8 E3 E3 E3 E3
 128+ 6FFC E3 E3 E3 E3
 129+ 7000              ; Sprite010
 130+ 7000 E3 E3 E3 E3  DB $E3,$E3,$E3,$E3,$E3,$E3,$02,$02,$02,$03,$E3,$E3,$E3,$E3,$E3,$E3,$E3,$E3,$E3,$E3,$E3,$02,$02,$02,$02,$02,$03,$E3,$E3,$E3,$E3,$E3
 130+ 7004 E3 E3 02 02
 130+ 7008 02 03 E3 E3
 130+ 700C E3 E3 E3 E3
 130+ 7010 E3 E3 E3 E3
 130+ 7014 E3 02 02 02
 130+ 7018 02 02 03 E3
 130+ 701C E3 E3 E3 E3
 131+ 7020 E3 E3 E3 E3  DB $E3,$E3,$E3,$E3,$02,$02,$02,$02,$02,$02,$02,$E3,$E3,$E3,$E3,$E3,$E3,$E3,$E3,$E3,$02,$02,$02,$02,$02,$01,$02,$E3,$E3,$E3,$E3,$E3
 131+ 7024 02 02 02 02
 131+ 7028 02 02 02 E3
 131+ 702C E3 E3 E3 E3
 131+ 7030 E3 E3 E3 E3
 131+ 7034 02 02 02 02
 131+ 7038 02 01 02 E3
 131+ 703C E3 E3 E3 E3
 132+ 7040 E3 E3 E3 E3  DB $E3,$E3,$E3,$E3,$02,$02,$02,$02,$02,$01,$02,$03,$E3,$E3,$E3,$E3,$E3,$E3,$E3,$E3,$E3,$02,$02,$02,$02,$02,$03,$E3,$E3,$E3,$E3,$E3
 132+ 7044 02 02 02 02
 132+ 7048 02 01 02 03
 132+ 704C E3 E3 E3 E3
 132+ 7050 E3 E3 E3 E3
 132+ 7054 E3 02 02 02
 132+ 7058 02 02 03 E3
 132+ 705C E3 E3 E3 E3
 133+ 7060 E3 E3 E3 E3  DB $E3,$E3,$E3,$E3,$E3,$E3,$03,$03,$03,$03,$E3,$E3,$E3,$E3,$E3,$E3,$E3,$E3,$E3,$E3,$E3,$E3,$04,$04,$05,$05,$E3,$E3,$E3,$E3,$E3,$E3
 133+ 7064 E3 E3 03 03
 133+ 7068 03 03 E3 E3
 133+ 706C E3 E3 E3 E3
 133+ 7070 E3 E3 E3 E3
 133+ 7074 E3 E3 04 04
 133+ 7078 05 05 E3 E3
 133+ 707C E3 E3 E3 E3
 134+ 7080 E3 E3 E3 E3  DB $E3,$E3,$E3,$E3,$E3,$E3,$04,$04,$05,$05,$E3,$E3,$E3,$E3,$E3,$E3,$E3,$E3,$E3,$E3,$E3,$E3,$04,$04,$05,$05,$E3,$E3,$E3,$E3,$E3,$E3
 134+ 7084 E3 E3 04 04
 134+ 7088 05 05 E3 E3
 134+ 708C E3 E3 E3 E3
 134+ 7090 E3 E3 E3 E3
 134+ 7094 E3 E3 04 04
 134+ 7098 05 05 E3 E3
 134+ 709C E3 E3 E3 E3
 135+ 70A0 E3 E3 E3 E3  DB $E3,$E3,$E3,$E3,$E3,$E3,$04,$02,$03,$01,$E3,$E3,$E3,$E3,$E3,$E3,$E3,$E3,$E3,$E3,$E3,$E3,$06,$02,$03,$01,$E3,$E3,$E3,$E3,$E3,$E3
 135+ 70A4 E3 E3 04 02
 135+ 70A8 03 01 E3 E3
 135+ 70AC E3 E3 E3 E3
 135+ 70B0 E3 E3 E3 E3
 135+ 70B4 E3 E3 06 02
 135+ 70B8 03 01 E3 E3
 135+ 70BC E3 E3 E3 E3
 136+ 70C0 E3 E3 E3 E3  DB $E3,$E3,$E3,$E3,$E3,$E3,$06,$06,$06,$01,$E3,$E3,$E3,$E3,$E3,$E3,$E3,$E3,$E3,$E3,$E3,$E3,$05,$05,$05,$05,$01,$E3,$E3,$E3,$E3,$E3
 136+ 70C4 E3 E3 06 06
 136+ 70C8 06 01 E3 E3
 136+ 70CC E3 E3 E3 E3
 136+ 70D0 E3 E3 E3 E3
 136+ 70D4 E3 E3 05 05
 136+ 70D8 05 05 01 E3
 136+ 70DC E3 E3 E3 E3
 137+ 70E0 E3 E3 E3 E3  DB $E3,$E3,$E3,$E3,$E3,$E3,$01,$01,$01,$01,$01,$E3,$E3,$E3,$E3,$E3,$E3,$E3,$E3,$E3,$E3,$E3,$E3,$E3,$E3,$E3,$E3,$E3,$E3,$E3,$E3,$E3
 137+ 70E4 E3 E3 01 01
 137+ 70E8 01 01 01 E3
 137+ 70EC E3 E3 E3 E3
 137+ 70F0 E3 E3 E3 E3
 137+ 70F4 E3 E3 E3 E3
 137+ 70F8 E3 E3 E3 E3
 137+ 70FC E3 E3 E3 E3
 138+ 7100              ; Sprite011
 139+ 7100 E3 E3 E3 E3  DB $E3,$E3,$E3,$E3,$E3,$E3,$E3,$E3,$E3,$E3,$E3,$E3,$E3,$E3,$E3,$E3,$E3,$E3,$E3,$E3,$E3,$E3,$02,$02,$02,$03,$E3,$E3,$E3,$E3,$E3,$E3
 139+ 7104 E3 E3 E3 E3
 139+ 7108 E3 E3 E3 E3
 139+ 710C E3 E3 E3 E3
 139+ 7110 E3 E3 E3 E3
 139+ 7114 E3 E3 02 02
 139+ 7118 02 03 E3 E3
 139+ 711C E3 E3 E3 E3
 140+ 7120 E3 E3 E3 E3  DB $E3,$E3,$E3,$E3,$E3,$02,$02,$02,$02,$02,$03,$E3,$E3,$E3,$E3,$E3,$E3,$E3,$E3,$E3,$02,$02,$02,$02,$02,$02,$02,$E3,$E3,$E3,$E3,$E3
 140+ 7124 E3 02 02 02
 140+ 7128 02 02 03 E3
 140+ 712C E3 E3 E3 E3
 140+ 7130 E3 E3 E3 E3
 140+ 7134 02 02 02 02
 140+ 7138 02 02 02 E3
 140+ 713C E3 E3 E3 E3
 141+ 7140 E3 E3 E3 E3  DB $E3,$E3,$E3,$E3,$02,$02,$02,$02,$02,$01,$02,$E3,$E3,$E3,$E3,$E3,$E3,$E3,$E3,$E3,$02,$02,$02,$02,$02,$01,$02,$03,$E3,$E3,$E3,$E3
 141+ 7144 02 02 02 02
 141+ 7148 02 01 02 E3
 141+ 714C E3 E3 E3 E3
 141+ 7150 E3 E3 E3 E3
 141+ 7154 02 02 02 02
 141+ 7158 02 01 02 03
 141+ 715C E3 E3 E3 E3
 142+ 7160 E3 E3 E3 E3  DB $E3,$E3,$E3,$E3,$E3,$02,$02,$02,$02,$02,$03,$E3,$E3,$E3,$E3,$E3,$E3,$E3,$E3,$E3,$E3,$E3,$03,$03,$03,$03,$E3,$E3,$E3,$E3,$E3,$E3
 142+ 7164 E3 02 02 02
 142+ 7168 02 02 03 E3
 142+ 716C E3 E3 E3 E3
 142+ 7170 E3 E3 E3 E3
 142+ 7174 E3 E3 03 03
 142+ 7178 03 03 E3 E3
 142+ 717C E3 E3 E3 E3
 143+ 7180 E3 E3 E3 E3  DB $E3,$E3,$E3,$E3,$E3,$04,$04,$04,$04,$04,$05,$E3,$E3,$E3,$E3,$E3,$E3,$E3,$E3,$E3,$02,$02,$02,$04,$04,$05,$02,$03,$E3,$E3,$E3,$E3
 143+ 7184 E3 04 04 04
 143+ 7188 04 04 05 E3
 143+ 718C E3 E3 E3 E3
 143+ 7190 E3 E3 E3 E3
 143+ 7194 02 02 02 04
 143+ 7198 04 05 02 03
 143+ 719C E3 E3 E3 E3
 144+ 71A0 E3 E3 E3 E3  DB $E3,$E3,$E3,$E3,$02,$02,$02,$04,$04,$01,$02,$03,$E3,$E3,$E3,$E3,$E3,$E3,$E3,$E3,$E3,$06,$06,$06,$06,$01,$01,$E3,$E3,$E3,$E3,$E3
 144+ 71A4 02 02 02 04
 144+ 71A8 04 01 02 03
 144+ 71AC E3 E3 E3 E3
 144+ 71B0 E3 E3 E3 E3
 144+ 71B4 E3 06 06 06
 144+ 71B8 06 01 01 E3
 144+ 71BC E3 E3 E3 E3
 145+ 71C0 E3 E3 E3 E3  DB $E3,$E3,$E3,$E3,$05,$05,$01,$01,$01,$06,$06,$01,$E3,$E3,$E3,$E3,$E3,$E3,$E3,$E3,$05,$05,$01,$E3,$E3,$05,$05,$05,$01,$E3,$E3,$E3
 145+ 71C4 05 05 01 01
 145+ 71C8 01 06 06 01
 145+ 71CC E3 E3 E3 E3
 145+ 71D0 E3 E3 E3 E3
 145+ 71D4 05 05 01 E3
 145+ 71D8 E3 05 05 05
 145+ 71DC 01 E3 E3 E3
 146+ 71E0 E3 E3 E3 E3  DB $E3,$E3,$E3,$E3,$01,$01,$01,$E3,$E3,$01,$01,$01,$01,$E3,$E3,$E3,$E3,$E3,$E3,$E3,$E3,$E3,$E3,$E3,$E3,$E3,$E3,$E3,$E3,$E3,$E3,$E3
 146+ 71E4 01 01 01 E3
 146+ 71E8 E3 01 01 01
 146+ 71EC 01 E3 E3 E3
 146+ 71F0 E3 E3 E3 E3
 146+ 71F4 E3 E3 E3 E3
 146+ 71F8 E3 E3 E3 E3
 146+ 71FC E3 E3 E3 E3
 147+ 7200              ; Sprite012
 148+ 7200 E3 E3 E3 E3  DB $E3,$E3,$E3,$E3,$E3,$E3,$02,$02,$02,$02,$E3,$E3,$E3,$E3,$E3,$E3,$E3,$E3,$E3,$E3,$E3,$02,$02,$02,$02,$02,$03,$E3,$E3,$E3,$E3,$E3
 148+ 7204 E3 E3 02 02
 148+ 7208 02 02 E3 E3
 148+ 720C E3 E3 E3 E3
 148+ 7210 E3 E3 E3 E3
 148+ 7214 E3 02 02 02
 148+ 7218 02 02 03 E3
 148+ 721C E3 E3 E3 E3
 149+ 7220 E3 E3 E3 E3  DB $E3,$E3,$E3,$E3,$E3,$02,$02,$02,$02,$02,$02,$03,$E3,$E3,$E3,$E3,$E3,$E3,$E3,$E3,$E3,$02,$01,$02,$02,$02,$02,$03,$E3,$E3,$E3,$E3
 149+ 7224 E3 02 02 02
 149+ 7228 02 02 02 03
 149+ 722C E3 E3 E3 E3
 149+ 7230 E3 E3 E3 E3
 149+ 7234 E3 02 01 02
 149+ 7238 02 02 02 03
 149+ 723C E3 E3 E3 E3
 150+ 7240 E3 E3 E3 E3  DB $E3,$E3,$E3,$E3,$02,$02,$01,$02,$02,$02,$02,$03,$E3,$E3,$E3,$E3,$E3,$E3,$E3,$E3,$E3,$03,$02,$02,$02,$02,$03,$E3,$E3,$E3,$E3,$E3
 150+ 7244 02 02 01 02
 150+ 7248 02 02 02 03
 150+ 724C E3 E3 E3 E3
 150+ 7250 E3 E3 E3 E3
 150+ 7254 E3 03 02 02
 150+ 7258 02 02 03 E3
 150+ 725C E3 E3 E3 E3
 151+ 7260 E3 E3 E3 E3  DB $E3,$E3,$E3,$E3,$E3,$E3,$03,$03,$03,$03,$E3,$E3,$E3,$E3,$E3,$E3,$E3,$E3,$E3,$E3,$E3,$E3,$04,$04,$05,$05,$E3,$E3,$E3,$E3,$E3,$E3
 151+ 7264 E3 E3 03 03
 151+ 7268 03 03 E3 E3
 151+ 726C E3 E3 E3 E3
 151+ 7270 E3 E3 E3 E3
 151+ 7274 E3 E3 04 04
 151+ 7278 05 05 E3 E3
 151+ 727C E3 E3 E3 E3
 152+ 7280 E3 E3 E3 E3  DB $E3,$E3,$E3,$E3,$E3,$E3,$04,$04,$05,$05,$E3,$E3,$E3,$E3,$E3,$E3,$E3,$E3,$E3,$E3,$E3,$E3,$04,$04,$05,$05,$E3,$E3,$E3,$E3,$E3,$E3
 152+ 7284 E3 E3 04 04
 152+ 7288 05 05 E3 E3
 152+ 728C E3 E3 E3 E3
 152+ 7290 E3 E3 E3 E3
 152+ 7294 E3 E3 04 04
 152+ 7298 05 05 E3 E3
 152+ 729C E3 E3 E3 E3
 153+ 72A0 E3 E3 E3 E3  DB $E3,$E3,$E3,$E3,$E3,$E3,$06,$02,$03,$05,$E3,$E3,$E3,$E3,$E3,$E3,$E3,$E3,$E3,$E3,$E3,$E3,$06,$02,$03,$01,$E3,$E3,$E3,$E3,$E3,$E3
 153+ 72A4 E3 E3 06 02
 153+ 72A8 03 05 E3 E3
 153+ 72AC E3 E3 E3 E3
 153+ 72B0 E3 E3 E3 E3
 153+ 72B4 E3 E3 06 02
 153+ 72B8 03 01 E3 E3
 153+ 72BC E3 E3 E3 E3
 154+ 72C0 E3 E3 E3 E3  DB $E3,$E3,$E3,$E3,$E3,$E3,$06,$06,$06,$01,$E3,$E3,$E3,$E3,$E3,$E3,$E3,$E3,$E3,$E3,$E3,$05,$05,$05,$05,$01,$E3,$E3,$E3,$E3,$E3,$E3
 154+ 72C4 E3 E3 06 06
 154+ 72C8 06 01 E3 E3
 154+ 72CC E3 E3 E3 E3
 154+ 72D0 E3 E3 E3 E3
 154+ 72D4 E3 05 05 05
 154+ 72D8 05 01 E3 E3
 154+ 72DC E3 E3 E3 E3
 155+ 72E0 E3 E3 E3 E3  DB $E3,$E3,$E3,$E3,$E3,$01,$01,$01,$01,$01,$E3,$E3,$E3,$E3,$E3,$E3,$E3,$E3,$E3,$E3,$E3,$E3,$E3,$E3,$E3,$E3,$E3,$E3,$E3,$E3,$E3,$E3
 155+ 72E4 E3 01 01 01
 155+ 72E8 01 01 E3 E3
 155+ 72EC E3 E3 E3 E3
 155+ 72F0 E3 E3 E3 E3
 155+ 72F4 E3 E3 E3 E3
 155+ 72F8 E3 E3 E3 E3
 155+ 72FC E3 E3 E3 E3
 156+ 7300              ; Sprite013
 157+ 7300 E3 E3 E3 E3  DB $E3,$E3,$E3,$E3,$E3,$E3,$E3,$E3,$E3,$E3,$E3,$E3,$E3,$E3,$E3,$E3,$E3,$E3,$E3,$E3,$E3,$E3,$02,$02,$02,$02,$E3,$E3,$E3,$E3,$E3,$E3
 157+ 7304 E3 E3 E3 E3
 157+ 7308 E3 E3 E3 E3
 157+ 730C E3 E3 E3 E3
 157+ 7310 E3 E3 E3 E3
 157+ 7314 E3 E3 02 02
 157+ 7318 02 02 E3 E3
 157+ 731C E3 E3 E3 E3
 158+ 7320 E3 E3 E3 E3  DB $E3,$E3,$E3,$E3,$E3,$02,$02,$02,$02,$02,$03,$E3,$E3,$E3,$E3,$E3,$E3,$E3,$E3,$E3,$E3,$02,$02,$02,$02,$02,$02,$03,$E3,$E3,$E3,$E3
 158+ 7324 E3 02 02 02
 158+ 7328 02 02 03 E3
 158+ 732C E3 E3 E3 E3
 158+ 7330 E3 E3 E3 E3
 158+ 7334 E3 02 02 02
 158+ 7338 02 02 02 03
 158+ 733C E3 E3 E3 E3
 159+ 7340 E3 E3 E3 E3  DB $E3,$E3,$E3,$E3,$E3,$02,$01,$02,$02,$02,$02,$03,$E3,$E3,$E3,$E3,$E3,$E3,$E3,$E3,$02,$02,$01,$02,$02,$02,$02,$03,$E3,$E3,$E3,$E3
 159+ 7344 E3 02 01 02
 159+ 7348 02 02 02 03
 159+ 734C E3 E3 E3 E3
 159+ 7350 E3 E3 E3 E3
 159+ 7354 02 02 01 02
 159+ 7358 02 02 02 03
 159+ 735C E3 E3 E3 E3
 160+ 7360 E3 E3 E3 E3  DB $E3,$E3,$E3,$E3,$E3,$03,$02,$02,$02,$02,$03,$E3,$E3,$E3,$E3,$E3,$E3,$E3,$E3,$E3,$E3,$E3,$03,$03,$03,$03,$E3,$E3,$E3,$E3,$E3,$E3
 160+ 7364 E3 03 02 02
 160+ 7368 02 02 03 E3
 160+ 736C E3 E3 E3 E3
 160+ 7370 E3 E3 E3 E3
 160+ 7374 E3 E3 03 03
 160+ 7378 03 03 E3 E3
 160+ 737C E3 E3 E3 E3
 161+ 7380 E3 E3 E3 E3  DB $E3,$E3,$E3,$E3,$E3,$04,$04,$04,$04,$04,$05,$E3,$E3,$E3,$E3,$E3,$E3,$E3,$E3,$E3,$02,$02,$03,$05,$04,$04,$05,$03,$E3,$E3,$E3,$E3
 161+ 7384 E3 04 04 04
 161+ 7388 04 04 05 E3
 161+ 738C E3 E3 E3 E3
 161+ 7390 E3 E3 E3 E3
 161+ 7394 02 02 03 05
 161+ 7398 04 04 05 03
 161+ 739C E3 E3 E3 E3
 162+ 73A0 E3 E3 E3 E3  DB $E3,$E3,$E3,$E3,$02,$02,$03,$04,$04,$04,$05,$03,$E3,$E3,$E3,$E3,$E3,$E3,$E3,$E3,$E3,$06,$06,$06,$06,$06,$01,$E3,$E3,$E3,$E3,$E3
 162+ 73A4 02 02 03 04
 162+ 73A8 04 04 05 03
 162+ 73AC E3 E3 E3 E3
 162+ 73B0 E3 E3 E3 E3
 162+ 73B4 E3 06 06 06
 162+ 73B8 06 06 01 E3
 162+ 73BC E3 E3 E3 E3
 163+ 73C0 E3 E3 E3 E3  DB $E3,$E3,$E3,$E3,$06,$06,$06,$01,$01,$01,$05,$01,$E3,$E3,$E3,$E3,$E3,$E3,$E3,$05,$05,$05,$01,$E3,$E3,$05,$05,$01,$E3,$E3,$E3,$E3
 163+ 73C4 06 06 06 01
 163+ 73C8 01 01 05 01
 163+ 73CC E3 E3 E3 E3
 163+ 73D0 E3 E3 E3 05
 163+ 73D4 05 05 01 E3
 163+ 73D8 E3 05 05 01
 163+ 73DC E3 E3 E3 E3
 164+ 73E0 E3 E3 E3 01  DB $E3,$E3,$E3,$01,$01,$01,$01,$E3,$E3,$01,$01,$01,$E3,$E3,$E3,$E3,$E3,$E3,$E3,$E3,$E3,$E3,$E3,$E3,$E3,$E3,$E3,$E3,$E3,$E3,$E3,$E3
 164+ 73E4 01 01 01 E3
 164+ 73E8 E3 01 01 01
 164+ 73EC E3 E3 E3 E3
 164+ 73F0 E3 E3 E3 E3
 164+ 73F4 E3 E3 E3 E3
 164+ 73F8 E3 E3 E3 E3
 164+ 73FC E3 E3 E3 E3
 165+ 7400              ; Sprite014
 166+ 7400 E3 E3 E3 E3  DB $E3,$E3,$E3,$E3,$E3,$E3,$02,$02,$02,$02,$E3,$E3,$E3,$E3,$E3,$E3,$E3,$E3,$E3,$E3,$E3,$02,$02,$02,$02,$02,$03,$E3,$E3,$E3,$E3,$E3
 166+ 7404 E3 E3 02 02
 166+ 7408 02 02 E3 E3
 166+ 740C E3 E3 E3 E3
 166+ 7410 E3 E3 E3 E3
 166+ 7414 E3 02 02 02
 166+ 7418 02 02 03 E3
 166+ 741C E3 E3 E3 E3
 167+ 7420 E3 E3 E3 E3  DB $E3,$E3,$E3,$E3,$E3,$02,$02,$02,$02,$02,$02,$03,$E3,$E3,$E3,$E3,$E3,$E3,$E3,$E3,$E3,$02,$01,$02,$02,$02,$02,$03,$E3,$E3,$E3,$E3
 167+ 7424 E3 02 02 02
 167+ 7428 02 02 02 03
 167+ 742C E3 E3 E3 E3
 167+ 7430 E3 E3 E3 E3
 167+ 7434 E3 02 01 02
 167+ 7438 02 02 02 03
 167+ 743C E3 E3 E3 E3
 168+ 7440 E3 E3 E3 E3  DB $E3,$E3,$E3,$E3,$02,$02,$01,$02,$02,$02,$02,$03,$E3,$E3,$E3,$E3,$E3,$E3,$E3,$E3,$E3,$03,$02,$02,$02,$02,$03,$E3,$E3,$E3,$E3,$E3
 168+ 7444 02 02 01 02
 168+ 7448 02 02 02 03
 168+ 744C E3 E3 E3 E3
 168+ 7450 E3 E3 E3 E3
 168+ 7454 E3 03 02 02
 168+ 7458 02 02 03 E3
 168+ 745C E3 E3 E3 E3
 169+ 7460 E3 E3 E3 E3  DB $E3,$E3,$E3,$E3,$E3,$E3,$03,$03,$03,$03,$E3,$E3,$E3,$E3,$E3,$E3,$E3,$E3,$E3,$E3,$E3,$E3,$04,$04,$05,$05,$E3,$E3,$E3,$E3,$E3,$E3
 169+ 7464 E3 E3 03 03
 169+ 7468 03 03 E3 E3
 169+ 746C E3 E3 E3 E3
 169+ 7470 E3 E3 E3 E3
 169+ 7474 E3 E3 04 04
 169+ 7478 05 05 E3 E3
 169+ 747C E3 E3 E3 E3
 170+ 7480 E3 E3 E3 E3  DB $E3,$E3,$E3,$E3,$E3,$E3,$04,$04,$05,$05,$E3,$E3,$E3,$E3,$E3,$E3,$E3,$E3,$E3,$E3,$E3,$E3,$04,$04,$05,$05,$E3,$E3,$E3,$E3,$E3,$E3
 170+ 7484 E3 E3 04 04
 170+ 7488 05 05 E3 E3
 170+ 748C E3 E3 E3 E3
 170+ 7490 E3 E3 E3 E3
 170+ 7494 E3 E3 04 04
 170+ 7498 05 05 E3 E3
 170+ 749C E3 E3 E3 E3
 171+ 74A0 E3 E3 E3 E3  DB $E3,$E3,$E3,$E3,$E3,$E3,$06,$02,$03,$05,$E3,$E3,$E3,$E3,$E3,$E3,$E3,$E3,$E3,$E3,$E3,$E3,$06,$02,$03,$01,$E3,$E3,$E3,$E3,$E3,$E3
 171+ 74A4 E3 E3 06 02
 171+ 74A8 03 05 E3 E3
 171+ 74AC E3 E3 E3 E3
 171+ 74B0 E3 E3 E3 E3
 171+ 74B4 E3 E3 06 02
 171+ 74B8 03 01 E3 E3
 171+ 74BC E3 E3 E3 E3
 172+ 74C0 E3 E3 E3 E3  DB $E3,$E3,$E3,$E3,$E3,$E3,$06,$06,$06,$01,$E3,$E3,$E3,$E3,$E3,$E3,$E3,$E3,$E3,$E3,$E3,$05,$05,$05,$05,$01,$E3,$E3,$E3,$E3,$E3,$E3
 172+ 74C4 E3 E3 06 06
 172+ 74C8 06 01 E3 E3
 172+ 74CC E3 E3 E3 E3
 172+ 74D0 E3 E3 E3 E3
 172+ 74D4 E3 05 05 05
 172+ 74D8 05 01 E3 E3
 172+ 74DC E3 E3 E3 E3
 173+ 74E0 E3 E3 E3 E3  DB $E3,$E3,$E3,$E3,$E3,$01,$01,$01,$01,$01,$E3,$E3,$E3,$E3,$E3,$E3,$E3,$E3,$E3,$E3,$E3,$E3,$E3,$E3,$E3,$E3,$E3,$E3,$E3,$E3,$E3,$E3
 173+ 74E4 E3 01 01 01
 173+ 74E8 01 01 E3 E3
 173+ 74EC E3 E3 E3 E3
 173+ 74F0 E3 E3 E3 E3
 173+ 74F4 E3 E3 E3 E3
 173+ 74F8 E3 E3 E3 E3
 173+ 74FC E3 E3 E3 E3
 174+ 7500              ; Sprite015
 175+ 7500 E3 E3 E3 E3  DB $E3,$E3,$E3,$E3,$E3,$E3,$E3,$E3,$E3,$E3,$E3,$E3,$E3,$E3,$E3,$E3,$E3,$E3,$E3,$E3,$E3,$E3,$02,$02,$02,$02,$E3,$E3,$E3,$E3,$E3,$E3
 175+ 7504 E3 E3 E3 E3
 175+ 7508 E3 E3 E3 E3
 175+ 750C E3 E3 E3 E3
 175+ 7510 E3 E3 E3 E3
 175+ 7514 E3 E3 02 02
 175+ 7518 02 02 E3 E3
 175+ 751C E3 E3 E3 E3
 176+ 7520 E3 E3 E3 E3  DB $E3,$E3,$E3,$E3,$E3,$02,$02,$02,$02,$02,$03,$E3,$E3,$E3,$E3,$E3,$E3,$E3,$E3,$E3,$E3,$02,$02,$02,$02,$02,$02,$03,$E3,$E3,$E3,$E3
 176+ 7524 E3 02 02 02
 176+ 7528 02 02 03 E3
 176+ 752C E3 E3 E3 E3
 176+ 7530 E3 E3 E3 E3
 176+ 7534 E3 02 02 02
 176+ 7538 02 02 02 03
 176+ 753C E3 E3 E3 E3
 177+ 7540 E3 E3 E3 E3  DB $E3,$E3,$E3,$E3,$E3,$02,$01,$02,$02,$02,$02,$03,$E3,$E3,$E3,$E3,$E3,$E3,$E3,$E3,$02,$02,$01,$02,$02,$02,$02,$03,$E3,$E3,$E3,$E3
 177+ 7544 E3 02 01 02
 177+ 7548 02 02 02 03
 177+ 754C E3 E3 E3 E3
 177+ 7550 E3 E3 E3 E3
 177+ 7554 02 02 01 02
 177+ 7558 02 02 02 03
 177+ 755C E3 E3 E3 E3
 178+ 7560 E3 E3 E3 E3  DB $E3,$E3,$E3,$E3,$E3,$03,$02,$02,$02,$02,$03,$E3,$E3,$E3,$E3,$E3,$E3,$E3,$E3,$E3,$E3,$E3,$03,$03,$03,$03,$E3,$E3,$E3,$E3,$E3,$E3
 178+ 7564 E3 03 02 02
 178+ 7568 02 02 03 E3
 178+ 756C E3 E3 E3 E3
 178+ 7570 E3 E3 E3 E3
 178+ 7574 E3 E3 03 03
 178+ 7578 03 03 E3 E3
 178+ 757C E3 E3 E3 E3
 179+ 7580 E3 E3 E3 E3  DB $E3,$E3,$E3,$E3,$E3,$04,$04,$04,$04,$04,$05,$E3,$E3,$E3,$E3,$E3,$E3,$E3,$E3,$E3,$02,$02,$04,$04,$04,$02,$02,$03,$E3,$E3,$E3,$E3
 179+ 7584 E3 04 04 04
 179+ 7588 04 04 05 E3
 179+ 758C E3 E3 E3 E3
 179+ 7590 E3 E3 E3 E3
 179+ 7594 02 02 04 04
 179+ 7598 04 02 02 03
 179+ 759C E3 E3 E3 E3
 180+ 75A0 E3 E3 E3 E3  DB $E3,$E3,$E3,$E3,$02,$02,$06,$04,$05,$02,$02,$03,$E3,$E3,$E3,$E3,$E3,$E3,$E3,$E3,$E3,$06,$06,$06,$06,$06,$01,$E3,$E3,$E3,$E3,$E3
 180+ 75A4 02 02 06 04
 180+ 75A8 05 02 02 03
 180+ 75AC E3 E3 E3 E3
 180+ 75B0 E3 E3 E3 E3
 180+ 75B4 E3 06 06 06
 180+ 75B8 06 06 01 E3
 180+ 75BC E3 E3 E3 E3
 181+ 75C0 E3 E3 E3 E3  DB $E3,$E3,$E3,$E3,$06,$06,$06,$01,$01,$01,$05,$01,$E3,$E3,$E3,$E3,$E3,$E3,$E3,$05,$05,$05,$01,$E3,$E3,$05,$05,$01,$E3,$E3,$E3,$E3
 181+ 75C4 06 06 06 01
 181+ 75C8 01 01 05 01
 181+ 75CC E3 E3 E3 E3
 181+ 75D0 E3 E3 E3 05
 181+ 75D4 05 05 01 E3
 181+ 75D8 E3 05 05 01
 181+ 75DC E3 E3 E3 E3
 182+ 75E0 E3 E3 E3 01  DB $E3,$E3,$E3,$01,$01,$01,$01,$E3,$E3,$01,$01,$01,$E3,$E3,$E3,$E3,$E3,$E3,$E3,$E3,$E3,$E3,$E3,$E3,$E3,$E3,$E3,$E3,$E3,$E3,$E3,$E3
 182+ 75E4 01 01 01 E3
 182+ 75E8 E3 01 01 01
 182+ 75EC E3 E3 E3 E3
 182+ 75F0 E3 E3 E3 E3
 182+ 75F4 E3 E3 E3 E3
 182+ 75F8 E3 E3 E3 E3
 182+ 75FC E3 E3 E3 E3
 183+ 7600              ; Sprite016
 184+ 7600 E3 E3 E3 E3  DB $E3,$E3,$E3,$E3,$E3,$E3,$02,$02,$02,$02,$E3,$E3,$E3,$E3,$E3,$E3,$E3,$E3,$E3,$E3,$E3,$02,$02,$02,$02,$02,$03,$E3,$E3,$E3,$E3,$E3
 184+ 7604 E3 E3 02 02
 184+ 7608 02 02 E3 E3
 184+ 760C E3 E3 E3 E3
 184+ 7610 E3 E3 E3 E3
 184+ 7614 E3 02 02 02
 184+ 7618 02 02 03 E3
 184+ 761C E3 E3 E3 E3
 185+ 7620 E3 E3 E3 E3  DB $E3,$E3,$E3,$E3,$02,$02,$02,$02,$02,$02,$02,$03,$E3,$E3,$E3,$E3,$E3,$E3,$E3,$E3,$02,$02,$02,$02,$02,$02,$02,$03,$E3,$E3,$E3,$E3
 185+ 7624 02 02 02 02
 185+ 7628 02 02 02 03
 185+ 762C E3 E3 E3 E3
 185+ 7630 E3 E3 E3 E3
 185+ 7634 02 02 02 02
 185+ 7638 02 02 02 03
 185+ 763C E3 E3 E3 E3
 186+ 7640 E3 E3 E3 E3  DB $E3,$E3,$E3,$E3,$02,$02,$02,$02,$02,$02,$02,$03,$E3,$E3,$E3,$E3,$E3,$E3,$E3,$E3,$E3,$02,$02,$02,$02,$02,$03,$E3,$E3,$E3,$E3,$E3
 186+ 7644 02 02 02 02
 186+ 7648 02 02 02 03
 186+ 764C E3 E3 E3 E3
 186+ 7650 E3 E3 E3 E3
 186+ 7654 E3 02 02 02
 186+ 7658 02 02 03 E3
 186+ 765C E3 E3 E3 E3
 187+ 7660 E3 E3 E3 E3  DB $E3,$E3,$E3,$E3,$04,$04,$03,$03,$03,$03,$04,$05,$E3,$E3,$E3,$E3,$E3,$E3,$E3,$04,$04,$04,$04,$04,$04,$04,$04,$04,$05,$E3,$E3,$E3
 187+ 7664 04 04 03 03
 187+ 7668 03 03 04 05
 187+ 766C E3 E3 E3 E3
 187+ 7670 E3 E3 E3 04
 187+ 7674 04 04 04 04
 187+ 7678 04 04 04 04
 187+ 767C 05 E3 E3 E3
 188+ 7680 E3 E3 E3 04  DB $E3,$E3,$E3,$04,$05,$04,$04,$04,$04,$04,$05,$04,$05,$E3,$E3,$E3,$E3,$E3,$E3,$04,$05,$04,$04,$04,$04,$04,$05,$04,$05,$E3,$E3,$E3
 188+ 7684 05 04 04 04
 188+ 7688 04 04 05 04
 188+ 768C 05 E3 E3 E3
 188+ 7690 E3 E3 E3 04
 188+ 7694 05 04 04 04
 188+ 7698 04 04 05 04
 188+ 769C 05 E3 E3 E3
 189+ 76A0 E3 E3 E3 02  DB $E3,$E3,$E3,$02,$03,$04,$04,$04,$04,$04,$05,$02,$03,$E3,$E3,$E3,$E3,$E3,$E3,$03,$03,$06,$06,$01,$06,$06,$01,$03,$03,$E3,$E3,$E3
 189+ 76A4 03 04 04 04
 189+ 76A8 04 04 05 02
 189+ 76AC 03 E3 E3 E3
 189+ 76B0 E3 E3 E3 03
 189+ 76B4 03 06 06 01
 189+ 76B8 06 06 01 03
 189+ 76BC 03 E3 E3 E3
 190+ 76C0 E3 E3 E3 E3  DB $E3,$E3,$E3,$E3,$E3,$06,$06,$01,$06,$06,$01,$E3,$E3,$E3,$E3,$E3,$E3,$E3,$E3,$E3,$05,$05,$05,$01,$05,$05,$05,$01,$E3,$E3,$E3,$E3
 190+ 76C4 E3 06 06 01
 190+ 76C8 06 06 01 E3
 190+ 76CC E3 E3 E3 E3
 190+ 76D0 E3 E3 E3 E3
 190+ 76D4 05 05 05 01
 190+ 76D8 05 05 05 01
 190+ 76DC E3 E3 E3 E3
 191+ 76E0 E3 E3 E3 E3  DB $E3,$E3,$E3,$E3,$01,$01,$01,$01,$01,$01,$01,$01,$E3,$E3,$E3,$E3,$E3,$E3,$E3,$E3,$E3,$E3,$E3,$E3,$E3,$E3,$E3,$E3,$E3,$E3,$E3,$E3
 191+ 76E4 01 01 01 01
 191+ 76E8 01 01 01 01
 191+ 76EC E3 E3 E3 E3
 191+ 76F0 E3 E3 E3 E3
 191+ 76F4 E3 E3 E3 E3
 191+ 76F8 E3 E3 E3 E3
 191+ 76FC E3 E3 E3 E3
 192+ 7700              ; Sprite017
 193+ 7700 E3 E3 E3 E3  DB $E3,$E3,$E3,$E3,$E3,$E3,$E3,$E3,$E3,$E3,$E3,$E3,$E3,$E3,$E3,$E3,$E3,$E3,$E3,$E3,$E3,$E3,$02,$02,$02,$02,$E3,$E3,$E3,$E3,$E3,$E3
 193+ 7704 E3 E3 E3 E3
 193+ 7708 E3 E3 E3 E3
 193+ 770C E3 E3 E3 E3
 193+ 7710 E3 E3 E3 E3
 193+ 7714 E3 E3 02 02
 193+ 7718 02 02 E3 E3
 193+ 771C E3 E3 E3 E3
 194+ 7720 E3 E3 E3 E3  DB $E3,$E3,$E3,$E3,$E3,$02,$02,$02,$02,$02,$03,$E3,$E3,$E3,$E3,$E3,$E3,$E3,$E3,$E3,$02,$02,$02,$02,$02,$02,$02,$03,$E3,$E3,$E3,$E3
 194+ 7724 E3 02 02 02
 194+ 7728 02 02 03 E3
 194+ 772C E3 E3 E3 E3
 194+ 7730 E3 E3 E3 E3
 194+ 7734 02 02 02 02
 194+ 7738 02 02 02 03
 194+ 773C E3 E3 E3 E3
 195+ 7740 E3 E3 E3 E3  DB $E3,$E3,$E3,$E3,$02,$02,$02,$02,$02,$02,$02,$03,$E3,$E3,$E3,$E3,$E3,$E3,$E3,$E3,$02,$02,$02,$02,$02,$02,$02,$03,$E3,$E3,$E3,$E3
 195+ 7744 02 02 02 02
 195+ 7748 02 02 02 03
 195+ 774C E3 E3 E3 E3
 195+ 7750 E3 E3 E3 E3
 195+ 7754 02 02 02 02
 195+ 7758 02 02 02 03
 195+ 775C E3 E3 E3 E3
 196+ 7760 E3 E3 E3 E3  DB $E3,$E3,$E3,$E3,$E3,$02,$02,$02,$02,$02,$03,$E3,$E3,$E3,$E3,$E3,$E3,$E3,$E3,$E3,$04,$04,$03,$03,$03,$03,$04,$05,$E3,$E3,$E3,$E3
 196+ 7764 E3 02 02 02
 196+ 7768 02 02 03 E3
 196+ 776C E3 E3 E3 E3
 196+ 7770 E3 E3 E3 E3
 196+ 7774 04 04 03 03
 196+ 7778 03 03 04 05
 196+ 777C E3 E3 E3 E3
 197+ 7780 E3 E3 E3 04  DB $E3,$E3,$E3,$04,$04,$04,$04,$04,$04,$04,$04,$04,$05,$E3,$E3,$E3,$E3,$E3,$E3,$04,$05,$04,$04,$04,$04,$04,$05,$04,$05,$E3,$E3,$E3
 197+ 7784 04 04 04 04
 197+ 7788 04 04 04 04
 197+ 778C 05 E3 E3 E3
 197+ 7790 E3 E3 E3 04
 197+ 7794 05 04 04 04
 197+ 7798 04 04 05 04
 197+ 779C 05 E3 E3 E3
 198+ 77A0 E3 E3 E3 E3  DB $E3,$E3,$E3,$E3,$05,$04,$04,$04,$04,$04,$05,$02,$03,$E3,$E3,$E3,$E3,$E3,$E3,$E3,$E3,$04,$04,$06,$06,$06,$01,$03,$03,$E3,$E3,$E3
 198+ 77A4 05 04 04 04
 198+ 77A8 04 04 05 02
 198+ 77AC 03 E3 E3 E3
 198+ 77B0 E3 E3 E3 E3
 198+ 77B4 E3 04 04 06
 198+ 77B8 06 06 01 03
 198+ 77BC 03 E3 E3 E3
 199+ 77C0 E3 E3 E3 E3  DB $E3,$E3,$E3,$E3,$E3,$06,$06,$06,$01,$01,$01,$E3,$E3,$E3,$E3,$E3,$E3,$E3,$E3,$E3,$E3,$05,$05,$05,$01,$01,$01,$E3,$E3,$E3,$E3,$E3
 199+ 77C4 E3 06 06 06
 199+ 77C8 01 01 01 E3
 199+ 77CC E3 E3 E3 E3
 199+ 77D0 E3 E3 E3 E3
 199+ 77D4 E3 05 05 05
 199+ 77D8 01 01 01 E3
 199+ 77DC E3 E3 E3 E3
 200+ 77E0 E3 E3 E3 E3  DB $E3,$E3,$E3,$E3,$01,$01,$01,$01,$E3,$E3,$E3,$E3,$E3,$E3,$E3,$E3,$E3,$E3,$E3,$E3,$E3,$E3,$E3,$E3,$E3,$E3,$E3,$E3,$E3,$E3,$E3,$E3
 200+ 77E4 01 01 01 01
 200+ 77E8 E3 E3 E3 E3
 200+ 77EC E3 E3 E3 E3
 200+ 77F0 E3 E3 E3 E3
 200+ 77F4 E3 E3 E3 E3
 200+ 77F8 E3 E3 E3 E3
 200+ 77FC E3 E3 E3 E3
 201+ 7800              ; Sprite018
 202+ 7800 E3 E3 E3 E3  DB $E3,$E3,$E3,$E3,$E3,$E3,$02,$02,$02,$02,$E3,$E3,$E3,$E3,$E3,$E3,$E3,$E3,$E3,$E3,$E3,$02,$02,$02,$02,$02,$03,$E3,$E3,$E3,$E3,$E3
 202+ 7804 E3 E3 02 02
 202+ 7808 02 02 E3 E3
 202+ 780C E3 E3 E3 E3
 202+ 7810 E3 E3 E3 E3
 202+ 7814 E3 02 02 02
 202+ 7818 02 02 03 E3
 202+ 781C E3 E3 E3 E3
 203+ 7820 E3 E3 E3 E3  DB $E3,$E3,$E3,$E3,$02,$02,$02,$02,$02,$02,$02,$03,$E3,$E3,$E3,$E3,$E3,$E3,$E3,$E3,$02,$02,$02,$02,$02,$02,$02,$03,$E3,$E3,$E3,$E3
 203+ 7824 02 02 02 02
 203+ 7828 02 02 02 03
 203+ 782C E3 E3 E3 E3
 203+ 7830 E3 E3 E3 E3
 203+ 7834 02 02 02 02
 203+ 7838 02 02 02 03
 203+ 783C E3 E3 E3 E3
 204+ 7840 E3 E3 E3 E3  DB $E3,$E3,$E3,$E3,$02,$02,$02,$02,$02,$02,$02,$03,$E3,$E3,$E3,$E3,$E3,$E3,$E3,$E3,$E3,$02,$02,$02,$02,$02,$03,$E3,$E3,$E3,$E3,$E3
 204+ 7844 02 02 02 02
 204+ 7848 02 02 02 03
 204+ 784C E3 E3 E3 E3
 204+ 7850 E3 E3 E3 E3
 204+ 7854 E3 02 02 02
 204+ 7858 02 02 03 E3
 204+ 785C E3 E3 E3 E3
 205+ 7860 E3 E3 E3 E3  DB $E3,$E3,$E3,$E3,$04,$04,$03,$03,$03,$03,$04,$05,$E3,$E3,$E3,$E3,$E3,$E3,$E3,$04,$04,$04,$04,$04,$04,$04,$04,$04,$05,$E3,$E3,$E3
 205+ 7864 04 04 03 03
 205+ 7868 03 03 04 05
 205+ 786C E3 E3 E3 E3
 205+ 7870 E3 E3 E3 04
 205+ 7874 04 04 04 04
 205+ 7878 04 04 04 04
 205+ 787C 05 E3 E3 E3
 206+ 7880 E3 E3 E3 04  DB $E3,$E3,$E3,$04,$05,$04,$04,$04,$04,$04,$05,$04,$05,$E3,$E3,$E3,$E3,$E3,$E3,$04,$05,$04,$04,$04,$04,$04,$05,$04,$05,$E3,$E3,$E3
 206+ 7884 05 04 04 04
 206+ 7888 04 04 05 04
 206+ 788C 05 E3 E3 E3
 206+ 7890 E3 E3 E3 04
 206+ 7894 05 04 04 04
 206+ 7898 04 04 05 04
 206+ 789C 05 E3 E3 E3
 207+ 78A0 E3 E3 E3 02  DB $E3,$E3,$E3,$02,$03,$04,$04,$04,$04,$04,$05,$02,$03,$E3,$E3,$E3,$E3,$E3,$E3,$03,$03,$06,$06,$01,$06,$06,$01,$03,$03,$E3,$E3,$E3
 207+ 78A4 03 04 04 04
 207+ 78A8 04 04 05 02
 207+ 78AC 03 E3 E3 E3
 207+ 78B0 E3 E3 E3 03
 207+ 78B4 03 06 06 01
 207+ 78B8 06 06 01 03
 207+ 78BC 03 E3 E3 E3
 208+ 78C0 E3 E3 E3 E3  DB $E3,$E3,$E3,$E3,$E3,$06,$06,$01,$06,$06,$01,$E3,$E3,$E3,$E3,$E3,$E3,$E3,$E3,$E3,$05,$05,$05,$01,$05,$05,$05,$01,$E3,$E3,$E3,$E3
 208+ 78C4 E3 06 06 01
 208+ 78C8 06 06 01 E3
 208+ 78CC E3 E3 E3 E3
 208+ 78D0 E3 E3 E3 E3
 208+ 78D4 05 05 05 01
 208+ 78D8 05 05 05 01
 208+ 78DC E3 E3 E3 E3
 209+ 78E0 E3 E3 E3 E3  DB $E3,$E3,$E3,$E3,$01,$01,$01,$01,$01,$01,$01,$01,$E3,$E3,$E3,$E3,$E3,$E3,$E3,$E3,$E3,$E3,$E3,$E3,$E3,$E3,$E3,$E3,$E3,$E3,$E3,$E3
 209+ 78E4 01 01 01 01
 209+ 78E8 01 01 01 01
 209+ 78EC E3 E3 E3 E3
 209+ 78F0 E3 E3 E3 E3
 209+ 78F4 E3 E3 E3 E3
 209+ 78F8 E3 E3 E3 E3
 209+ 78FC E3 E3 E3 E3
 210+ 7900              ; Sprite019
 211+ 7900 E3 E3 E3 E3  DB $E3,$E3,$E3,$E3,$E3,$E3,$E3,$E3,$E3,$E3,$E3,$E3,$E3,$E3,$E3,$E3,$E3,$E3,$E3,$E3,$E3,$E3,$02,$02,$02,$02,$E3,$E3,$E3,$E3,$E3,$E3
 211+ 7904 E3 E3 E3 E3
 211+ 7908 E3 E3 E3 E3
 211+ 790C E3 E3 E3 E3
 211+ 7910 E3 E3 E3 E3
 211+ 7914 E3 E3 02 02
 211+ 7918 02 02 E3 E3
 211+ 791C E3 E3 E3 E3
 212+ 7920 E3 E3 E3 E3  DB $E3,$E3,$E3,$E3,$E3,$02,$02,$02,$02,$02,$03,$E3,$E3,$E3,$E3,$E3,$E3,$E3,$E3,$E3,$02,$02,$02,$02,$02,$02,$02,$03,$E3,$E3,$E3,$E3
 212+ 7924 E3 02 02 02
 212+ 7928 02 02 03 E3
 212+ 792C E3 E3 E3 E3
 212+ 7930 E3 E3 E3 E3
 212+ 7934 02 02 02 02
 212+ 7938 02 02 02 03
 212+ 793C E3 E3 E3 E3
 213+ 7940 E3 E3 E3 E3  DB $E3,$E3,$E3,$E3,$02,$02,$02,$02,$02,$02,$02,$03,$E3,$E3,$E3,$E3,$E3,$E3,$E3,$E3,$02,$02,$02,$02,$02,$02,$02,$03,$E3,$E3,$E3,$E3
 213+ 7944 02 02 02 02
 213+ 7948 02 02 02 03
 213+ 794C E3 E3 E3 E3
 213+ 7950 E3 E3 E3 E3
 213+ 7954 02 02 02 02
 213+ 7958 02 02 02 03
 213+ 795C E3 E3 E3 E3
 214+ 7960 E3 E3 E3 E3  DB $E3,$E3,$E3,$E3,$E3,$02,$02,$02,$02,$02,$03,$E3,$E3,$E3,$E3,$E3,$E3,$E3,$E3,$E3,$04,$04,$03,$03,$03,$03,$04,$05,$E3,$E3,$E3,$E3
 214+ 7964 E3 02 02 02
 214+ 7968 02 02 03 E3
 214+ 796C E3 E3 E3 E3
 214+ 7970 E3 E3 E3 E3
 214+ 7974 04 04 03 03
 214+ 7978 03 03 04 05
 214+ 797C E3 E3 E3 E3
 215+ 7980 E3 E3 E3 04  DB $E3,$E3,$E3,$04,$04,$04,$04,$04,$04,$04,$04,$04,$05,$E3,$E3,$E3,$E3,$E3,$E3,$04,$04,$04,$04,$04,$04,$04,$05,$04,$05,$E3,$E3,$E3
 215+ 7984 04 04 04 04
 215+ 7988 04 04 04 04
 215+ 798C 05 E3 E3 E3
 215+ 7990 E3 E3 E3 04
 215+ 7994 04 04 04 04
 215+ 7998 04 04 05 04
 215+ 799C 05 E3 E3 E3
 216+ 79A0 E3 E3 E3 02  DB $E3,$E3,$E3,$02,$03,$04,$04,$04,$04,$04,$05,$05,$E3,$E3,$E3,$E3,$E3,$E3,$E3,$03,$03,$06,$06,$06,$06,$04,$05,$E3,$E3,$E3,$E3,$E3
 216+ 79A4 03 04 04 04
 216+ 79A8 04 04 05 05
 216+ 79AC E3 E3 E3 E3
 216+ 79B0 E3 E3 E3 03
 216+ 79B4 03 06 06 06
 216+ 79B8 06 04 05 E3
 216+ 79BC E3 E3 E3 E3
 217+ 79C0 E3 E3 E3 E3  DB $E3,$E3,$E3,$E3,$E3,$01,$01,$01,$06,$06,$01,$E3,$E3,$E3,$E3,$E3,$E3,$E3,$E3,$E3,$E3,$01,$01,$01,$05,$05,$01,$E3,$E3,$E3,$E3,$E3
 217+ 79C4 E3 01 01 01
 217+ 79C8 06 06 01 E3
 217+ 79CC E3 E3 E3 E3
 217+ 79D0 E3 E3 E3 E3
 217+ 79D4 E3 01 01 01
 217+ 79D8 05 05 01 E3
 217+ 79DC E3 E3 E3 E3
 218+ 79E0 E3 E3 E3 E3  DB $E3,$E3,$E3,$E3,$E3,$E3,$E3,$E3,$01,$01,$01,$01,$E3,$E3,$E3,$E3,$E3,$E3,$E3,$E3,$E3,$E3,$E3,$E3,$E3,$E3,$E3,$E3,$E3,$E3,$E3,$E3
 218+ 79E4 E3 E3 E3 E3
 218+ 79E8 01 01 01 01
 218+ 79EC E3 E3 E3 E3
 218+ 79F0 E3 E3 E3 E3
 218+ 79F4 E3 E3 E3 E3
 218+ 79F8 E3 E3 E3 E3
 218+ 79FC E3 E3 E3 E3
 219+ 7A00              endofSprites:
 220+ 7A00
 221+ 7A00
 222+ 7A00
 223+ 7A00              TilePalette0:
 224+ 7A00 E0 00 00 00  DB $E0,$00,$00,$00,$FC,$00,$00,$00,$00,$00,$00,$00,$00,$00,$00,$00
 224+ 7A04 FC 00 00 00
 224+ 7A08 00 00 00 00
 224+ 7A0C 00 00 00 00
 225+ 7A10 00 00 00 00  DB $00,$00,$00,$00,$00,$00,$00,$00,$00,$00,$00,$00,$00,$00,$E3,$01
 225+ 7A14 00 00 00 00
 225+ 7A18 00 00 00 00
 225+ 7A1C 00 00 E3 01
 226+ 7A20 0B 01 FF 01  DB $0B,$01,$FF,$01,$00,$00,$00,$00,$00,$00,$00,$00,$00,$00,$00,$00
 226+ 7A24 00 00 00 00
 226+ 7A28 00 00 00 00
 226+ 7A2C 00 00 00 00
 227+ 7A30 00 00 00 00  DB $00,$00,$00,$00,$00,$00,$00,$00,$00,$00,$00,$00,$00,$00,$E3,$01
 227+ 7A34 00 00 00 00
 227+ 7A38 00 00 00 00
 227+ 7A3C 00 00 E3 01
 228+ 7A40 00 00 00 00  DB $00,$00,$00,$00,$00,$00,$00,$00,$00,$00,$00,$00,$00,$00,$00,$00
 228+ 7A44 00 00 00 00
 228+ 7A48 00 00 00 00
 228+ 7A4C 00 00 00 00
 229+ 7A50 00 00 00 00  DB $00,$00,$00,$00,$00,$00,$00,$00,$00,$00,$00,$00,$00,$00,$E3,$01
 229+ 7A54 00 00 00 00
 229+ 7A58 00 00 00 00
 229+ 7A5C 00 00 E3 01
 230+ 7A60 00 00 00 00  DB $00,$00,$00,$00,$00,$00,$00,$00,$00,$00,$00,$00,$00,$00,$00,$00
 230+ 7A64 00 00 00 00
 230+ 7A68 00 00 00 00
 230+ 7A6C 00 00 00 00
 231+ 7A70 00 00 00 00  DB $00,$00,$00,$00,$00,$00,$00,$00,$00,$00,$00,$00,$00,$00,$E3,$01
 231+ 7A74 00 00 00 00
 231+ 7A78 00 00 00 00
 231+ 7A7C 00 00 E3 01
 232+ 7A80 00 00 00 00  DB $00,$00,$00,$00,$00,$00,$00,$00,$00,$00,$00,$00,$00,$00,$00,$00
 232+ 7A84 00 00 00 00
 232+ 7A88 00 00 00 00
 232+ 7A8C 00 00 00 00
 233+ 7A90 00 00 00 00  DB $00,$00,$00,$00,$00,$00,$00,$00,$00,$00,$00,$00,$00,$00,$E3,$01
 233+ 7A94 00 00 00 00
 233+ 7A98 00 00 00 00
 233+ 7A9C 00 00 E3 01
 234+ 7AA0 00 00 00 00  DB $00,$00,$00,$00,$00,$00,$00,$00,$00,$00,$00,$00,$00,$00,$00,$00
 234+ 7AA4 00 00 00 00
 234+ 7AA8 00 00 00 00
 234+ 7AAC 00 00 00 00
 235+ 7AB0 00 00 00 00  DB $00,$00,$00,$00,$00,$00,$00,$00,$00,$00,$00,$00,$00,$00,$E3,$01
 235+ 7AB4 00 00 00 00
 235+ 7AB8 00 00 00 00
 235+ 7ABC 00 00 E3 01
 236+ 7AC0 00 00 00 00  DB $00,$00,$00,$00,$00,$00,$00,$00,$00,$00,$00,$00,$00,$00,$00,$00
 236+ 7AC4 00 00 00 00
 236+ 7AC8 00 00 00 00
 236+ 7ACC 00 00 00 00
 237+ 7AD0 00 00 00 00  DB $00,$00,$00,$00,$00,$00,$00,$00,$00,$00,$00,$00,$00,$00,$E3,$01
 237+ 7AD4 00 00 00 00
 237+ 7AD8 00 00 00 00
 237+ 7ADC 00 00 E3 01
 238+ 7AE0 00 00 00 00  DB $00,$00,$00,$00,$00,$00,$00,$00,$00,$00,$00,$00,$00,$00,$00,$00
 238+ 7AE4 00 00 00 00
 238+ 7AE8 00 00 00 00
 238+ 7AEC 00 00 00 00
 239+ 7AF0 00 00 00 00  DB $00,$00,$00,$00,$00,$00,$00,$00,$00,$00,$00,$00,$00,$00,$E3,$01
 239+ 7AF4 00 00 00 00
 239+ 7AF8 00 00 00 00
 239+ 7AFC 00 00 E3 01
 240+ 7B00 00 00 00 00  DB $00,$00,$00,$00,$00,$00,$00,$00,$00,$00,$00,$00,$00,$00,$00,$00
 240+ 7B04 00 00 00 00
 240+ 7B08 00 00 00 00
 240+ 7B0C 00 00 00 00
 241+ 7B10 00 00 00 00  DB $00,$00,$00,$00,$00,$00,$00,$00,$00,$00,$00,$00,$00,$00,$E3,$01
 241+ 7B14 00 00 00 00
 241+ 7B18 00 00 00 00
 241+ 7B1C 00 00 E3 01
 242+ 7B20 00 00 00 00  DB $00,$00,$00,$00,$00,$00,$00,$00,$00,$00,$00,$00,$00,$00,$00,$00
 242+ 7B24 00 00 00 00
 242+ 7B28 00 00 00 00
 242+ 7B2C 00 00 00 00
 243+ 7B30 00 00 00 00  DB $00,$00,$00,$00,$00,$00,$00,$00,$00,$00,$00,$00,$00,$00,$E3,$01
 243+ 7B34 00 00 00 00
 243+ 7B38 00 00 00 00
 243+ 7B3C 00 00 E3 01
 244+ 7B40 00 00 00 00  DB $00,$00,$00,$00,$00,$00,$00,$00,$00,$00,$00,$00,$00,$00,$00,$00
 244+ 7B44 00 00 00 00
 244+ 7B48 00 00 00 00
 244+ 7B4C 00 00 00 00
 245+ 7B50 00 00 00 00  DB $00,$00,$00,$00,$00,$00,$00,$00,$00,$00,$00,$00,$00,$00,$E3,$01
 245+ 7B54 00 00 00 00
 245+ 7B58 00 00 00 00
 245+ 7B5C 00 00 E3 01
 246+ 7B60 00 00 00 00  DB $00,$00,$00,$00,$00,$00,$00,$00,$00,$00,$00,$00,$00,$00,$00,$00
 246+ 7B64 00 00 00 00
 246+ 7B68 00 00 00 00
 246+ 7B6C 00 00 00 00
 247+ 7B70 00 00 00 00  DB $00,$00,$00,$00,$00,$00,$00,$00,$00,$00,$00,$00,$00,$00,$E3,$01
 247+ 7B74 00 00 00 00
 247+ 7B78 00 00 00 00
 247+ 7B7C 00 00 E3 01
 248+ 7B80 00 00 00 00  DB $00,$00,$00,$00,$00,$00,$00,$00,$00,$00,$00,$00,$00,$00,$00,$00
 248+ 7B84 00 00 00 00
 248+ 7B88 00 00 00 00
 248+ 7B8C 00 00 00 00
 249+ 7B90 00 00 00 00  DB $00,$00,$00,$00,$00,$00,$00,$00,$00,$00,$00,$00,$00,$00,$E3,$01
 249+ 7B94 00 00 00 00
 249+ 7B98 00 00 00 00
 249+ 7B9C 00 00 E3 01
 250+ 7BA0 00 00 00 00  DB $00,$00,$00,$00,$00,$00,$00,$00,$00,$00,$00,$00,$00,$00,$00,$00
 250+ 7BA4 00 00 00 00
 250+ 7BA8 00 00 00 00
 250+ 7BAC 00 00 00 00
 251+ 7BB0 00 00 00 00  DB $00,$00,$00,$00,$00,$00,$00,$00,$00,$00,$00,$00,$00,$00,$E3,$01
 251+ 7BB4 00 00 00 00
 251+ 7BB8 00 00 00 00
 251+ 7BBC 00 00 E3 01
 252+ 7BC0 00 00 00 00  DB $00,$00,$00,$00,$00,$00,$00,$00,$00,$00,$00,$00,$00,$00,$00,$00
 252+ 7BC4 00 00 00 00
 252+ 7BC8 00 00 00 00
 252+ 7BCC 00 00 00 00
 253+ 7BD0 00 00 00 00  DB $00,$00,$00,$00,$00,$00,$00,$00,$00,$00,$00,$00,$00,$00,$E3,$01
 253+ 7BD4 00 00 00 00
 253+ 7BD8 00 00 00 00
 253+ 7BDC 00 00 E3 01
 254+ 7BE0 00 00 00 00  DB $00,$00,$00,$00,$00,$00,$00,$00,$00,$00,$00,$00,$00,$00,$00,$00
 254+ 7BE4 00 00 00 00
 254+ 7BE8 00 00 00 00
 254+ 7BEC 00 00 00 00
 255+ 7BF0 00 00 00 00  DB $00,$00,$00,$00,$00,$00,$00,$00,$00,$00,$00,$00,$00,$00,$E3,$01
 255+ 7BF4 00 00 00 00
 255+ 7BF8 00 00 00 00
 255+ 7BFC 00 00 E3 01
 256+ 7C00              TilePalette0Len EQU ($ - TilePalette0) / 2
 257+ 7C00
 258+ 7C00
 259+ 7C00
 260+ 7C00              SpritePalette0:
 261+ 7C00 03 01 00 00  DB $03,$01,$00,$00,$F9,$01,$D0,$00,$90,$01,$48,$00,$04,$01,$00,$00
 261+ 7C04 F9 01 D0 00
 261+ 7C08 90 01 48 00
 261+ 7C0C 04 01 00 00
 262+ 7C10 00 00 00 00  DB $00,$00,$00,$00,$10,$00,$1C,$00,$00,$00,$00,$00,$00,$00,$00,$00
 262+ 7C14 10 00 1C 00
 262+ 7C18 00 00 00 00
 262+ 7C1C 00 00 00 00
 263+ 7C20 00 00 00 00  DB $00,$00,$00,$00,$00,$00,$00,$00,$00,$00,$00,$00,$00,$00,$00,$00
 263+ 7C24 00 00 00 00
 263+ 7C28 00 00 00 00
 263+ 7C2C 00 00 00 00
 264+ 7C30 00 00 00 00  DB $00,$00,$00,$00,$00,$00,$00,$00,$00,$00,$00,$00,$00,$00,$00,$00
 264+ 7C34 00 00 00 00
 264+ 7C38 00 00 00 00
 264+ 7C3C 00 00 00 00
 265+ 7C40 00 00 00 00  DB $00,$00,$00,$00,$00,$00,$00,$00,$00,$00,$00,$00,$00,$00,$00,$00
 265+ 7C44 00 00 00 00
 265+ 7C48 00 00 00 00
 265+ 7C4C 00 00 00 00
 266+ 7C50 00 00 00 00  DB $00,$00,$00,$00,$00,$00,$00,$00,$00,$00,$00,$00,$00,$00,$00,$00
 266+ 7C54 00 00 00 00
 266+ 7C58 00 00 00 00
 266+ 7C5C 00 00 00 00
 267+ 7C60 00 00 00 00  DB $00,$00,$00,$00,$00,$00,$00,$00,$00,$00,$00,$00,$00,$00,$00,$00
 267+ 7C64 00 00 00 00
 267+ 7C68 00 00 00 00
 267+ 7C6C 00 00 00 00
 268+ 7C70 00 00 00 00  DB $00,$00,$00,$00,$00,$00,$00,$00,$00,$00,$00,$00,$00,$00,$00,$00
 268+ 7C74 00 00 00 00
 268+ 7C78 00 00 00 00
 268+ 7C7C 00 00 00 00
 269+ 7C80 00 00 00 00  DB $00,$00,$00,$00,$00,$00,$00,$00,$00,$00,$00,$00,$00,$00,$00,$00
 269+ 7C84 00 00 00 00
 269+ 7C88 00 00 00 00
 269+ 7C8C 00 00 00 00
 270+ 7C90 00 00 00 00  DB $00,$00,$00,$00,$00,$00,$00,$00,$00,$00,$00,$00,$00,$00,$00,$00
 270+ 7C94 00 00 00 00
 270+ 7C98 00 00 00 00
 270+ 7C9C 00 00 00 00
 271+ 7CA0 00 00 00 00  DB $00,$00,$00,$00,$00,$00,$00,$00,$00,$00,$00,$00,$00,$00,$00,$00
 271+ 7CA4 00 00 00 00
 271+ 7CA8 00 00 00 00
 271+ 7CAC 00 00 00 00
 272+ 7CB0 00 00 00 00  DB $00,$00,$00,$00,$00,$00,$00,$00,$00,$00,$00,$00,$00,$00,$00,$00
 272+ 7CB4 00 00 00 00
 272+ 7CB8 00 00 00 00
 272+ 7CBC 00 00 00 00
 273+ 7CC0 00 00 00 00  DB $00,$00,$00,$00,$00,$00,$00,$00,$00,$00,$00,$00,$00,$00,$00,$00
 273+ 7CC4 00 00 00 00
 273+ 7CC8 00 00 00 00
 273+ 7CCC 00 00 00 00
 274+ 7CD0 00 00 00 00  DB $00,$00,$00,$00,$00,$00,$00,$00,$00,$00,$00,$00,$00,$00,$00,$00
 274+ 7CD4 00 00 00 00
 274+ 7CD8 00 00 00 00
 274+ 7CDC 00 00 00 00
 275+ 7CE0 00 00 00 00  DB $00,$00,$00,$00,$00,$00,$00,$00,$00,$00,$00,$00,$00,$00,$00,$00
 275+ 7CE4 00 00 00 00
 275+ 7CE8 00 00 00 00
 275+ 7CEC 00 00 00 00
 276+ 7CF0 00 00 00 00  DB $00,$00,$00,$00,$00,$00,$00,$00,$00,$00,$00,$00,$00,$00,$00,$00
 276+ 7CF4 00 00 00 00
 276+ 7CF8 00 00 00 00
 276+ 7CFC 00 00 00 00
 277+ 7D00 00 00 00 00  DB $00,$00,$00,$00,$00,$00,$00,$00,$00,$00,$00,$00,$00,$00,$00,$00
 277+ 7D04 00 00 00 00
 277+ 7D08 00 00 00 00
 277+ 7D0C 00 00 00 00
 278+ 7D10 00 00 00 00  DB $00,$00,$00,$00,$00,$00,$00,$00,$00,$00,$00,$00,$00,$00,$00,$00
 278+ 7D14 00 00 00 00
 278+ 7D18 00 00 00 00
 278+ 7D1C 00 00 00 00
 279+ 7D20 00 00 00 00  DB $00,$00,$00,$00,$00,$00,$00,$00,$00,$00,$00,$00,$00,$00,$00,$00
 279+ 7D24 00 00 00 00
 279+ 7D28 00 00 00 00
 279+ 7D2C 00 00 00 00
 280+ 7D30 00 00 00 00  DB $00,$00,$00,$00,$00,$00,$00,$00,$00,$00,$00,$00,$00,$00,$00,$00
 280+ 7D34 00 00 00 00
 280+ 7D38 00 00 00 00
 280+ 7D3C 00 00 00 00
 281+ 7D40 00 00 00 00  DB $00,$00,$00,$00,$00,$00,$00,$00,$00,$00,$00,$00,$00,$00,$00,$00
 281+ 7D44 00 00 00 00
 281+ 7D48 00 00 00 00
 281+ 7D4C 00 00 00 00
 282+ 7D50 00 00 00 00  DB $00,$00,$00,$00,$00,$00,$00,$00,$00,$00,$00,$00,$00,$00,$00,$00
 282+ 7D54 00 00 00 00
 282+ 7D58 00 00 00 00
 282+ 7D5C 00 00 00 00
 283+ 7D60 00 00 00 00  DB $00,$00,$00,$00,$00,$00,$00,$00,$00,$00,$00,$00,$00,$00,$00,$00
 283+ 7D64 00 00 00 00
 283+ 7D68 00 00 00 00
 283+ 7D6C 00 00 00 00
 284+ 7D70 00 00 00 00  DB $00,$00,$00,$00,$00,$00,$00,$00,$00,$00,$00,$00,$00,$00,$00,$00
 284+ 7D74 00 00 00 00
 284+ 7D78 00 00 00 00
 284+ 7D7C 00 00 00 00
 285+ 7D80 00 00 00 00  DB $00,$00,$00,$00,$00,$00,$00,$00,$00,$00,$00,$00,$00,$00,$00,$00
 285+ 7D84 00 00 00 00
 285+ 7D88 00 00 00 00
 285+ 7D8C 00 00 00 00
 286+ 7D90 00 00 00 00  DB $00,$00,$00,$00,$00,$00,$00,$00,$00,$00,$00,$00,$00,$00,$00,$00
 286+ 7D94 00 00 00 00
 286+ 7D98 00 00 00 00
 286+ 7D9C 00 00 00 00
 287+ 7DA0 00 00 00 00  DB $00,$00,$00,$00,$00,$00,$00,$00,$00,$00,$00,$00,$00,$00,$00,$00
 287+ 7DA4 00 00 00 00
 287+ 7DA8 00 00 00 00
 287+ 7DAC 00 00 00 00
 288+ 7DB0 00 00 00 00  DB $00,$00,$00,$00,$00,$00,$00,$00,$00,$00,$00,$00,$00,$00,$00,$00
 288+ 7DB4 00 00 00 00
 288+ 7DB8 00 00 00 00
 288+ 7DBC 00 00 00 00
 289+ 7DC0 00 00 00 00  DB $00,$00,$00,$00,$00,$00,$E3,$01
 289+ 7DC4 00 00 E3 01
 290+ 7DC8              SpritePalette0Len EQU ($ - SpritePalette0) / 2
 291+ 7DC8
 292+ 7DC8
 293+ 7DC8              ; *****************************************
 294+ 7DC8              ; call to initialise the graphics
 295+ 7DC8              ; *****************************************
 296+ 7DC8              spriteSetup:
 297+ 7DC8
 298+ 7DC8              ; Configure tilemap control
 299+ 7DC8 ED 91 6B A1      NEXTREG $6b, %10100001
 300+ 7DCC              ; bit 7 1= enable tilemap
 301+ 7DCC              ; bit 6 1= 80x32, 0=40x32
 302+ 7DCC              ; bit 5 1= use 6c for attributes (i.e. 1 byte tilemap mode)
 303+ 7DCC              ; bit 4 1= 2nd tilemap palette, 0= first
 304+ 7DCC              ; bit 3 1= activate text mode
 305+ 7DCC              ; bit 2 reserved, set to 0
 306+ 7DCC              ; bit 1 1=512, 0=256 tilemap mode
 307+ 7DCC              ; bit 0 1= force tilemap ontop of ULA
 308+ 7DCC
 309+ 7DCC              ; Default tilemap attribute for 8bit maps
 310+ 7DCC              ; i.e. when using 1 byte tilemap mode
 311+ 7DCC              ; NB limits colours to 0-15
 312+ 7DCC ED 91 6C 01      NEXTREG $6c, %00000001
 313+ 7DD0              ; bit 7-4 Palette offset
 314+ 7DD0              ; bit 3 1=mirror in X direction
 315+ 7DD0              ; bit 2 1=mirror in Y direction
 316+ 7DD0              ; bit 1 1=rotate 90deg clockwise
 317+ 7DD0              ; bit 0 1=ula overtilemap, 0=tilemap over ULA
 318+ 7DD0
 319+ 7DD0              ; ULA control
 320+ 7DD0 ED 91 68 00      NEXTREG $68, $0
 321+ 7DD4              ; bit 7 1=disable ULA output
 322+ 7DD4              ; bit 6 concerned with blending in SLU modes 6/7
 323+ 7DD4              ;       1=select ULA/tilemap mix
 324+ 7DD4              ;       0=select ULA colour
 325+ 7DD4              ; bits 5-1 reserved, always 0
 326+ 7DD4              ; bit 0 1=enable stencil mode when ULA & tilemap enabled
 327+ 7DD4
 328+ 7DD4              ; point to the tilemap and tile pattern data
 329+ 7DD4 ED 91 6E 60      NEXTREG $6e, tileMap / 256
 330+ 7DD8 ED 91 6F 65      NEXTREG $6f, TilePatterns / 256
 331+ 7DDC
 332+ 7DDC              ; Palette Control
 333+ 7DDC              ; set values for Tilemap palette 0
 334+ 7DDC ED 91 43 30      NEXTREG $43, %00110000
 335+ 7DE0              ; bit 7 1=disable palette auto inc
 336+ 7DE0              ; bit 6-4 select palette for r/w
 337+ 7DE0              ; 000 = ULA palette 1
 338+ 7DE0              ; 100 = ULA palette 2
 339+ 7DE0              ; 001 = Layer 2 palette 1
 340+ 7DE0              ; 101 = Layer 2 palette 2
 341+ 7DE0              ; 010 = Sprites palette 1
 342+ 7DE0              ; 110 = Sprites palette 2
 343+ 7DE0              ; 011 = Tilemap palette 1
 344+ 7DE0              ; 111 = Tilemap palette 2
 345+ 7DE0              ; bit 3
 346+ 7DE0              ; bit 2
 347+ 7DE0              ; bit 1
 348+ 7DE0              ; bit 0
 349+ 7DE0
 350+ 7DE0              ; set index of transparent colour in the tile palette
 351+ 7DE0 ED 91 4C 0F    NEXTREG $4C, 015
 352+ 7DE4
 353+ 7DE4
 354+ 7DE4              ; load the colours into the palette memory
 355+ 7DE4              ; here we are using 9 bit colours, so use $44 to do the load
 356+ 7DE4
 357+ 7DE4              ; first initialise the palette index to 0
 358+ 7DE4 ED 91 40 00      NEXTREG $40, 0
 359+ 7DE8
 360+ 7DE8              ; set the number of colours
 361+ 7DE8              ; set location of Tilemap palette data
 362+ 7DE8 01 00 01         LD BC, TilePalette0Len
 363+ 7DEB 21 00 7A         LD HL, TilePalette0
 364+ 7DEE
 365+ 7DEE              ; write palette data, 2 bytes per colour
 366+ 7DEE              tilemapPalette0Loop:
 367+ 7DEE 7E               LD A, (HL)
 368+ 7DEF 23               INC HL
 369+ 7DF0 ED 92 44         NEXTREG $44, A
 370+ 7DF3 7E               LD A, (HL)
 371+ 7DF4 23               INC HL
 372+ 7DF5 ED 92 44         NEXTREG $44, A
 373+ 7DF8 0B               DEC BC
 374+ 7DF9 78               LD A, B
 375+ 7DFA B1               OR C
 376+ 7DFB 20 F1            JR NZ, tilemapPalette0Loop
 377+ 7DFD
 378+ 7DFD              ; Configure Sprite and Layers System
 379+ 7DFD              ; NEXTREG $15, %00000011
 380+ 7DFD ED 91 15 17      NEXTREG $15, %00010111
 381+ 7E01              ; bit 7 1=enable lo-res
 382+ 7E01              ; bit 6 1=flip sprite rendering priority
 383+ 7E01              ; bit 5 1=change clipping over border mode
 384+ 7E01              ; bit 4-2 000=sprites on top, layer 2 under
 385+ 7E01              ; bit 1 1=enable sprites over border
 386+ 7E01              ; bit 0 1=enable sprite visibility
 387+ 7E01
 388+ 7E01 01 3B 30         LD BC, $303b                 ; set port for Sprites
 389+ 7E04 97 97            SUB A, A                     ; Set sprite index to 0
 390+ 7E06 ED 79            OUT (C), A                   ; write to port
 391+ 7E08
 392+ 7E08 21 00 66         LD HL, SpritePatterns; point to sprite patterns
 393+ 7E0B 01 5B 00         LD BC, $5b                    ; set port to write patterns to
 394+ 7E0E 11 00 14         LD DE, endofSprites - SpritePatterns
 395+ 7E11
 396+ 7E11              spritePatternLoop:
 397+ 7E11 7E               LD A, (HL)                    ; get each byte of pattern data
 398+ 7E12 23               INC HL                        ; ready for next read
 399+ 7E13 ED 79            OUT (C), A                    ; upload to sprite memory
 400+ 7E15 1B               DEC DE                        ; dec loop count
 401+ 7E16 7B               LD A, E                       ; test for 0
 402+ 7E17 B7 B2            OR A, D
 403+ 7E19 20 F6            JR NZ, spritePatternLoop      ; loop if more data
 404+ 7E1B
 405+ 7E1B              ; Palette Control
 406+ 7E1B              ; set values for Sprites palette 1
 407+ 7E1B ED 91 43 20      NEXTREG $43, %00100000
 408+ 7E1F              ; bit 7 1=disable palette auto inc
 409+ 7E1F              ; bit 6-4 select palette for r/w
 410+ 7E1F              ; 000 = ULA palette 1
 411+ 7E1F              ; 100 = ULA palette 2
 412+ 7E1F              ; 001 = Layer 2 palette 1
 413+ 7E1F              ; 101 = Layer 2 palette 2
 414+ 7E1F              ; 010 = Sprites palette 1
 415+ 7E1F              ; 110 = Sprites palette 2
 416+ 7E1F              ; 011 = Tilemap palette 1
 417+ 7E1F              ; 111 = Tilemap palette 2
 418+ 7E1F              ; bit 3
 419+ 7E1F              ; bit 2
 420+ 7E1F              ; bit 1
 421+ 7E1F              ; bit 0
 422+ 7E1F
 423+ 7E1F              TRANSPARENT_SPRITE_SLOT
 424+ 7E1F
 425+ 7E1F              ; set global transparency fallback
 426+ 7E1F ED 91 14 00      NEXTREG $14, 0
 427+ 7E23
 428+ 7E23              ; load the colours into the palette memory
 429+ 7E23              ; here we are using 9 bit colours, so use $44 to do the load
 430+ 7E23
 431+ 7E23              ; first initialise the palette index to 0
 432+ 7E23 ED 91 40 00      NEXTREG $40, 0
 433+ 7E27
 434+ 7E27              ; set the number of colours
 435+ 7E27              ; set location of sprite palette data
 436+ 7E27 01 E4 00         LD BC, SpritePalette0Len
 437+ 7E2A 21 00 7C         LD HL, SpritePalette0
 438+ 7E2D
 439+ 7E2D                  ; write palette data, 2 bytes per colour
 440+ 7E2D              spritePalette0Loop:
 441+ 7E2D 7E               LD A, (HL)
 442+ 7E2E 23               INC HL
 443+ 7E2F ED 92 44         NEXTREG $44, A
 444+ 7E32 7E               LD A, (HL)
 445+ 7E33 23               INC HL
 446+ 7E34 ED 92 44         NEXTREG $44, A
 447+ 7E37 0B               DEC BC
 448+ 7E38 78               LD A, B
 449+ 7E39 B1               OR C
 450+ 7E3A 20 F1            JR NZ, spritePalette0Loop
 451+ 7E3C
 452+ 7E3C C9               RET
 453+ 7E3D
# file closed: maze2.inc
   4  7E3D              INCLUDE "keysroutines.inc"
# file opened: keysroutines.inc
   1+ 7E3D              DEVICE ZXSPECTRUMNEXT
   2+ 7E3D
   3+ 7E3D              KEY_AVAILABLE       EQU 1
   4+ 7E3D              KEY_COLLECTED       EQU 0
   5+ 7E3D              KEY_COUNT           EQU 4
   6+ 7E3D 00 00 00...  KEY_DATA            defs 3 * KEY_COUNT              ; [tile X, tile Y, status ] * KEY_COUNT
   7+ 7E49
   8+ 7E49              ;===========================================================
   9+ 7E49              ; display "Keys: n/x"
  10+ 7E49              ;===========================================================
  11+ 7E49              showKeys:
  12+ 7E49 FD 21 15 80          ld iy, keys_text
  13+ 7E4D CD 63 86             call displayText
  14+ 7E50 01 13 00             ld bc, 19
  15+ 7E53 3A C9 8E             ld a, (playerKeys)
  16+ 7E56 CD E1 86             call DisplayDigit
  17+ 7E59
  18+ 7E59 01 15 00             ld bc, 21
  19+ 7E5C 3E 04                ld a, KEY_COUNT
  20+ 7E5E CD E1 86             call DisplayDigit
  21+ 7E61 C9                   ret
  22+ 7E62
  23+ 7E62              ;===========================================================
  24+ 7E62              ; this routine called when a key is collected
  25+ 7E62              ; it removes the key from the maze map
  26+ 7E62              ; clears and repopulates the distance map
  27+ 7E62              ; updates the playerKeys and shows current status
  28+ 7E62              ;===========================================================
  29+ 7E62              collectKey:
  30+ 7E62 21 3D 7E             ld hl, KEY_DATA                             ; point to the key data
  31+ 7E65 47                   ld b, a                                     ; save key index, 0, 1, 2 or 3
  32+ 7E66 87                   add a, a                                    ; we want a*3, eg if 2 => 4
  33+ 7E67 80                   add a, b                                    ; add on the original index, e.g. 2 => 6
  34+ 7E68 ED 31                add hl, a                                   ; now we point to this keys data
  35+ 7E6A 56                   ld d, (hl)                                  ; get the tile x
  36+ 7E6B 23                   inc hl
  37+ 7E6C 5E                   ld e, (hl)                                  ; get the tile y
  38+ 7E6D 23                   inc hl
  39+ 7E6E 36 00                ld (hl), KEY_COLLECTED                      ; set the key as collected
  40+ 7E70 6A                   ld l, d
  41+ 7E71 63                   ld h, e
  42+ 7E72 3E 00                ld a, MAP_PATH
  43+ 7E74 CD 19 83             call putMapByte                             ; key at tile x, y
  44+ 7E77
  45+ 7E77 6A                   ld l, d
  46+ 7E78 63                   ld h, e
  47+ 7E79 2C                   inc l
  48+ 7E7A 3E 00                ld a, MAP_PATH
  49+ 7E7C CD 19 83             call putMapByte                             ; key at tile x+1, y
  50+ 7E7F
  51+ 7E7F 6A                   ld l, d
  52+ 7E80 63                   ld h, e
  53+ 7E81 24                   inc h
  54+ 7E82 3E 00                ld a, MAP_PATH
  55+ 7E84 CD 19 83             call putMapByte                             ; key at tile x, y+1
  56+ 7E87
  57+ 7E87 6A                   ld l, d
  58+ 7E88 63                   ld h, e
  59+ 7E89 2C                   inc l
  60+ 7E8A 24                   inc h
  61+ 7E8B 3E 00                ld a, MAP_PATH
  62+ 7E8D CD 19 83             call putMapByte                             ; key at tile x+1, y+1
  63+ 7E90
  64+ 7E90 3E 05                ld a, soundCollect
  65+ 7E92 CD FC 8D             call playsound
  66+ 7E95
  67+ 7E95 CD A3 7E             CALL rebuildMaps
  68+ 7E98 3A C9 8E             ld a, (playerKeys)
  69+ 7E9B 3C                   inc a
  70+ 7E9C 32 C9 8E             ld (playerKeys), a
  71+ 7E9F CD 49 7E             call showKeys
  72+ 7EA2 C9                   ret
  73+ 7EA3
  74+ 7EA3              ;===========================================================
  75+ 7EA3              ; this routine callled when a key is collected
  76+ 7EA3              ; for each key still in play it
  77+ 7EA3              ;     calculates the distance field
  78+ 7EA3              ;     rebuilds the radar layer 2 map
  79+ 7EA3              ;===========================================================
  80+ 7EA3              rebuildMaps:
  81+ 7EA3                      ;=======================================================
  82+ 7EA3                      ; build the maps for a new game or when key is collected
  83+ 7EA3                      ;=======================================================
  84+ 7EA3                      SPEED 3
  84+ 7EA3 3E 03       >        ld a, 3
  84+ 7EA5 ED 92 07    >        NEXTREG $07, A
  85+ 7EA8 3E 01                ld a, 1                                     ; indicator for interupt handler
  86+ 7EAA 32 1E 82             ld (floodInProgress), a                     ; set it
  87+ 7EAD
  88+ 7EAD CD 1F 82             call clearFloodField                        ; clear any flood fill
  89+ 7EB0
  90+ 7EB0 06 00                ld b, 0
  91+ 7EB2              .keyFlood:
  92+ 7EB2 C5                   push bc
  93+ 7EB3                      ; compute KEY_DATA + b*3 fresh each time (floodFill trashes HL)
  94+ 7EB3 21 3D 7E             ld hl, KEY_DATA
  95+ 7EB6 78                   ld a, b
  96+ 7EB7 87                   add a, a
  97+ 7EB8 80                   add a, b                        ; A = b*3
  98+ 7EB9 ED 31                add hl, a                       ; HL -> this key's record
  99+ 7EBB 56                   ld d, (hl)                      ; tileX
 100+ 7EBC 23                   inc hl
 101+ 7EBD 5E                   ld e, (hl)                      ; tileY
 102+ 7EBE 23                   inc hl
 103+ 7EBF 7E                   ld a, (hl)                      ; status
 104+ 7EC0 FE 01                cp KEY_AVAILABLE
 105+ 7EC2 20 0B                jr nz, .nextKey
 106+ 7EC4 7A                   ld a, d
 107+ 7EC5 32 74 93             ld (floodTargetX), a
 108+ 7EC8 7B                   ld a, e
 109+ 7EC9 32 75 93             ld (floodTargetY), a
 110+ 7ECC CD 3B 82             call floodFill                  ; trashes HL - but we recompute it next iter
 111+ 7ECF              .nextKey:
 112+ 7ECF C1                   pop bc
 113+ 7ED0
 114+ 7ED0 04                   inc b
 115+ 7ED1 78                   ld a, b
 116+ 7ED2 FE 04                cp KEY_COUNT
 117+ 7ED4 20 DC                jr nz, .keyFlood
 118+ 7ED6
 119+ 7ED6 CD A8 83             call buildMapImage                          ; render maze into Layer 2
 120+ 7ED9
 121+ 7ED9 3E 00                LD A, 0                                     ; reset value
 122+ 7EDB 32 1E 82             ld (floodInProgress), a                     ; indicator for interupt handler
 123+ 7EDE ED 92 6C             nextreg $6c, a                              ; tilemap palette offset 0
 124+ 7EE1                      SPEED 0
 124+ 7EE1 3E 00       >        ld a, 0
 124+ 7EE3 ED 92 07    >        NEXTREG $07, A
 125+ 7EE6 C9                   ret
 126+ 7EE7
 127+ 7EE7              ;===========================================================
 128+ 7EE7              ; this routine called as part of a new game
 129+ 7EE7              ; it randomly adds each key into the maze map
 130+ 7EE7              ;===========================================================
 131+ 7EE7              addKey:
 132+ 7EE7 06 00                ld b, 0
 133+ 7EE9              .nextKey:
 134+ 7EE9 C5                   push bc
 135+ 7EEA              .tryPos:
 136+ 7EEA                      ; random tile X 0..254
 137+ 7EEA CD A2 9D     .rx:    call rnd8
 138+ 7EED FE FF                cp 255
 139+ 7EEF 28 F9                jr z, .rx                                   ; reject 255 (no room for tx+1)
 140+ 7EF1 57                   ld d, a                                     ; D = candidate tileX
 141+ 7EF2
 142+ 7EF2                      ; random tile Y 0..190
 143+ 7EF2 CD A2 9D     .ry:    call rnd8
 144+ 7EF5 FE 08                cp 8
 145+ 7EF7 38 F9                jr c, .ry
 146+ 7EF9 FE BF                cp 191
 147+ 7EFB 30 F5                jr nc, .ry                                  ; reject 191..255 (need ty in 0..190)
 148+ 7EFD 5F                   ld e, a                                     ; E = candidate tileY
 149+ 7EFE
 150+ 7EFE              .loop
 151+ 7EFE                      ; --- test all four tiles of the 2x2 footprint are open ---
 152+ 7EFE 42                   ld b, d
 153+ 7EFF 4B                   ld c, e
 154+ 7F00                      GET_WORLD_VALUE TILEMAP_PAGE, USE_BC        ; (tx, ty)
 154+ 7F00             >; given B= tile X, C= tile Y, return "world" value at this position in the world map
 154+ 7F00             >;
 154+ 7F00             >;       arg  is TILEMAP_PAGE
 154+ 7F00             >;            or DFIELD_PAGE
 154+ 7F00             >;
 154+ 7F00             >;       arg1 decides if input comes from BC or directly from HL
 154+ 7F00             >;            NB if directly from HL then L = tile X, H = tile Y
 154+ 7F00             >;
 154+ 7F00             >        if USE_BC = 0
 154+ 7F00 61          >        ld h, c                                     ; read the Y tile coordinate of the top-left corner we want
 154+ 7F01             >                                                    ; put it in H (this is the same as multiplying by 256)
 154+ 7F01 68          >        ld l, b                                     ; read the X tile coordinate into L
 154+ 7F02             >                                                    ; Result: HL now holds tile_y * 256 + tile_x
 154+ 7F02             >                                                    ; This is the byte offset into "world" map.
 154+ 7F02             >        endif
 154+ 7F02             >
 154+ 7F02             >    ; STEP 2: Calculate which 8K physical page the data lives in
 154+ 7F02 7C          >        ld   a,h                                    ; take the high byte of the offset (which is tile_y)
 154+ 7F03 CB 3F       >        srl  a                                      ; divide by 2
 154+ 7F05 CB 3F       >        srl  a                                      ; divide by 2 again  → now /4
 154+ 7F07 CB 3F       >        srl  a                                      ; /8
 154+ 7F09 CB 3F       >        srl  a                                      ; /16
 154+ 7F0B CB 3F       >        srl  a                                      ; /32   ← this is the same as tile_y ÷ 32
 154+ 7F0D             >                                                    ; Why divide by 32?
 154+ 7F0D             >                                                    ;   Each page is 8192 bytes.
 154+ 7F0D             >                                                    ;   Each row is 256 bytes.
 154+ 7F0D             >                                                    ;   8192 ÷ 256 = exactly 32 rows per page.
 154+ 7F0D             >                                                    ;   Therefore page number = 40 + (tile_y ÷ 32)
 154+ 7F0D             >
 154+ 7F0D C6 28       >        add  a, TILEMAP_PAGE                                 ; add the starting page number
 154+ 7F0F             >
 154+ 7F0F ED 92 56    >        nextreg $56,a                               ; set MMU slot 6 ($C000-$DFFF) to that page
 154+ 7F12             >
 154+ 7F12             >
 154+ 7F12             >    ; STEP 3: Keep only the part of the address that fits inside one 8K page
 154+ 7F12 7C          >        ld   a,h                                    ; get the high byte again
 154+ 7F13 E6 1F       >        and  $1F                                    ; $1F is binary 00011111 → keeps only the lowest 5 bits
 154+ 7F15             >                                                    ; This is exactly the same as (tile_y * 256 + tile_x) modulo 8192
 154+ 7F15             >                                                    ; (because 8192 = 2^13 and we are discarding everything above bit 12)
 154+ 7F15 67          >        ld   h,a                                    ; HL now holds the offset *inside* the current 8K page
 154+ 7F16             >
 154+ 7F16             >    ; STEP 4: add the page offset so we can read it
 154+ 7F16 ED 34 00 C0 >        add  hl, $C000                              ; HL = $C000 + offset_inside_page
 154+ 7F1A             >                                                    ; HL now points directly at the first byte we want to copy
 154+ 7F1A 7E          >        ld a, (hl)                                  ; so get the byte
 155+ 7F1B A7                   and a
 156+ 7F1C 20 CC                jr nz, .tryPos                              ; wall -> reject, draw again
 157+ 7F1E
 158+ 7F1E 42                   ld b, d
 159+ 7F1F 4B                   ld c, e
 160+ 7F20 04                   inc b
 161+ 7F21                      GET_WORLD_VALUE TILEMAP_PAGE, USE_BC        ; (tx+1, ty)
 161+ 7F21             >; given B= tile X, C= tile Y, return "world" value at this position in the world map
 161+ 7F21             >;
 161+ 7F21             >;       arg  is TILEMAP_PAGE
 161+ 7F21             >;            or DFIELD_PAGE
 161+ 7F21             >;
 161+ 7F21             >;       arg1 decides if input comes from BC or directly from HL
 161+ 7F21             >;            NB if directly from HL then L = tile X, H = tile Y
 161+ 7F21             >;
 161+ 7F21             >        if USE_BC = 0
 161+ 7F21 61          >        ld h, c                                     ; read the Y tile coordinate of the top-left corner we want
 161+ 7F22             >                                                    ; put it in H (this is the same as multiplying by 256)
 161+ 7F22 68          >        ld l, b                                     ; read the X tile coordinate into L
 161+ 7F23             >                                                    ; Result: HL now holds tile_y * 256 + tile_x
 161+ 7F23             >                                                    ; This is the byte offset into "world" map.
 161+ 7F23             >        endif
 161+ 7F23             >
 161+ 7F23             >    ; STEP 2: Calculate which 8K physical page the data lives in
 161+ 7F23 7C          >        ld   a,h                                    ; take the high byte of the offset (which is tile_y)
 161+ 7F24 CB 3F       >        srl  a                                      ; divide by 2
 161+ 7F26 CB 3F       >        srl  a                                      ; divide by 2 again  → now /4
 161+ 7F28 CB 3F       >        srl  a                                      ; /8
 161+ 7F2A CB 3F       >        srl  a                                      ; /16
 161+ 7F2C CB 3F       >        srl  a                                      ; /32   ← this is the same as tile_y ÷ 32
 161+ 7F2E             >                                                    ; Why divide by 32?
 161+ 7F2E             >                                                    ;   Each page is 8192 bytes.
 161+ 7F2E             >                                                    ;   Each row is 256 bytes.
 161+ 7F2E             >                                                    ;   8192 ÷ 256 = exactly 32 rows per page.
 161+ 7F2E             >                                                    ;   Therefore page number = 40 + (tile_y ÷ 32)
 161+ 7F2E             >
 161+ 7F2E C6 28       >        add  a, TILEMAP_PAGE                                 ; add the starting page number
 161+ 7F30             >
 161+ 7F30 ED 92 56    >        nextreg $56,a                               ; set MMU slot 6 ($C000-$DFFF) to that page
 161+ 7F33             >
 161+ 7F33             >
 161+ 7F33             >    ; STEP 3: Keep only the part of the address that fits inside one 8K page
 161+ 7F33 7C          >        ld   a,h                                    ; get the high byte again
 161+ 7F34 E6 1F       >        and  $1F                                    ; $1F is binary 00011111 → keeps only the lowest 5 bits
 161+ 7F36             >                                                    ; This is exactly the same as (tile_y * 256 + tile_x) modulo 8192
 161+ 7F36             >                                                    ; (because 8192 = 2^13 and we are discarding everything above bit 12)
 161+ 7F36 67          >        ld   h,a                                    ; HL now holds the offset *inside* the current 8K page
 161+ 7F37             >
 161+ 7F37             >    ; STEP 4: add the page offset so we can read it
 161+ 7F37 ED 34 00 C0 >        add  hl, $C000                              ; HL = $C000 + offset_inside_page
 161+ 7F3B             >                                                    ; HL now points directly at the first byte we want to copy
 161+ 7F3B 7E          >        ld a, (hl)                                  ; so get the byte
 162+ 7F3C A7                   and a
 163+ 7F3D 20 AB                jr nz, .tryPos
 164+ 7F3F
 165+ 7F3F 42                   ld b, d
 166+ 7F40 4B                   ld c, e
 167+ 7F41 0C                   inc c
 168+ 7F42                      GET_WORLD_VALUE TILEMAP_PAGE, USE_BC        ; (tx, ty+1)
 168+ 7F42             >; given B= tile X, C= tile Y, return "world" value at this position in the world map
 168+ 7F42             >;
 168+ 7F42             >;       arg  is TILEMAP_PAGE
 168+ 7F42             >;            or DFIELD_PAGE
 168+ 7F42             >;
 168+ 7F42             >;       arg1 decides if input comes from BC or directly from HL
 168+ 7F42             >;            NB if directly from HL then L = tile X, H = tile Y
 168+ 7F42             >;
 168+ 7F42             >        if USE_BC = 0
 168+ 7F42 61          >        ld h, c                                     ; read the Y tile coordinate of the top-left corner we want
 168+ 7F43             >                                                    ; put it in H (this is the same as multiplying by 256)
 168+ 7F43 68          >        ld l, b                                     ; read the X tile coordinate into L
 168+ 7F44             >                                                    ; Result: HL now holds tile_y * 256 + tile_x
 168+ 7F44             >                                                    ; This is the byte offset into "world" map.
 168+ 7F44             >        endif
 168+ 7F44             >
 168+ 7F44             >    ; STEP 2: Calculate which 8K physical page the data lives in
 168+ 7F44 7C          >        ld   a,h                                    ; take the high byte of the offset (which is tile_y)
 168+ 7F45 CB 3F       >        srl  a                                      ; divide by 2
 168+ 7F47 CB 3F       >        srl  a                                      ; divide by 2 again  → now /4
 168+ 7F49 CB 3F       >        srl  a                                      ; /8
 168+ 7F4B CB 3F       >        srl  a                                      ; /16
 168+ 7F4D CB 3F       >        srl  a                                      ; /32   ← this is the same as tile_y ÷ 32
 168+ 7F4F             >                                                    ; Why divide by 32?
 168+ 7F4F             >                                                    ;   Each page is 8192 bytes.
 168+ 7F4F             >                                                    ;   Each row is 256 bytes.
 168+ 7F4F             >                                                    ;   8192 ÷ 256 = exactly 32 rows per page.
 168+ 7F4F             >                                                    ;   Therefore page number = 40 + (tile_y ÷ 32)
 168+ 7F4F             >
 168+ 7F4F C6 28       >        add  a, TILEMAP_PAGE                                 ; add the starting page number
 168+ 7F51             >
 168+ 7F51 ED 92 56    >        nextreg $56,a                               ; set MMU slot 6 ($C000-$DFFF) to that page
 168+ 7F54             >
 168+ 7F54             >
 168+ 7F54             >    ; STEP 3: Keep only the part of the address that fits inside one 8K page
 168+ 7F54 7C          >        ld   a,h                                    ; get the high byte again
 168+ 7F55 E6 1F       >        and  $1F                                    ; $1F is binary 00011111 → keeps only the lowest 5 bits
 168+ 7F57             >                                                    ; This is exactly the same as (tile_y * 256 + tile_x) modulo 8192
 168+ 7F57             >                                                    ; (because 8192 = 2^13 and we are discarding everything above bit 12)
 168+ 7F57 67          >        ld   h,a                                    ; HL now holds the offset *inside* the current 8K page
 168+ 7F58             >
 168+ 7F58             >    ; STEP 4: add the page offset so we can read it
 168+ 7F58 ED 34 00 C0 >        add  hl, $C000                              ; HL = $C000 + offset_inside_page
 168+ 7F5C             >                                                    ; HL now points directly at the first byte we want to copy
 168+ 7F5C 7E          >        ld a, (hl)                                  ; so get the byte
 169+ 7F5D A7                   and a
 170+ 7F5E 20 8A                jr nz, .tryPos
 171+ 7F60
 172+ 7F60 42                   ld b, d
 173+ 7F61 04                   inc b
 174+ 7F62 4B                   ld c, e
 175+ 7F63 0C                   inc c
 176+ 7F64                      GET_WORLD_VALUE TILEMAP_PAGE, USE_BC        ; (tx+1, ty+1)
 176+ 7F64             >; given B= tile X, C= tile Y, return "world" value at this position in the world map
 176+ 7F64             >;
 176+ 7F64             >;       arg  is TILEMAP_PAGE
 176+ 7F64             >;            or DFIELD_PAGE
 176+ 7F64             >;
 176+ 7F64             >;       arg1 decides if input comes from BC or directly from HL
 176+ 7F64             >;            NB if directly from HL then L = tile X, H = tile Y
 176+ 7F64             >;
 176+ 7F64             >        if USE_BC = 0
 176+ 7F64 61          >        ld h, c                                     ; read the Y tile coordinate of the top-left corner we want
 176+ 7F65             >                                                    ; put it in H (this is the same as multiplying by 256)
 176+ 7F65 68          >        ld l, b                                     ; read the X tile coordinate into L
 176+ 7F66             >                                                    ; Result: HL now holds tile_y * 256 + tile_x
 176+ 7F66             >                                                    ; This is the byte offset into "world" map.
 176+ 7F66             >        endif
 176+ 7F66             >
 176+ 7F66             >    ; STEP 2: Calculate which 8K physical page the data lives in
 176+ 7F66 7C          >        ld   a,h                                    ; take the high byte of the offset (which is tile_y)
 176+ 7F67 CB 3F       >        srl  a                                      ; divide by 2
 176+ 7F69 CB 3F       >        srl  a                                      ; divide by 2 again  → now /4
 176+ 7F6B CB 3F       >        srl  a                                      ; /8
 176+ 7F6D CB 3F       >        srl  a                                      ; /16
 176+ 7F6F CB 3F       >        srl  a                                      ; /32   ← this is the same as tile_y ÷ 32
 176+ 7F71             >                                                    ; Why divide by 32?
 176+ 7F71             >                                                    ;   Each page is 8192 bytes.
 176+ 7F71             >                                                    ;   Each row is 256 bytes.
 176+ 7F71             >                                                    ;   8192 ÷ 256 = exactly 32 rows per page.
 176+ 7F71             >                                                    ;   Therefore page number = 40 + (tile_y ÷ 32)
 176+ 7F71             >
 176+ 7F71 C6 28       >        add  a, TILEMAP_PAGE                                 ; add the starting page number
 176+ 7F73             >
 176+ 7F73 ED 92 56    >        nextreg $56,a                               ; set MMU slot 6 ($C000-$DFFF) to that page
 176+ 7F76             >
 176+ 7F76             >
 176+ 7F76             >    ; STEP 3: Keep only the part of the address that fits inside one 8K page
 176+ 7F76 7C          >        ld   a,h                                    ; get the high byte again
 176+ 7F77 E6 1F       >        and  $1F                                    ; $1F is binary 00011111 → keeps only the lowest 5 bits
 176+ 7F79             >                                                    ; This is exactly the same as (tile_y * 256 + tile_x) modulo 8192
 176+ 7F79             >                                                    ; (because 8192 = 2^13 and we are discarding everything above bit 12)
 176+ 7F79 67          >        ld   h,a                                    ; HL now holds the offset *inside* the current 8K page
 176+ 7F7A             >
 176+ 7F7A             >    ; STEP 4: add the page offset so we can read it
 176+ 7F7A ED 34 00 C0 >        add  hl, $C000                              ; HL = $C000 + offset_inside_page
 176+ 7F7E             >                                                    ; HL now points directly at the first byte we want to copy
 176+ 7F7E 7E          >        ld a, (hl)                                  ; so get the byte
 177+ 7F7F A7                   and a
 178+ 7F80 C2 EA 7E             jp nz, .tryPos
 179+ 7F83
 180+ 7F83                      ; --- position is valid: D=tileX, E=tileY
 181+ 7F83
 182+ 7F83                      ; --- after the 4 wall-checks pass, before placing the key ensure no flood fill here.
 183+ 7F83 42                   ld b, d
 184+ 7F84 4B                   ld c, e
 185+ 7F85                      GET_WORLD_VALUE DFIELD_PAGE, USE_BC         ; A = field distance at candidate
 185+ 7F85             >; given B= tile X, C= tile Y, return "world" value at this position in the world map
 185+ 7F85             >;
 185+ 7F85             >;       arg  is TILEMAP_PAGE
 185+ 7F85             >;            or DFIELD_PAGE
 185+ 7F85             >;
 185+ 7F85             >;       arg1 decides if input comes from BC or directly from HL
 185+ 7F85             >;            NB if directly from HL then L = tile X, H = tile Y
 185+ 7F85             >;
 185+ 7F85             >        if USE_BC = 0
 185+ 7F85 61          >        ld h, c                                     ; read the Y tile coordinate of the top-left corner we want
 185+ 7F86             >                                                    ; put it in H (this is the same as multiplying by 256)
 185+ 7F86 68          >        ld l, b                                     ; read the X tile coordinate into L
 185+ 7F87             >                                                    ; Result: HL now holds tile_y * 256 + tile_x
 185+ 7F87             >                                                    ; This is the byte offset into "world" map.
 185+ 7F87             >        endif
 185+ 7F87             >
 185+ 7F87             >    ; STEP 2: Calculate which 8K physical page the data lives in
 185+ 7F87 7C          >        ld   a,h                                    ; take the high byte of the offset (which is tile_y)
 185+ 7F88 CB 3F       >        srl  a                                      ; divide by 2
 185+ 7F8A CB 3F       >        srl  a                                      ; divide by 2 again  → now /4
 185+ 7F8C CB 3F       >        srl  a                                      ; /8
 185+ 7F8E CB 3F       >        srl  a                                      ; /16
 185+ 7F90 CB 3F       >        srl  a                                      ; /32   ← this is the same as tile_y ÷ 32
 185+ 7F92             >                                                    ; Why divide by 32?
 185+ 7F92             >                                                    ;   Each page is 8192 bytes.
 185+ 7F92             >                                                    ;   Each row is 256 bytes.
 185+ 7F92             >                                                    ;   8192 ÷ 256 = exactly 32 rows per page.
 185+ 7F92             >                                                    ;   Therefore page number = 40 + (tile_y ÷ 32)
 185+ 7F92             >
 185+ 7F92 C6 2E       >        add  a, DFIELD_PAGE                                 ; add the starting page number
 185+ 7F94             >
 185+ 7F94 ED 92 56    >        nextreg $56,a                               ; set MMU slot 6 ($C000-$DFFF) to that page
 185+ 7F97             >
 185+ 7F97             >
 185+ 7F97             >    ; STEP 3: Keep only the part of the address that fits inside one 8K page
 185+ 7F97 7C          >        ld   a,h                                    ; get the high byte again
 185+ 7F98 E6 1F       >        and  $1F                                    ; $1F is binary 00011111 → keeps only the lowest 5 bits
 185+ 7F9A             >                                                    ; This is exactly the same as (tile_y * 256 + tile_x) modulo 8192
 185+ 7F9A             >                                                    ; (because 8192 = 2^13 and we are discarding everything above bit 12)
 185+ 7F9A 67          >        ld   h,a                                    ; HL now holds the offset *inside* the current 8K page
 185+ 7F9B             >
 185+ 7F9B             >    ; STEP 4: add the page offset so we can read it
 185+ 7F9B ED 34 00 C0 >        add  hl, $C000                              ; HL = $C000 + offset_inside_page
 185+ 7F9F             >                                                    ; HL now points directly at the first byte we want to copy
 185+ 7F9F 7E          >        ld a, (hl)                                  ; so get the byte
 186+ 7FA0 FE FF                cp 255                                      ; 255 = unflooded
 187+ 7FA2 C2 EA 7E             jp nz, .tryPos                              ; already flooded -> re-pick
 188+ 7FA5
 189+ 7FA5 6A                   ld l, d
 190+ 7FA6 63                   ld h, e
 191+ 7FA7 3E 04                ld a, MAP_KEYTL
 192+ 7FA9 CD 19 83             call putMapByte                             ; key at tile x, y
 193+ 7FAC
 194+ 7FAC 6A                   ld l, d
 195+ 7FAD 63                   ld h, e
 196+ 7FAE 2C                   inc l
 197+ 7FAF 3E 05                ld a, MAP_KEYTR
 198+ 7FB1 CD 19 83             call putMapByte                             ; key at tile x+1, y
 199+ 7FB4
 200+ 7FB4 6A                   ld l, d
 201+ 7FB5 63                   ld h, e
 202+ 7FB6 24                   inc h
 203+ 7FB7 3E 06                ld a, MAP_KEYBL
 204+ 7FB9 CD 19 83             call putMapByte                             ; key at tile x, y+1
 205+ 7FBC
 206+ 7FBC 6A                   ld l, d
 207+ 7FBD 63                   ld h, e
 208+ 7FBE 2C                   inc l
 209+ 7FBF 24                   inc h
 210+ 7FC0 3E 07                ld a, MAP_KEYBR
 211+ 7FC2 CD 19 83             call putMapByte                             ; key at tile x+1, y+1
 212+ 7FC5
 213+ 7FC5 D5                   push de
 214+ 7FC6 7A                   ld a, d
 215+ 7FC7 32 74 93             ld (floodTargetX), a
 216+ 7FCA 7B                   ld a, e
 217+ 7FCB 32 75 93             ld (floodTargetY), a
 218+ 7FCE CD 3B 82             call floodFill
 219+ 7FD1 D1                   pop de
 220+ 7FD2
 221+ 7FD2 C1                   pop bc
 222+ 7FD3 21 3D 7E             ld hl, KEY_DATA
 223+ 7FD6 78                   ld a, b
 224+ 7FD7 87                   add a, a
 225+ 7FD8 80                   add a, b
 226+ 7FD9 ED 31                add hl, a
 227+ 7FDB 72                   ld (hl), d
 228+ 7FDC 23                   inc hl
 229+ 7FDD 73                   ld (hl), e
 230+ 7FDE 23                   inc hl
 231+ 7FDF 36 01                ld (hl), KEY_AVAILABLE
 232+ 7FE1
 233+ 7FE1 04                   inc b
 234+ 7FE2 78                   ld a, b
 235+ 7FE3 FE 04                cp KEY_COUNT
 236+ 7FE5 C2 E9 7E             jp nz, .nextKey
 237+ 7FE8 C9                   ret
 238+ 7FE9
# file closed: keysroutines.inc
   5  7FE9              INCLUDE "initialisation.inc"
# file opened: initialisation.inc
   1+ 7FE9              device ZXSPECTRUMNEXT
   2+ 7FE9
   3+ 7FE9              ;attr bytes
   4+ 7FE9              ; Bit:  7      6      5    4    3      2    1    0
   5+ 7FE9              ;       FLASH  BRIGHT P2   P1   P0     I2   I1   I0
   6+ 7FE9              ; Colour codes: 0=black, 1=blue, 2=red, 3=magenta, 4=green, 5=cyan, 6=yellow, 7=white.
   7+ 7FE9
   8+ 7FE9              HUD_ATTR        equ %01110000                       ; BRIGHT yellow paper, black ink
   9+ 7FE9              HEALTH_ATTR     equ %01110001
  10+ 7FE9 16 00 00 53  score_text      defb 22, 0, 0, "Score: ", $ff
  10+ 7FED 63 6F 72 65
  10+ 7FF1 3A 20 FF
  11+ 7FF4 16 01 00 48  hiscore_text    defb 22, 1, 0, "High : ", $ff
  11+ 7FF8 69 67 68 20
  11+ 7FFC 3A 20 FF
  12+ 7FFF 16 02 00 48  health_text     defb 22, 2, 0, "Health:", $ff
  12+ 8003 65 61 6C 74
  12+ 8007 68 3A FF
  13+ 800A 16 00 18 4C  lives_text      defb 22, 0, 24, "Lives: ", $ff
  13+ 800E 69 76 65 73
  13+ 8012 3A 20 FF
  14+ 8015 16 00 0D 4B  keys_text       defb 22, 0, 13, "Keys:  / ", $ff
  14+ 8019 65 79 73 3A
  14+ 801D 20 20 2F 20
  14+ 8021 FF
  15+ 8022 16 02 07 80  health_bar      defb 22, 2, 7, 128, 128, 128, 128, 128, 128, 128, 128, 128, 128, 128,128, 128, 128, 128, 128, 128, 128, 128, 128, 128, 128, 128, 128, $ff
  15+ 8026 80 80 80 80
  15+ 802A 80 80 80 80
  15+ 802E 80 80 80 80
  15+ 8032 80 80 80 80
  15+ 8036 80 80 80 80
  15+ 803A 80 80 80 FF
  16+ 803E              healthattr      equ $5847
  17+ 803E              initHealthBlock equ 23
  18+ 803E              initHealth      equ 8
  19+ 803E
  20+ 803E              ; ---- attract-screen instruction text ----
  21+ 803E 16 03 09 4D  at_title defb 22,  3, 9, "MAZE OF SKULLS", $ff
  21+ 8042 41 5A 45 20
  21+ 8046 4F 46 20 53
  21+ 804A 4B 55 4C 4C
  21+ 804E 53 FF
  22+ 8050 16 06 04 46  at_l1    defb 22,  6, 4, "FIND THE SCATTERED KEYS", $ff
  22+ 8054 49 4E 44 20
  22+ 8058 54 48 45 20
  22+ 805C 53 43 41 54
  22+ 8060 54 45 52 45
  22+ 8064 44 20 4B 45
  22+ 8068 59 53 FF
  23+ 806B 16 08 08 41  at_l2    defb 22,  8, 8, "AVOID THE SKULLS", $ff
  23+ 806F 56 4F 49 44
  23+ 8073 20 54 48 45
  23+ 8077 20 53 4B 55
  23+ 807B 4C 4C 53 FF
  24+ 807F 16 0B 09 51  at_l3    defb 22, 11, 9, "Q  -  UP", $ff
  24+ 8083 20 20 2D 20
  24+ 8087 20 55 50 FF
  25+ 808B 16 0C 09 41  at_l4    defb 22, 12, 9, "A  -  DOWN", $ff
  25+ 808F 20 20 2D 20
  25+ 8093 20 44 4F 57
  25+ 8097 4E FF
  26+ 8099 16 0D 09 4F  at_l5    defb 22, 13, 9, "O  -  LEFT", $ff
  26+ 809D 20 20 2D 20
  26+ 80A1 20 4C 45 46
  26+ 80A5 54 FF
  27+ 80A7 16 0E 09 50  at_l6    defb 22, 14, 9, "P  -  RIGHT", $ff
  27+ 80AB 20 20 2D 20
  27+ 80AF 20 52 49 47
  27+ 80B3 48 54 FF
  28+ 80B6 16 0F 09 59  at_l7    defb 22, 15, 9, "Y  -  BRIEF RADAR VIEW", $ff
  28+ 80BA 20 20 2D 20
  28+ 80BE 20 42 52 49
  28+ 80C2 45 46 20 52
  28+ 80C6 41 44 41 52
  28+ 80CA 20 56 49 45
  28+ 80CE 57 FF
  29+ 80D0 16 12 05 50  at_l8    defb 22, 18, 5, "PRESS ANY KEY TO PLAY", $ff
  29+ 80D4 52 45 53 53
  29+ 80D8 20 41 4E 59
  29+ 80DC 20 4B 45 59
  29+ 80E0 20 54 4F 20
  29+ 80E4 50 4C 41 59
  29+ 80E8 FF
  30+ 80E9
  31+ 80E9
  32+ 80E9              ;===========================================================
  33+ 80E9              ; add 1 to the current score and display it
  34+ 80E9              ;===========================================================
  35+ 80E9              addScore:
  36+ 80E9 21 CF 8E             ld hl, score0                               ; point to the units value
  37+ 80EC              .addScore1:
  38+ 80EC 7E                   ld a, (hl)                                  ; get digit here
  39+ 80ED FE 09                cp 9                                        ; is it 9, +1 needs to set to 0 and carry 1 to next value
  40+ 80EF 28 03                jr z, .scoreCarry                           ; branch if so to carry
  41+ 80F1 34                   inc (hl)                                    ; otherwise just increment this one
  42+ 80F2 18 08                jr showScore                                ; and show the result
  43+ 80F4
  44+ 80F4              .scoreCarry:
  45+ 80F4 36 00                ld (hl), 0                                  ; carry occured, so set this one to 0
  46+ 80F6 2B                   dec hl                                      ; point to next value
  47+ 80F7 7D                   ld a, l                                     ; get low byte of this entry
  48+ 80F8 FE CB                cp low score4                               ; check to see if will are going to overflow
  49+ 80FA 30 F0                jr nc, .addScore1                           ; branch if not so do the +1
  50+ 80FC
  51+ 80FC              ; routine as part of addScore but can be called independently
  52+ 80FC              showScore:
  53+ 80FC 01 07 00             ld bc, 7
  54+ 80FF 11 CB 8E             ld de, score4
  55+ 8102 1A                   ld a, (de)
  56+ 8103 C6 30                add a, "0"
  57+ 8105 CD 85 86             call displayChar                            ; ten thousands
  58+ 8108 13                   inc de
  59+ 8109 1A                   ld a, (de)
  60+ 810A C6 30                add a, "0"
  61+ 810C CD 85 86             call displayChar                            ; thousands
  62+ 810F 13                   inc de
  63+ 8110 1A                   ld a, (de)
  64+ 8111 C6 30                add a, "0"
  65+ 8113 CD 85 86             call displayChar                            ; hundreds
  66+ 8116 13                   inc de
  67+ 8117 1A                   ld a, (de)
  68+ 8118 C6 30                add a, "0"
  69+ 811A CD 85 86             call displayChar                            ; tens
  70+ 811D 13                   inc de
  71+ 811E 1A                   ld a, (de)
  72+ 811F C6 30                add a, "0"
  73+ 8121 CD 85 86             call displayChar                            ; units
  74+ 8124
  75+ 8124 C9                   ret
  76+ 8125
  77+ 8125              newGame:
  78+ 8125 CD 49 81             call resetPlayerVals
  79+ 8128
  80+ 8128                      SPEED 3
  80+ 8128 3E 03       >        ld a, 3
  80+ 812A ED 92 07    >        NEXTREG $07, A
  81+ 812D 3E 01                ld a, 1                                     ; indicator for interupt handler
  82+ 812F 32 1E 82             ld (floodInProgress), a                     ; set it
  83+ 8132
  84+ 8132 CD 6F 83             call resetMapData
  85+ 8135 CD 1F 82             call clearFloodField
  86+ 8138 CD E7 7E             call addKey
  87+ 813B CD A8 83             call buildMapImage
  88+ 813E
  89+ 813E 3E 00                ld a, 0                                     ; indicator for interupt handler
  90+ 8140 32 1E 82             ld (floodInProgress), a                     ; set it
  91+ 8143                      SPEED 0
  91+ 8143 3E 00       >        ld a, 0
  91+ 8145 ED 92 07    >        NEXTREG $07, A
  92+ 8148
  93+ 8148 C9                   ret
  94+ 8149
  95+ 8149              resetPlayerVals:
  96+ 8149 3E 03                ld a, 3
  97+ 814B 32 C8 8E             ld (playerLives), a
  98+ 814E 3E 00                ld a, 0
  99+ 8150 32 C9 8E             ld (playerKeys), a
 100+ 8153 32 CB 8E             ld (score4), a
 101+ 8156 32 CC 8E             ld (score3), a
 102+ 8159 32 CD 8E             ld (score2), a
 103+ 815C 32 CE 8E             ld (score1), a
 104+ 815F 32 CF 8E             ld (score0), a
 105+ 8162
 106+ 8162 3E 08                ld a, initHealth
 107+ 8164 32 C6 8E             ld (playerHealth), a
 108+ 8167
 109+ 8167 3E 17                ld a, initHealthBlock
 110+ 8169 32 C7 8E             ld (healthBlock), a
 111+ 816C
 112+ 816C CD C1 81             call initHUD
 113+ 816F C9                   ret
 114+ 8170
 115+ 8170              ;===========================================================
 116+ 8170              ; routine called when player collides with a skull
 117+ 8170              ; it
 118+ 8170              ;   reduces health value and shows result
 119+ 8170              ;   on zero health, falls into lost life and shows result
 120+ 8170              ;===========================================================
 121+ 8170              takeDamage:
 122+ 8170 3A C6 8E             ld a, (playerHealth)                        ; get current health value
 123+ 8173 3D                   dec a                                       ; take damage !
 124+ 8174 32 C6 8E             ld (playerHealth), a                        ; set it back
 125+ 8177 5F                   ld e,  a                                    ; preserve in E
 126+ 8178
 127+ 8178 06 02                ld b, 2                                     ; set row 2
 128+ 817A 3A C7 8E             ld a, (healthBlock)                         ; get current health block
 129+ 817D C6 07                add a, 7                                    ; add starting column
 130+ 817F 4F                   ld c, a                                     ; set column for display
 131+ 8180 3E 88                ld a, 136                                   ; udg graphic to use, 136 is 0 length, 128 is full block strength
 132+ 8182 93                   sub e                                       ; deduct current health block value
 133+ 8183 CD 85 86             call displayChar                            ; display the char
 134+ 8186 7B                   ld a, e                                     ; get health value back
 135+ 8187 A7                   and a                                       ; was it 0?
 136+ 8188 C0                   ret nz                                      ; return if not
 137+ 8189
 138+ 8189              ; block now empty -> redraw it as fully empty (136), then move left
 139+ 8189 3E 08                ld a, initHealth                            ; full health block value
 140+ 818B 32 C6 8E             ld (playerHealth), a                        ; set it
 141+ 818E 3A C7 8E             ld a, (healthBlock)                         ; but health block value needs to reduce
 142+ 8191 3D                   dec a                                       ; deduct 1
 143+ 8192 32 C7 8E             ld (healthBlock), a                         ; save health block value
 144+ 8195 C0                   ret nz                                      ; return if still alive
 145+ 8196
 146+ 8196              lostLife:
 147+ 8196 3E 08                ld a, initHealth                            ; reset health of current block
 148+ 8198 32 C6 8E             ld (playerHealth), a
 149+ 819B
 150+ 819B 3E 17                ld a, initHealthBlock                       ; reset count of health blocks
 151+ 819D 32 C7 8E             ld (healthBlock), a
 152+ 81A0
 153+ 81A0 FD 21 22 80          ld iy, health_bar                           ; show the full strength health bar
 154+ 81A4 CD 63 86             call displayText
 155+ 81A7
 156+ 81A7 3A C8 8E             ld a, (playerLives)                         ; get player lives
 157+ 81AA 3D                   dec a                                       ; - 1
 158+ 81AB E6 03                and 3                                       ; don't overflow
 159+ 81AD 32 C8 8E             ld (playerLives), a                         ; save it
 160+ 81B0
 161+ 81B0              showLives:
 162+ 81B0 FD 21 0A 80          ld iy, lives_text
 163+ 81B4 CD 63 86             call displayText
 164+ 81B7
 165+ 81B7 01 1F 00             ld bc, 31
 166+ 81BA 3A C8 8E             ld a, (playerLives)
 167+ 81BD CD E1 86             call DisplayDigit
 168+ 81C0 C9                   ret
 169+ 81C1
 170+ 81C1
 171+ 81C1              initHUD:
 172+ 81C1              ; clear complete ULA display, see pixel data to 0
 173+ 81C1 21 00 40             ld hl, $4000
 174+ 81C4 36 00                ld (hl), 0
 175+ 81C6 11 01 40             ld de, $4001
 176+ 81C9 01 FF 17             ld bc, 6144 - 1
 177+ 81CC ED B0                ldir
 178+ 81CE
 179+ 81CE              ; set the INSTRUCTIONS attribute area
 180+ 81CE                      ; black paper (=transparent with $14=0), white ink (visible text)
 181+ 81CE 21 60 58             ld hl, $5860
 182+ 81D1 36 47                ld (hl), %01000111          ; bright on, paper 0 (transparent), ink 7 (white)
 183+ 81D3 11 61 58             ld de, $5861
 184+ 81D6 01 91 02             ld bc, 658 - 1
 185+ 81D9 ED B0                ldir
 186+ 81DB
 187+ 81DB              ; set HUD attribute area with yellow
 188+ 81DB 21 00 58             ld hl, $5800
 189+ 81DE 36 70                ld (hl), HUD_ATTR
 190+ 81E0 11 01 58             ld de, $5801
 191+ 81E3 01 5F 00             ld bc, 96 - 1
 192+ 81E6 ED B0                ldir
 193+ 81E8
 194+ 81E8              ; set the health attribute area
 195+ 81E8 21 47 58             ld hl, $5847
 196+ 81EB 36 71                ld (hl), HEALTH_ATTR
 197+ 81ED 11 48 58             ld de, $5848
 198+ 81F0 01 18 00             ld bc, 24
 199+ 81F3 ED B0                ldir
 200+ 81F5
 201+ 81F5 FD 21 E9 7F          ld iy, score_text
 202+ 81F9 CD 63 86             call displayText
 203+ 81FC
 204+ 81FC FD 21 F4 7F          ld iy, hiscore_text
 205+ 8200 CD 63 86             call displayText
 206+ 8203
 207+ 8203 FD 21 FF 7F          ld iy, health_text
 208+ 8207 CD 63 86             call displayText
 209+ 820A
 210+ 820A CD B0 81             call showLives
 211+ 820D CD 49 7E             call showKeys
 212+ 8210 CD FC 80             call showScore
 213+ 8213
 214+ 8213 FD 21 22 80          ld iy, health_bar                           ; show the full strength health bar
 215+ 8217 CD 63 86             call displayText
 216+ 821A
 217+ 821A C9                   ret
 218+ 821B
 219+ 821B
 220+ 821B 00           dist    db 0
 221+ 821C 00           paletteFlip db 0
 222+ 821D 00           paletteDelay db 0
 223+ 821E 00           floodInProgress db 0
 224+ 821F
 225+ 821F              ; ============================================================
 226+ 821F              ; Clear the flood field area completely
 227+ 821F              ; set all 49152 field bytes to 255
 228+ 821F              ; (255 = unvisited/wall).
 229+ 821F              ; ============================================================
 230+ 821F              clearFloodField:
 231+ 821F 3E 2E                ld a, DFIELD_PAGE           ; first field page
 232+ 8221 06 06                ld b, 6                     ; six pages to clear
 233+ 8223              .clrPage:
 234+ 8223 C5                   push bc
 235+ 8224 ED 92 56             nextreg $56, a              ; page this 8K bank into slot 6 ($C000)
 236+ 8227 F5                   push af
 237+ 8228                      ; smear 255 across $C000..$DFFF (8192 bytes)
 238+ 8228 21 00 C0             ld hl, $C000
 239+ 822B 36 FF                ld (hl), 255
 240+ 822D 11 01 C0             ld de, $C001
 241+ 8230 01 FF 1F             ld bc, 8192 - 1
 242+ 8233 ED B0                ldir
 243+ 8235 F1                   pop af
 244+ 8236 3C                   inc a                       ; next page
 245+ 8237 C1                   pop bc
 246+ 8238 10 E9                djnz .clrPage
 247+ 823A C9                   ret
 248+ 823B
 249+ 823B              ; ============================================================
 250+ 823B              ; floodFill - BFS from (floodTargetX,floodTargetY). Fills the
 251+ 823B              ; distance field: 0 at target, increasing outward, clamped at
 252+ 823B              ; 254. 255 = wall/unvisited/unreachable. INERT until called.
 253+ 823B              ; ============================================================
 254+ 823B              floodFill:
 255+ 823B 3E 00                ld a, 0                                     ; ready to initialise
 256+ 823D 32 71 93             ld (qHeadIdx), a                            ; set q head to 0
 257+ 8240 32 72 93             ld (qTailIdx), a                            ; set q tail to 0
 258+ 8243 32 73 93             ld (qCount), a                              ; set q depth to 0
 259+ 8246
 260+ 8246 3A 75 93             ld a, (floodTargetY)                        ; get our target cell Y
 261+ 8249 57                   ld d, a                                     ; put in D
 262+ 824A 3A 74 93             ld a, (floodTargetX)                        ; get out target cell X
 263+ 824D 5F                   ld e, a                                     ; put in E
 264+ 824E
 265+ 824E 62                   ld h, d                                     ; Y also in H
 266+ 824F 6B                   ld l, e                                     ; X also in L
 267+ 8250 AF                   xor a                                       ; a = 0
 268+ 8251 CD FD 82             call putFieldByte                           ; field[target] = 0
 269+ 8254 CD 35 83             call qPushDE                                ; push target (d = y, e = x)
 270+ 8257
 271+ 8257              .mainLoop:
 272+ 8257 3A 73 93             ld a, (qCount)                              ; get the count of items on the queue
 273+ 825A B7                   or a
 274+ 825B C8                   ret z                                       ; empty -> done
 275+ 825C
 276+ 825C                      ; qPopDE is only called from here
 277+ 825C                      ; it's effectively the driver for the processing for this tile
 278+ 825C CD 52 83             call qPopDE                                 ; DE = current cell (D=y, E=x)
 279+ 825F 43                   ld b, e                                     ; b = X    ** note opposite of DE
 280+ 8260 4A                   ld c, d                                     ; c = Y
 281+ 8261                      GET_WORLD_VALUE DFIELD_PAGE, USE_BC
 281+ 8261             >; given B= tile X, C= tile Y, return "world" value at this position in the world map
 281+ 8261             >;
 281+ 8261             >;       arg  is TILEMAP_PAGE
 281+ 8261             >;            or DFIELD_PAGE
 281+ 8261             >;
 281+ 8261             >;       arg1 decides if input comes from BC or directly from HL
 281+ 8261             >;            NB if directly from HL then L = tile X, H = tile Y
 281+ 8261             >;
 281+ 8261             >        if USE_BC = 0
 281+ 8261 61          >        ld h, c                                     ; read the Y tile coordinate of the top-left corner we want
 281+ 8262             >                                                    ; put it in H (this is the same as multiplying by 256)
 281+ 8262 68          >        ld l, b                                     ; read the X tile coordinate into L
 281+ 8263             >                                                    ; Result: HL now holds tile_y * 256 + tile_x
 281+ 8263             >                                                    ; This is the byte offset into "world" map.
 281+ 8263             >        endif
 281+ 8263             >
 281+ 8263             >    ; STEP 2: Calculate which 8K physical page the data lives in
 281+ 8263 7C          >        ld   a,h                                    ; take the high byte of the offset (which is tile_y)
 281+ 8264 CB 3F       >        srl  a                                      ; divide by 2
 281+ 8266 CB 3F       >        srl  a                                      ; divide by 2 again  → now /4
 281+ 8268 CB 3F       >        srl  a                                      ; /8
 281+ 826A CB 3F       >        srl  a                                      ; /16
 281+ 826C CB 3F       >        srl  a                                      ; /32   ← this is the same as tile_y ÷ 32
 281+ 826E             >                                                    ; Why divide by 32?
 281+ 826E             >                                                    ;   Each page is 8192 bytes.
 281+ 826E             >                                                    ;   Each row is 256 bytes.
 281+ 826E             >                                                    ;   8192 ÷ 256 = exactly 32 rows per page.
 281+ 826E             >                                                    ;   Therefore page number = 40 + (tile_y ÷ 32)
 281+ 826E             >
 281+ 826E C6 2E       >        add  a, DFIELD_PAGE                                 ; add the starting page number
 281+ 8270             >
 281+ 8270 ED 92 56    >        nextreg $56,a                               ; set MMU slot 6 ($C000-$DFFF) to that page
 281+ 8273             >
 281+ 8273             >
 281+ 8273             >    ; STEP 3: Keep only the part of the address that fits inside one 8K page
 281+ 8273 7C          >        ld   a,h                                    ; get the high byte again
 281+ 8274 E6 1F       >        and  $1F                                    ; $1F is binary 00011111 → keeps only the lowest 5 bits
 281+ 8276             >                                                    ; This is exactly the same as (tile_y * 256 + tile_x) modulo 8192
 281+ 8276             >                                                    ; (because 8192 = 2^13 and we are discarding everything above bit 12)
 281+ 8276 67          >        ld   h,a                                    ; HL now holds the offset *inside* the current 8K page
 281+ 8277             >
 281+ 8277             >    ; STEP 4: add the page offset so we can read it
 281+ 8277 ED 34 00 C0 >        add  hl, $C000                              ; HL = $C000 + offset_inside_page
 281+ 827B             >                                                    ; HL now points directly at the first byte we want to copy
 281+ 827B 7E          >        ld a, (hl)                                  ; so get the byte
 282+ 827C 32 1B 82             ld (dist), a                                ; save distance
 283+ 827F FE FD                cp FLOOD_LIMIT
 284+ 8281 30 D4                jr nc, .mainLoop
 285+ 8283
 286+ 8283                      ; ----------------------------------------------------------------------------
 287+ 8283                      ; we've popped a tile of the queue (having previously processed it)
 288+ 8283                      ; now we want to look at it's neighbours, i.e. x-1, y; x+1, y; x, y-1; x, y+1
 289+ 8283                      ; ----------------------------------------------------------------------------
 290+ 8283              .skip
 291+ 8283                      ; LEFT
 292+ 8283 7B                   ld a, e                                     ; get tile X
 293+ 8284 B7                   or a                                        ; test for 0, lhs of maze
 294+ 8285 28 06                jr z, .skipL                                ; branch if so, nothing to do
 295+ 8287 3D                   dec a                                       ; get x - 1
 296+ 8288 6F                   ld l, a                                     ; set L = X - 1 to test it
 297+ 8289 62                   ld h, d                                     ; set H = y  to test it
 298+ 828A CD AF 82             call .tryCell                               ; do the test. HL is now x-1, y
 299+ 828D              .skipL:
 300+ 828D                      ; RIGHT
 301+ 828D 7B                   ld a, e                                     ; get tile X
 302+ 828E FE FF                cp 255                                      ; test for 255, rhs of maze
 303+ 8290 28 06                jr z, .skipR                                ; branch if so, nothing to do
 304+ 8292 3C                   inc a                                       ; get X + 1
 305+ 8293 6F                   ld l, a                                     ; set L = X + 1 to test it
 306+ 8294 62                   ld h, d                                     ; set H = y to test it
 307+ 8295 CD AF 82             call .tryCell                               ; do the test. HL is now x+1, y
 308+ 8298              .skipR:
 309+ 8298                      ; UP
 310+ 8298 7A                   ld a, d                                     ; get tile Y
 311+ 8299 B7                   or a                                        ; test for 0, top of maze
 312+ 829A 28 06                jr z, .skipU                                ; branch if so, nothing to do
 313+ 829C 3D                   dec a                                       ; get y -1
 314+ 829D 6B                   ld l, e                                     ; set L = X to test it
 315+ 829E 67                   ld h, a                                     ; set H = y - 1 to test it
 316+ 829F CD AF 82             call .tryCell                               ; do the test, HL is now x, y-1
 317+ 82A2              .skipU:
 318+ 82A2                      ; DOWN
 319+ 82A2 7A                   ld a, d
 320+ 82A3 FE BF                cp 191
 321+ 82A5 28 06                jr z, .skipD
 322+ 82A7 3C                   inc a
 323+ 82A8 6B                   ld l, e
 324+ 82A9 67                   ld h, a
 325+ 82AA CD AF 82             call .tryCell
 326+ 82AD              .skipD:
 327+ 82AD 18 A8                jr .mainLoop
 328+ 82AF
 329+ 82AF              .tryCell:
 330+ 82AF              ; test one of the x +/- 1, y+/- 1 tiles
 331+ 82AF              ; here DE = yx of the tile taken off the queue
 332+ 82AF              ;      HL = tile being tested, i.e. +/- 1 of x or y
 333+ 82AF D5                   push de
 334+ 82B0
 335+ 82B0 44                   ld b, h
 336+ 82B1 4D                   ld c, l
 337+ 82B2              ;        LD h, b
 338+ 82B2              ;        ld l, c
 339+ 82B2
 340+ 82B2                      ; H = y, L = x (of tile being tested, NOT the tile popped of the queue (this is held in DE))
 341+ 82B2                      ; get map byte at this tile position; i.e. return A=0 (path) or A=1 (wall)
 342+ 82B2 7C                   ld a, h
 343+ 82B3 CB 3F                srl a
 344+ 82B5 CB 3F                srl a
 345+ 82B7 CB 3F                srl a
 346+ 82B9 CB 3F                srl a
 347+ 82BB CB 3F                srl a
 348+ 82BD 5F                   ld e, a
 349+ 82BE C6 28                add a, TILEMAP_PAGE
 350+ 82C0 ED 92 56             nextreg $56, a
 351+ 82C3 7C                   ld a, h
 352+ 82C4 E6 1F                and $1F
 353+ 82C6 67                   ld h, a
 354+ 82C7 ED 34 00 C0          add hl, $C000
 355+ 82CB 7E                   ld a, (hl)
 356+ 82CC
 357+ 82CC FE 01                cp MAP_WALL                                 ; is it a wall?
 358+ 82CE 28 2B                jr z, .tcDone                               ; wall, the distance value is left as default 255 value
 359+ 82D0
 360+ 82D0                      ; H = y, L = x
 361+ 82D0                      ; get distance value for this tile
 362+ 82D0 60                   ld h, b
 363+ 82D1 69                   ld l, c
 364+ 82D2
 365+ 82D2 7B                   ld a, e
 366+ 82D3 C6 2E                add a, DFIELD_PAGE
 367+ 82D5 ED 92 56             nextreg $56, a
 368+ 82D8 7C                   ld a, h
 369+ 82D9 E6 1F                and $1F
 370+ 82DB 67                   ld h, a
 371+ 82DC ED 34 00 C0          add hl, $C000
 372+ 82E0 7E                   ld a, (hl)
 373+ 82E1
 374+ 82E1 60                   ld h, b
 375+ 82E2 69                   ld l, c
 376+ 82E3
 377+ 82E3 FE FF                cp 255
 378+ 82E5 20 14                jr nz, .tcDone                              ; branch if we've already visited this tile
 379+ 82E7
 380+ 82E7 3A 1B 82             ld a, (dist)                                ; get distance for original tile XY (from mainloop)
 381+ 82EA FE FE                cp 254
 382+ 82EC 30 03                jr nc, .clampMax                            ; C >= 254 -> store 254
 383+ 82EE 3C                   inc a                                       ; C+1
 384+ 82EF 18 02                jr .storeDist
 385+ 82F1              .clampMax:
 386+ 82F1 3E FE                ld a, 254
 387+ 82F3              .storeDist:
 388+ 82F3 CD FD 82             call putFieldByte                           ; put this tested tile into the distance map
 389+ 82F6 50                   ld d, b
 390+ 82F7 59                   ld e, c
 391+ 82F8                      ;ex de, hl                                   ; we want to push this tested tile onto the queue, but need it in DE
 392+ 82F8 CD 35 83             call qPushDE
 393+ 82FB              .tcDone:
 394+ 82FB
 395+ 82FB D1                   pop de
 396+ 82FC C9                   ret
 397+ 82FD
 398+ 82FD              putFieldByte:
 399+ 82FD              ; HL = YX tile into our distance map
 400+ 82FD              ; we set distanceMap(x,y) = A
 401+ 82FD              ;        push hl                                     ; preserve HL
 402+ 82FD F5                   push af                                     ; preserve AF, we need A to set the value
 403+ 82FE 7C                   ld a, h
 404+ 82FF CB 3F                srl a
 405+ 8301 CB 3F                srl a
 406+ 8303 CB 3F                srl a
 407+ 8305 CB 3F                srl a
 408+ 8307 CB 3F                srl a
 409+ 8309 C6 2E                add a, DFIELD_PAGE
 410+ 830B ED 92 56             nextreg $56, a
 411+ 830E 7C                   ld a, h
 412+ 830F E6 1F                and $1F
 413+ 8311 67                   ld h, a
 414+ 8312 ED 34 00 C0          add hl, $C000
 415+ 8316 F1                   pop af                                      ; restore A to set value
 416+ 8317 77                   ld (hl), a
 417+ 8318              ;        pop hl
 418+ 8318 C9                   ret
 419+ 8319
 420+ 8319              putMapByte:
 421+ 8319              ; HL = YX tile into our distance map
 422+ 8319              ; we set distanceMap(x,y) = A
 423+ 8319 F5                   push af                                     ; preserve AF, we need A to set the value
 424+ 831A 7C                   ld a, h
 425+ 831B CB 3F                srl a
 426+ 831D CB 3F                srl a
 427+ 831F CB 3F                srl a
 428+ 8321 CB 3F                srl a
 429+ 8323 CB 3F                srl a
 430+ 8325 C6 28                add a, TILEMAP_PAGE
 431+ 8327 ED 92 56             nextreg $56, a
 432+ 832A 7C                   ld a, h
 433+ 832B E6 1F                and $1F
 434+ 832D 67                   ld h, a
 435+ 832E ED 34 00 C0          add hl, $C000
 436+ 8332 F1                   pop af                                      ; restore A to set value
 437+ 8333 77                   ld (hl), a
 438+ 8334 C9                   ret
 439+ 8335
 440+ 8335
 441+ 8335              ; ---- push cell offset in DE onto queue ----
 442+ 8335              ; DE = YX
 443+ 8335              ; add this to our ring buffer for processing
 444+ 8335              qPushDE:
 445+ 8335              ; DE = YX, add to ring buffer
 446+ 8335 3A 72 93             ld a, (qTailIdx)            ; tail index (byte, 0-255)
 447+ 8338 6F                   ld l, a
 448+ 8339 26 00                ld h, 0
 449+ 833B 29                   add hl, hl                  ; *2 (word entries)
 450+ 833C ED 34 71 91          add hl, floodQueue                  ; HL -> slot
 451+ 8340 73                   ld (hl), e
 452+ 8341 23                   inc hl
 453+ 8342 72                   ld (hl), d
 454+ 8343 3A 72 93             ld a, (qTailIdx)
 455+ 8346 3C                   inc a                       ; tail+1, wraps 255->0 automatically (byte)
 456+ 8347 32 72 93             ld (qTailIdx), a
 457+ 834A 3A 73 93             ld a, (qCount)
 458+ 834D 3C                   inc a
 459+ 834E 32 73 93             ld (qCount), a
 460+ 8351 C9                   ret
 461+ 8352
 462+ 8352              ; ---- pop cell offset from queue into DE ----
 463+ 8352              qPopDE:
 464+ 8352 3A 71 93             ld a, (qHeadIdx)            ; head index (byte)
 465+ 8355 6F                   ld l, a
 466+ 8356 26 00                ld h, 0
 467+ 8358 29                   add hl, hl                  ; *2
 468+ 8359 ED 34 71 91          add hl, floodQueue                  ; HL -> slot
 469+ 835D 5E                   ld e, (hl)
 470+ 835E 23                   inc hl
 471+ 835F 56                   ld d, (hl)
 472+ 8360 3A 71 93             ld a, (qHeadIdx)
 473+ 8363 3C                   inc a                       ; head+1, wraps automatically
 474+ 8364 32 71 93             ld (qHeadIdx), a
 475+ 8367 3A 73 93             ld a, (qCount)
 476+ 836A 3D                   dec a
 477+ 836B 32 73 93             ld (qCount), a
 478+ 836E C9                   ret
 479+ 836F
 480+ 836F              ; ============================================================
 481+ 836F              ; Reset the map data, e.g. on new game
 482+ 836F              ; e.g. any extra tiles we introduce, keys etc are removed
 483+ 836F              ; ============================================================
 484+ 836F              resetMapData:
 485+ 836F 0E 00                ld c, 0                                     ; Y tile co-ord
 486+ 8371              .rowLoop:
 487+ 8371 06 00                ld b, 0                                     ; X tile co-ord
 488+ 8373                      GET_WORLD_VALUE TILEMAP_PAGE, USE_BC        ; new row so calculate
 488+ 8373             >; given B= tile X, C= tile Y, return "world" value at this position in the world map
 488+ 8373             >;
 488+ 8373             >;       arg  is TILEMAP_PAGE
 488+ 8373             >;            or DFIELD_PAGE
 488+ 8373             >;
 488+ 8373             >;       arg1 decides if input comes from BC or directly from HL
 488+ 8373             >;            NB if directly from HL then L = tile X, H = tile Y
 488+ 8373             >;
 488+ 8373             >        if USE_BC = 0
 488+ 8373 61          >        ld h, c                                     ; read the Y tile coordinate of the top-left corner we want
 488+ 8374             >                                                    ; put it in H (this is the same as multiplying by 256)
 488+ 8374 68          >        ld l, b                                     ; read the X tile coordinate into L
 488+ 8375             >                                                    ; Result: HL now holds tile_y * 256 + tile_x
 488+ 8375             >                                                    ; This is the byte offset into "world" map.
 488+ 8375             >        endif
 488+ 8375             >
 488+ 8375             >    ; STEP 2: Calculate which 8K physical page the data lives in
 488+ 8375 7C          >        ld   a,h                                    ; take the high byte of the offset (which is tile_y)
 488+ 8376 CB 3F       >        srl  a                                      ; divide by 2
 488+ 8378 CB 3F       >        srl  a                                      ; divide by 2 again  → now /4
 488+ 837A CB 3F       >        srl  a                                      ; /8
 488+ 837C CB 3F       >        srl  a                                      ; /16
 488+ 837E CB 3F       >        srl  a                                      ; /32   ← this is the same as tile_y ÷ 32
 488+ 8380             >                                                    ; Why divide by 32?
 488+ 8380             >                                                    ;   Each page is 8192 bytes.
 488+ 8380             >                                                    ;   Each row is 256 bytes.
 488+ 8380             >                                                    ;   8192 ÷ 256 = exactly 32 rows per page.
 488+ 8380             >                                                    ;   Therefore page number = 40 + (tile_y ÷ 32)
 488+ 8380             >
 488+ 8380 C6 28       >        add  a, TILEMAP_PAGE                                 ; add the starting page number
 488+ 8382             >
 488+ 8382 ED 92 56    >        nextreg $56,a                               ; set MMU slot 6 ($C000-$DFFF) to that page
 488+ 8385             >
 488+ 8385             >
 488+ 8385             >    ; STEP 3: Keep only the part of the address that fits inside one 8K page
 488+ 8385 7C          >        ld   a,h                                    ; get the high byte again
 488+ 8386 E6 1F       >        and  $1F                                    ; $1F is binary 00011111 → keeps only the lowest 5 bits
 488+ 8388             >                                                    ; This is exactly the same as (tile_y * 256 + tile_x) modulo 8192
 488+ 8388             >                                                    ; (because 8192 = 2^13 and we are discarding everything above bit 12)
 488+ 8388 67          >        ld   h,a                                    ; HL now holds the offset *inside* the current 8K page
 488+ 8389             >
 488+ 8389             >    ; STEP 4: add the page offset so we can read it
 488+ 8389 ED 34 00 C0 >        add  hl, $C000                              ; HL = $C000 + offset_inside_page
 488+ 838D             >                                                    ; HL now points directly at the first byte we want to copy
 488+ 838D 7E          >        ld a, (hl)                                  ; so get the byte
 489+ 838E              .colLoop:
 490+ 838E 7E                   ld a, (hl)                                  ; get what tile is currently there
 491+ 838F FE 04                cp 4                                        ; key starts from tile 4
 492+ 8391 38 02                jr c, .skipReset                            ; branch if < 4
 493+ 8393 36 00                ld (hl), 0                                  ; reset to 0 (path)
 494+ 8395              .skipReset:
 495+ 8395 23                   inc hl                                      ; next column
 496+ 8396 04                   inc b                                       ; update column count
 497+ 8397 20 F5                jr nz, .colLoop                             ; branch if wrap around to 0 (256 columns done)
 498+ 8399 0C                   inc c                                       ; update row count
 499+ 839A 79                   ld a, c                                     ; get row count
 500+ 839B FE C0                cp 192                                      ; finished?
 501+ 839D 20 D2                jr nz, .rowLoop                             ; branch if not finished
 502+ 839F C9                   ret
 503+ 83A0
 504+ 83A0              ; ============================================================
 505+ 83A0              ; buildMapImage - render the whole 256x192 map into Layer 2
 506+ 83A0              ;
 507+ 83A0              ; Optimised: the slot-6 page offset (y/32) and the in-page
 508+ 83A0              ; address high byte ((y&$1F)|$C0) are constant for a whole row,
 509+ 83A0              ; so they are computed ONCE per row. Columns are walked with
 510+ 83A0              ; INC L (L = x, wraps 255->0). The three per-cell bank switches
 511+ 83A0              ; (map / field / radar, all at the same $C000 address) are
 512+ 83A0              ; unavoidable and remain.
 513+ 83A0              ;
 514+ 83A0              ; Trashes: AF, BC, DE, HL
 515+ 83A0              ; ============================================================
 516+ 83A0              tileColour:
 517+ 83A0 00                   db L2_PATH      ; 0  path  (entry unused - path goes through flood check)
 518+ 83A1 E0                   db L2_WALL      ; 1  wall  -> red
 519+ 83A2 E0                   db L2_WALL      ; 2  spare wall
 520+ 83A3 E0                   db L2_WALL      ; 3  spare wall
 521+ 83A4 FC                   db L2_KEY       ; 4  key   -> yellow
 522+ 83A5 FC                   db L2_KEY       ; 5  key
 523+ 83A6 FC                   db L2_KEY       ; 6  key
 524+ 83A7 FC                   db L2_KEY       ; 7  key
 525+ 83A8
 526+ 83A8              buildMapImage:
 527+ 83A8 0E 00                ld c, 0                                     ; C = Y tile coord (0..191)
 528+ 83AA
 529+ 83AA              .rowLoop:
 530+ 83AA              ; ---- per-ROW setup (constant for every column in this row) ----
 531+ 83AA 79                   ld a, c
 532+ 83AB CB 3F                srl a
 533+ 83AD CB 3F                srl a
 534+ 83AF CB 3F                srl a
 535+ 83B1 CB 3F                srl a
 536+ 83B3 CB 3F                srl a                                       ; A = Y / 32 = page offset within each block
 537+ 83B5 5F                   ld e, a                                     ; E = page offset (held for the whole row)
 538+ 83B6
 539+ 83B6 79                   ld a, c
 540+ 83B7 E6 1F                and $1F                                     ; low 5 bits of Y = row within the 32-row page
 541+ 83B9 F6 C0                or $C0                                      ; high byte of slot-6 address = (Y&$1F) | $C0
 542+ 83BB 67                   ld h, a                                     ; H = row-base high byte (constant this row)
 543+ 83BC 2E 00                ld l, 0                                     ; L = X = 0  -> HL now = start of this row
 544+ 83BE
 545+ 83BE              .colLoop:
 546+ 83BE                      ; ---- read MAP tile ----
 547+ 83BE 7B                   ld a, e
 548+ 83BF C6 28                add a, MAP_PAGE
 549+ 83C1 ED 92 56             nextreg $56, a                              ; page map bank into slot 6
 550+ 83C4 7E                   ld a, (hl)                                  ; A = map tile at (X,Y)
 551+ 83C5 B7                   or a
 552+ 83C6 28 0A                jr z, .checkFlood                           ; tile 0 = path -> needs flood check
 553+ 83C8
 554+ 83C8                      ; non-zero tile -> fixed colour via lookup table
 555+ 83C8 E5                   push hl                                     ; save cell address
 556+ 83C9 21 A0 83             ld hl, tileColour
 557+ 83CC ED 31                add hl, a                                   ; Z80N: HL = &tileColour[tile]
 558+ 83CE 56                   ld d, (hl)                                  ; D = colour for this tile
 559+ 83CF E1                   pop hl                                      ; restore cell address
 560+ 83D0 18 0F                jr .haveColour
 561+ 83D2
 562+ 83D2              .checkFlood:
 563+ 83D2                      ; same HL is valid for the field (identical layout) once we page it in
 564+ 83D2 7B                   ld a, e
 565+ 83D3 C6 2E                add a, DFIELD_PAGE
 566+ 83D5 ED 92 56             nextreg $56, a
 567+ 83D8 7E                   ld a, (hl)
 568+ 83D9 FE FF                cp 255
 569+ 83DB 16 00                ld d, L2_PATH
 570+ 83DD 28 02                jr z, .haveColour
 571+ 83DF 16 FF                ld d, L2_FLOOD
 572+ 83E1
 573+ 83E1              .haveColour:
 574+ 83E1                      ; same HL again, now page in the radar (Layer 2) bank and write
 575+ 83E1 7B                   ld a, e
 576+ 83E2 C6 34                add a, L2_PAGE
 577+ 83E4 ED 92 56             nextreg $56, a                              ; page radar bank into slot 6
 578+ 83E7 7A                   ld a, d
 579+ 83E8 77                   ld (hl), a                                  ; write the pixel colour
 580+ 83E9
 581+ 83E9              ; ---- next column ----
 582+ 83E9 2C                   inc l                                       ; X++ ; L wraps 255 -> 0 at row end
 583+ 83EA 20 D2                jr nz, .colLoop                             ; continue until L wraps back to 0
 584+ 83EC
 585+ 83EC              ; ---- next row ----
 586+ 83EC 0C                   inc c
 587+ 83ED 79                   ld a, c
 588+ 83EE FE C0                cp 192
 589+ 83F0 20 B8                jr nz, .rowLoop
 590+ 83F2 C9                   ret
 591+ 83F3
 592+ 83F3
 593+ 83F3
 594+ 83F3 01 02 04 08  vdirTable: db 1, 2, 4, 8             ; vdir_left, right, down, up
 595+ 83F7              initBaddies:
 596+ 83F7              ; ============================================================
 597+ 83F7              ; initBaddies - place baddieCount baddies at random valid 2x2
 598+ 83F7              ; positions in the maze. Each needs its 2x2 tile footprint clear.
 599+ 83F7              ; Sets world pixel position, tile position, a random direction,
 600+ 83F7              ; sprite index (1..N, player is sprite 0), and pattern 0.
 601+ 83F7              ; Setup-time only: uses rejection loops freely (timing irrelevant).
 602+ 83F7              ; Assumes: rnd8 returns raw 0-255 in A; GET_WORLD_VALUE takes
 603+ 83F7              ;          B=tileX, C=tileY, returns tile byte in A (0 = open).
 604+ 83F7              ; ============================================================
 605+ 83F7 DD 21 D9 8E          ld ix, baddieData
 606+ 83FB 06 3C                ld b, baddieCount           ; loop counter (B not used by inner logic until call)
 607+ 83FD              .nextBaddie:
 608+ 83FD C5                   push bc                     ; preserve outer counter
 609+ 83FE
 610+ 83FE                      ; --- find a random clear 2x2 tile (tx in C-ish, ty) ---
 611+ 83FE              .tryPos:
 612+ 83FE                      ; random tile X 0..254
 613+ 83FE CD A2 9D     .rx:    call rnd8
 614+ 8401 FE FF                cp 255
 615+ 8403 28 F9                jr z, .rx                   ; reject 255 (no room for tx+1)
 616+ 8405 57                   ld d, a                     ; D = candidate tileX
 617+ 8406
 618+ 8406                      ; random tile Y 0..190
 619+ 8406 CD A2 9D     .ry:    call rnd8
 620+ 8409 FE 08                cp 8
 621+ 840B 38 F9                jr c, .ry
 622+ 840D FE BF                cp 191
 623+ 840F 30 F5                jr nc, .ry                  ; reject 191..255 (need ty in 0..190)
 624+ 8411 5F                   ld e, a                     ; E = candidate tileY
 625+ 8412
 626+ 8412              .loop
 627+ 8412                      ; --- test all four tiles of the 2x2 footprint are open ---
 628+ 8412 42                   ld b, d
 629+ 8413 4B                   ld c, e
 630+ 8414                      GET_WORLD_VALUE TILEMAP_PAGE, USE_BC              ; (tx, ty)
 630+ 8414             >; given B= tile X, C= tile Y, return "world" value at this position in the world map
 630+ 8414             >;
 630+ 8414             >;       arg  is TILEMAP_PAGE
 630+ 8414             >;            or DFIELD_PAGE
 630+ 8414             >;
 630+ 8414             >;       arg1 decides if input comes from BC or directly from HL
 630+ 8414             >;            NB if directly from HL then L = tile X, H = tile Y
 630+ 8414             >;
 630+ 8414             >        if USE_BC = 0
 630+ 8414 61          >        ld h, c                                     ; read the Y tile coordinate of the top-left corner we want
 630+ 8415             >                                                    ; put it in H (this is the same as multiplying by 256)
 630+ 8415 68          >        ld l, b                                     ; read the X tile coordinate into L
 630+ 8416             >                                                    ; Result: HL now holds tile_y * 256 + tile_x
 630+ 8416             >                                                    ; This is the byte offset into "world" map.
 630+ 8416             >        endif
 630+ 8416             >
 630+ 8416             >    ; STEP 2: Calculate which 8K physical page the data lives in
 630+ 8416 7C          >        ld   a,h                                    ; take the high byte of the offset (which is tile_y)
 630+ 8417 CB 3F       >        srl  a                                      ; divide by 2
 630+ 8419 CB 3F       >        srl  a                                      ; divide by 2 again  → now /4
 630+ 841B CB 3F       >        srl  a                                      ; /8
 630+ 841D CB 3F       >        srl  a                                      ; /16
 630+ 841F CB 3F       >        srl  a                                      ; /32   ← this is the same as tile_y ÷ 32
 630+ 8421             >                                                    ; Why divide by 32?
 630+ 8421             >                                                    ;   Each page is 8192 bytes.
 630+ 8421             >                                                    ;   Each row is 256 bytes.
 630+ 8421             >                                                    ;   8192 ÷ 256 = exactly 32 rows per page.
 630+ 8421             >                                                    ;   Therefore page number = 40 + (tile_y ÷ 32)
 630+ 8421             >
 630+ 8421 C6 28       >        add  a, TILEMAP_PAGE                                 ; add the starting page number
 630+ 8423             >
 630+ 8423 ED 92 56    >        nextreg $56,a                               ; set MMU slot 6 ($C000-$DFFF) to that page
 630+ 8426             >
 630+ 8426             >
 630+ 8426             >    ; STEP 3: Keep only the part of the address that fits inside one 8K page
 630+ 8426 7C          >        ld   a,h                                    ; get the high byte again
 630+ 8427 E6 1F       >        and  $1F                                    ; $1F is binary 00011111 → keeps only the lowest 5 bits
 630+ 8429             >                                                    ; This is exactly the same as (tile_y * 256 + tile_x) modulo 8192
 630+ 8429             >                                                    ; (because 8192 = 2^13 and we are discarding everything above bit 12)
 630+ 8429 67          >        ld   h,a                                    ; HL now holds the offset *inside* the current 8K page
 630+ 842A             >
 630+ 842A             >    ; STEP 4: add the page offset so we can read it
 630+ 842A ED 34 00 C0 >        add  hl, $C000                              ; HL = $C000 + offset_inside_page
 630+ 842E             >                                                    ; HL now points directly at the first byte we want to copy
 630+ 842E 7E          >        ld a, (hl)                                  ; so get the byte
 631+ 842F A7                   and a
 632+ 8430 20 CC                jr nz, .tryPos              ; wall -> reject, draw again
 633+ 8432
 634+ 8432 42                   ld b, d
 635+ 8433 4B                   ld c, e
 636+ 8434 04                   inc b
 637+ 8435                      GET_WORLD_VALUE TILEMAP_PAGE, USE_BC              ; (tx+1, ty)
 637+ 8435             >; given B= tile X, C= tile Y, return "world" value at this position in the world map
 637+ 8435             >;
 637+ 8435             >;       arg  is TILEMAP_PAGE
 637+ 8435             >;            or DFIELD_PAGE
 637+ 8435             >;
 637+ 8435             >;       arg1 decides if input comes from BC or directly from HL
 637+ 8435             >;            NB if directly from HL then L = tile X, H = tile Y
 637+ 8435             >;
 637+ 8435             >        if USE_BC = 0
 637+ 8435 61          >        ld h, c                                     ; read the Y tile coordinate of the top-left corner we want
 637+ 8436             >                                                    ; put it in H (this is the same as multiplying by 256)
 637+ 8436 68          >        ld l, b                                     ; read the X tile coordinate into L
 637+ 8437             >                                                    ; Result: HL now holds tile_y * 256 + tile_x
 637+ 8437             >                                                    ; This is the byte offset into "world" map.
 637+ 8437             >        endif
 637+ 8437             >
 637+ 8437             >    ; STEP 2: Calculate which 8K physical page the data lives in
 637+ 8437 7C          >        ld   a,h                                    ; take the high byte of the offset (which is tile_y)
 637+ 8438 CB 3F       >        srl  a                                      ; divide by 2
 637+ 843A CB 3F       >        srl  a                                      ; divide by 2 again  → now /4
 637+ 843C CB 3F       >        srl  a                                      ; /8
 637+ 843E CB 3F       >        srl  a                                      ; /16
 637+ 8440 CB 3F       >        srl  a                                      ; /32   ← this is the same as tile_y ÷ 32
 637+ 8442             >                                                    ; Why divide by 32?
 637+ 8442             >                                                    ;   Each page is 8192 bytes.
 637+ 8442             >                                                    ;   Each row is 256 bytes.
 637+ 8442             >                                                    ;   8192 ÷ 256 = exactly 32 rows per page.
 637+ 8442             >                                                    ;   Therefore page number = 40 + (tile_y ÷ 32)
 637+ 8442             >
 637+ 8442 C6 28       >        add  a, TILEMAP_PAGE                                 ; add the starting page number
 637+ 8444             >
 637+ 8444 ED 92 56    >        nextreg $56,a                               ; set MMU slot 6 ($C000-$DFFF) to that page
 637+ 8447             >
 637+ 8447             >
 637+ 8447             >    ; STEP 3: Keep only the part of the address that fits inside one 8K page
 637+ 8447 7C          >        ld   a,h                                    ; get the high byte again
 637+ 8448 E6 1F       >        and  $1F                                    ; $1F is binary 00011111 → keeps only the lowest 5 bits
 637+ 844A             >                                                    ; This is exactly the same as (tile_y * 256 + tile_x) modulo 8192
 637+ 844A             >                                                    ; (because 8192 = 2^13 and we are discarding everything above bit 12)
 637+ 844A 67          >        ld   h,a                                    ; HL now holds the offset *inside* the current 8K page
 637+ 844B             >
 637+ 844B             >    ; STEP 4: add the page offset so we can read it
 637+ 844B ED 34 00 C0 >        add  hl, $C000                              ; HL = $C000 + offset_inside_page
 637+ 844F             >                                                    ; HL now points directly at the first byte we want to copy
 637+ 844F 7E          >        ld a, (hl)                                  ; so get the byte
 638+ 8450 A7                   and a
 639+ 8451 20 AB                jr nz, .tryPos
 640+ 8453
 641+ 8453 42                   ld b, d
 642+ 8454 4B                   ld c, e
 643+ 8455 0C                   inc c
 644+ 8456                      GET_WORLD_VALUE TILEMAP_PAGE, USE_BC              ; (tx, ty+1)
 644+ 8456             >; given B= tile X, C= tile Y, return "world" value at this position in the world map
 644+ 8456             >;
 644+ 8456             >;       arg  is TILEMAP_PAGE
 644+ 8456             >;            or DFIELD_PAGE
 644+ 8456             >;
 644+ 8456             >;       arg1 decides if input comes from BC or directly from HL
 644+ 8456             >;            NB if directly from HL then L = tile X, H = tile Y
 644+ 8456             >;
 644+ 8456             >        if USE_BC = 0
 644+ 8456 61          >        ld h, c                                     ; read the Y tile coordinate of the top-left corner we want
 644+ 8457             >                                                    ; put it in H (this is the same as multiplying by 256)
 644+ 8457 68          >        ld l, b                                     ; read the X tile coordinate into L
 644+ 8458             >                                                    ; Result: HL now holds tile_y * 256 + tile_x
 644+ 8458             >                                                    ; This is the byte offset into "world" map.
 644+ 8458             >        endif
 644+ 8458             >
 644+ 8458             >    ; STEP 2: Calculate which 8K physical page the data lives in
 644+ 8458 7C          >        ld   a,h                                    ; take the high byte of the offset (which is tile_y)
 644+ 8459 CB 3F       >        srl  a                                      ; divide by 2
 644+ 845B CB 3F       >        srl  a                                      ; divide by 2 again  → now /4
 644+ 845D CB 3F       >        srl  a                                      ; /8
 644+ 845F CB 3F       >        srl  a                                      ; /16
 644+ 8461 CB 3F       >        srl  a                                      ; /32   ← this is the same as tile_y ÷ 32
 644+ 8463             >                                                    ; Why divide by 32?
 644+ 8463             >                                                    ;   Each page is 8192 bytes.
 644+ 8463             >                                                    ;   Each row is 256 bytes.
 644+ 8463             >                                                    ;   8192 ÷ 256 = exactly 32 rows per page.
 644+ 8463             >                                                    ;   Therefore page number = 40 + (tile_y ÷ 32)
 644+ 8463             >
 644+ 8463 C6 28       >        add  a, TILEMAP_PAGE                                 ; add the starting page number
 644+ 8465             >
 644+ 8465 ED 92 56    >        nextreg $56,a                               ; set MMU slot 6 ($C000-$DFFF) to that page
 644+ 8468             >
 644+ 8468             >
 644+ 8468             >    ; STEP 3: Keep only the part of the address that fits inside one 8K page
 644+ 8468 7C          >        ld   a,h                                    ; get the high byte again
 644+ 8469 E6 1F       >        and  $1F                                    ; $1F is binary 00011111 → keeps only the lowest 5 bits
 644+ 846B             >                                                    ; This is exactly the same as (tile_y * 256 + tile_x) modulo 8192
 644+ 846B             >                                                    ; (because 8192 = 2^13 and we are discarding everything above bit 12)
 644+ 846B 67          >        ld   h,a                                    ; HL now holds the offset *inside* the current 8K page
 644+ 846C             >
 644+ 846C             >    ; STEP 4: add the page offset so we can read it
 644+ 846C ED 34 00 C0 >        add  hl, $C000                              ; HL = $C000 + offset_inside_page
 644+ 8470             >                                                    ; HL now points directly at the first byte we want to copy
 644+ 8470 7E          >        ld a, (hl)                                  ; so get the byte
 645+ 8471 A7                   and a
 646+ 8472 20 8A                jr nz, .tryPos
 647+ 8474
 648+ 8474 42                   ld b, d
 649+ 8475 04                   inc b
 650+ 8476 4B                   ld c, e
 651+ 8477 0C                   inc c
 652+ 8478                      GET_WORLD_VALUE TILEMAP_PAGE, USE_BC              ; (tx+1, ty+1)
 652+ 8478             >; given B= tile X, C= tile Y, return "world" value at this position in the world map
 652+ 8478             >;
 652+ 8478             >;       arg  is TILEMAP_PAGE
 652+ 8478             >;            or DFIELD_PAGE
 652+ 8478             >;
 652+ 8478             >;       arg1 decides if input comes from BC or directly from HL
 652+ 8478             >;            NB if directly from HL then L = tile X, H = tile Y
 652+ 8478             >;
 652+ 8478             >        if USE_BC = 0
 652+ 8478 61          >        ld h, c                                     ; read the Y tile coordinate of the top-left corner we want
 652+ 8479             >                                                    ; put it in H (this is the same as multiplying by 256)
 652+ 8479 68          >        ld l, b                                     ; read the X tile coordinate into L
 652+ 847A             >                                                    ; Result: HL now holds tile_y * 256 + tile_x
 652+ 847A             >                                                    ; This is the byte offset into "world" map.
 652+ 847A             >        endif
 652+ 847A             >
 652+ 847A             >    ; STEP 2: Calculate which 8K physical page the data lives in
 652+ 847A 7C          >        ld   a,h                                    ; take the high byte of the offset (which is tile_y)
 652+ 847B CB 3F       >        srl  a                                      ; divide by 2
 652+ 847D CB 3F       >        srl  a                                      ; divide by 2 again  → now /4
 652+ 847F CB 3F       >        srl  a                                      ; /8
 652+ 8481 CB 3F       >        srl  a                                      ; /16
 652+ 8483 CB 3F       >        srl  a                                      ; /32   ← this is the same as tile_y ÷ 32
 652+ 8485             >                                                    ; Why divide by 32?
 652+ 8485             >                                                    ;   Each page is 8192 bytes.
 652+ 8485             >                                                    ;   Each row is 256 bytes.
 652+ 8485             >                                                    ;   8192 ÷ 256 = exactly 32 rows per page.
 652+ 8485             >                                                    ;   Therefore page number = 40 + (tile_y ÷ 32)
 652+ 8485             >
 652+ 8485 C6 28       >        add  a, TILEMAP_PAGE                                 ; add the starting page number
 652+ 8487             >
 652+ 8487 ED 92 56    >        nextreg $56,a                               ; set MMU slot 6 ($C000-$DFFF) to that page
 652+ 848A             >
 652+ 848A             >
 652+ 848A             >    ; STEP 3: Keep only the part of the address that fits inside one 8K page
 652+ 848A 7C          >        ld   a,h                                    ; get the high byte again
 652+ 848B E6 1F       >        and  $1F                                    ; $1F is binary 00011111 → keeps only the lowest 5 bits
 652+ 848D             >                                                    ; This is exactly the same as (tile_y * 256 + tile_x) modulo 8192
 652+ 848D             >                                                    ; (because 8192 = 2^13 and we are discarding everything above bit 12)
 652+ 848D 67          >        ld   h,a                                    ; HL now holds the offset *inside* the current 8K page
 652+ 848E             >
 652+ 848E             >    ; STEP 4: add the page offset so we can read it
 652+ 848E ED 34 00 C0 >        add  hl, $C000                              ; HL = $C000 + offset_inside_page
 652+ 8492             >                                                    ; HL now points directly at the first byte we want to copy
 652+ 8492 7E          >        ld a, (hl)                                  ; so get the byte
 653+ 8493 A7                   and a
 654+ 8494 C2 FE 83             jp nz, .tryPos
 655+ 8497
 656+ 8497                      ; --- position is valid: D=tileX, E=tileY. Fill the record ---
 657+ 8497 7A                   ld a, d
 658+ 8498 DD 77 05             ld (ix + baddieRecord.tileX), a
 659+ 849B 7B                   ld a, e
 660+ 849C DD 77 06             ld (ix + baddieRecord.tileY), a
 661+ 849F
 662+ 849F                      ; world pixel X = tileX * 8  (HL = D*8)
 663+ 849F 26 00                ld h, 0
 664+ 84A1 6A                   ld l, d
 665+ 84A2 29                   add hl, hl
 666+ 84A3 29                   add hl, hl
 667+ 84A4 29                   add hl, hl                  ; HL = tileX * 8
 668+ 84A5 7D                   ld a, l
 669+ 84A6 DD 77 01             ld (ix + baddieRecord.lowX), a
 670+ 84A9 7C                   ld a, h
 671+ 84AA DD 77 02             ld (ix + baddieRecord.highX), a
 672+ 84AD
 673+ 84AD                      ; world pixel Y = tileY * 8
 674+ 84AD 26 00                ld h, 0
 675+ 84AF 6B                   ld l, e
 676+ 84B0 29                   add hl, hl
 677+ 84B1 29                   add hl, hl
 678+ 84B2 29                   add hl, hl                  ; HL = tileY * 8
 679+ 84B3 7D                   ld a, l
 680+ 84B4 DD 77 03             ld (ix + baddieRecord.lowY), a
 681+ 84B7 7C                   ld a, h
 682+ 84B8 DD 77 04             ld (ix + baddieRecord.highY), a
 683+ 84BB
 684+ 84BB                      ; random initial direction 0..3 (bit-number form, as your dir uses)
 685+ 84BB CD A2 9D             call rnd8
 686+ 84BE E6 03                and %00000011
 687+ 84C0 21 F3 83             ld hl, vdirTable
 688+ 84C3 ED 31                add hl, a                    ; Z80N
 689+ 84C5 7E                   ld a, (hl)
 690+ 84C6 DD 77 07             ld (ix + baddieRecord.dir), a
 691+ 84C9
 692+ 84C9 3E 01                ld a, 1
 693+ 84CB DD 77 08             ld (ix + baddieRecord.pattern), a
 694+ 84CE 3E 00                ld a, mode_auto
 695+ 84D0 DD 77 09             ld (ix +baddieRecord.mode), a
 696+ 84D3
 697+ 84D3                      ; sprite index: baddies are sprites 1..N.
 698+ 84D3                      ; recover which baddie we're on: outer counter still on stack.
 699+ 84D3 C1                   pop bc                      ; B = remaining count (baddieCount..1)
 700+ 84D4 3E 3C                ld a, baddieCount
 701+ 84D6 90                   sub b                       ; A = 0..N-1 (how many done so far)
 702+ 84D7 3C                   inc a                       ; A = 1..N  (sprite slot, player is 0)
 703+ 84D8 DD 77 00             ld (ix + baddieRecord.index), a
 704+ 84DB C5                   push bc                     ; restore for the djnz below
 705+ 84DC
 706+ 84DC                      ; advance IX to next record
 707+ 84DC 11 0B 00             ld de, baddieRecord
 708+ 84DF DD 19                add ix, de
 709+ 84E1
 710+ 84E1 C1                   pop bc
 711+ 84E2 05                   dec b
 712+ 84E3 C2 FD 83             jp nz, .nextBaddie
 713+ 84E6 C9                   ret
 714+ 84E7
 715+ 84E7              setUpCamera:
 716+ 84E7                      ; set camera X/Y position based on player X/Y
 717+ 84E7 21 D0 01             ld hl, 464
 718+ 84EA 22 D0 8E             ld (player_px), hl
 719+ 84ED 21 58 01             ld hl, 344
 720+ 84F0 22 D2 8E             ld (player_py), hl
 721+ 84F3
 722+ 84F3 2A D0 8E             ld hl, (player_px)                          ; get initial player pixel X
 723+ 84F6 01 98 00             ld bc, CENTRE_X                             ; the camera position is roughly centered
 724+ 84F9 B7                   or a                                        ; clear carry
 725+ 84FA ED 42                sbc hl, bc                                  ; hence get camera "world" X position in HL
 726+ 84FC 22 BF 8E             ld (cam_px), hl                             ; and set it.
 727+ 84FF
 728+ 84FF 2A D2 8E             ld hl, (player_py)                          ; do the same for camera "world" Y position
 729+ 8502 01 78 00             ld bc, CENTRE_Y
 730+ 8505 B7                   or a
 731+ 8506 ED 42                sbc hl, bc
 732+ 8508 22 C1 8E             ld (cam_py), hl
 733+ 850B
 734+ 850B                      ; camera tile X/Y is pixel X/Y divided by 8
 735+ 850B 2A BF 8E             ld hl, (cam_px)
 736+ 850E                      DIV_HL_8
 736+ 850E             >; simple 16-bit divide without the CALL/RET overhead
 736+ 850E CB 3C       >        srl h                                       ; divide by 2
 736+ 8510 CB 1D       >        rr l
 736+ 8512 CB 3C       >        srl h                                       ; divide by 4
 736+ 8514 CB 1D       >        rr l
 736+ 8516 CB 3C       >        srl h                                       ; divide by 8
 736+ 8518 CB 1D       >        rr l
 737+ 851A 7D                   ld a, l
 738+ 851B 32 C3 8E             ld (cam_tx), a
 739+ 851E 2A C1 8E             ld hl, (cam_py)
 740+ 8521                      DIV_HL_8
 740+ 8521             >; simple 16-bit divide without the CALL/RET overhead
 740+ 8521 CB 3C       >        srl h                                       ; divide by 2
 740+ 8523 CB 1D       >        rr l
 740+ 8525 CB 3C       >        srl h                                       ; divide by 4
 740+ 8527 CB 1D       >        rr l
 740+ 8529 CB 3C       >        srl h                                       ; divide by 8
 740+ 852B CB 1D       >        rr l
 741+ 852D 7D                   ld a, l
 742+ 852E 32 C4 8E             ld (cam_ty), a
 743+ 8531 C9                   ret
 744+ 8532
 745+ 8532              attractMode:
 746+ 8532                      ; setup: layers, transparency, draw panel, place wandering baddies
 747+ 8532 CD AC 85             call setupAttract
 748+ 8535 CD 54 85             call drawAttractText
 749+ 8538
 750+ 8538                      ; drain: wait for all keys released before watching for a press
 751+ 8538              .waitRelease:
 752+ 8538 CD 94 85             call checkAnyKey
 753+ 853B 38 FB                jr c, .waitRelease          ; still something held -> wait
 754+ 853D              .loop:
 755+ 853D CD A3 98             call processBaddies         ; wandering baddies move + draw
 756+ 8540                      ; (optional) drift the camera for a slow pan
 757+ 8540                      ; (optional) animate the panel "press any key" flash
 758+ 8540 CD E2 97             call wait_vblank
 759+ 8543 CD 94 85             call checkAnyKey            ; pressed?
 760+ 8546 30 F5                jr nc, .loop                ; no key -> keep looping
 761+ 8548
 762+ 8548 CD 49 81             call resetPlayerVals
 763+ 854B ED 91 6B A0          NEXTREG $6b, %10100000
 764+ 854F
 765+ 854F ED 91 6C 00          nextreg $6c, 0
 766+ 8553 C9                   ret
 767+ 8554
 768+ 8554              ; ============================================================
 769+ 8554              ; drawAttractText - print the instruction panel to the ULA.
 770+ 8554              ; Call once in setupAttract (after the panel attributes are set).
 771+ 8554              ; Trashes: IY, AF, BC (per displayText)
 772+ 8554              ; ============================================================
 773+ 8554              drawAttractText:
 774+ 8554 FD 21 3E 80          ld iy, at_title
 775+ 8558 CD 63 86             call displayText
 776+ 855B FD 21 50 80          ld iy, at_l1
 777+ 855F CD 63 86             call displayText
 778+ 8562 FD 21 6B 80          ld iy, at_l2
 779+ 8566 CD 63 86             call displayText
 780+ 8569 FD 21 7F 80          ld iy, at_l3
 781+ 856D CD 63 86             call displayText
 782+ 8570 FD 21 8B 80          ld iy, at_l4
 783+ 8574 CD 63 86             call displayText
 784+ 8577 FD 21 99 80          ld iy, at_l5
 785+ 857B CD 63 86             call displayText
 786+ 857E FD 21 A7 80          ld iy, at_l6
 787+ 8582 CD 63 86             call displayText
 788+ 8585 FD 21 B6 80          ld iy, at_l7
 789+ 8589 CD 63 86             call displayText
 790+ 858C FD 21 D0 80          ld iy, at_l8
 791+ 8590 CD 63 86             call displayText
 792+ 8593 C9                   ret
 793+ 8594
 794+ 8594              ; ============================================================
 795+ 8594              checkAnyKey:
 796+ 8594 0E FE                ld c, $FE                   ; keyboard port low byte (constant)
 797+ 8596 1E FE                ld e, $FE                   ; row-select pattern: one bit low, rotates
 798+ 8598 16 08                ld d, 8                     ; 8 rows to check
 799+ 859A              .scanRow:
 800+ 859A 43                   ld b, e                     ; B = current row-select (high address byte)
 801+ 859B ED 78                in a, (c)                   ; read this half-row
 802+ 859D E6 1F                and $1F                     ; keep only the 5 key bits
 803+ 859F FE 1F                cp $1F                      ; all 1s = no key in this row
 804+ 85A1 20 07                jr nz, .pressed             ; a 0 bit = a key down -> pressed
 805+ 85A3 CB 03                rlc e                       ; rotate the zero bit to the next row
 806+ 85A5 15                   dec d
 807+ 85A6 20 F2                jr nz, .scanRow
 808+ 85A8 B7                   or a                        ; checked all rows, none pressed -> clear carry
 809+ 85A9 C9                   ret
 810+ 85AA              .pressed:
 811+ 85AA 37                   scf                         ; key down -> set carry
 812+ 85AB C9                   ret
 813+ 85AC
 814+ 85AC              setupAttract:
 815+ 85AC                      ; derive camera TILE (B = cam_px>>3, C = cam_py>>3) - required by copy_visible_window
 816+ 85AC 2A BF 8E             ld hl, (cam_px)
 817+ 85AF                      DIV_HL_8
 817+ 85AF             >; simple 16-bit divide without the CALL/RET overhead
 817+ 85AF CB 3C       >        srl h                                       ; divide by 2
 817+ 85B1 CB 1D       >        rr l
 817+ 85B3 CB 3C       >        srl h                                       ; divide by 4
 817+ 85B5 CB 1D       >        rr l
 817+ 85B7 CB 3C       >        srl h                                       ; divide by 8
 817+ 85B9 CB 1D       >        rr l
 818+ 85BB 45                   ld b, l                     ; B = camera tile X
 819+ 85BC 2A C1 8E             ld hl, (cam_py)
 820+ 85BF                      DIV_HL_8
 820+ 85BF             >; simple 16-bit divide without the CALL/RET overhead
 820+ 85BF CB 3C       >        srl h                                       ; divide by 2
 820+ 85C1 CB 1D       >        rr l
 820+ 85C3 CB 3C       >        srl h                                       ; divide by 4
 820+ 85C5 CB 1D       >        rr l
 820+ 85C7 CB 3C       >        srl h                                       ; divide by 8
 820+ 85C9 CB 1D       >        rr l
 821+ 85CB 4D                   ld c, l                     ; C = camera tile Y
 822+ 85CC
 823+ 85CC CD 45 97             call copy_visible_window    ; now draws maze from correct camera origin
 824+ 85CF
 825+ 85CF                      ; fine scroll to match
 826+ 85CF 3A BF 8E             ld a, (cam_px)
 827+ 85D2 E6 07                and 7
 828+ 85D4 ED 92 30             nextreg $30, a
 829+ 85D7 3A C1 8E             ld a, (cam_py)
 830+ 85DA E6 07                and 7
 831+ 85DC ED 92 31             nextreg $31, a
 832+ 85DF
 833+ 85DF CD 25 81             call newGame
 834+ 85E2 ED 91 6B A0          NEXTREG $6b, %10100000
 835+ 85E6 ED 91 6C 01          nextreg $6c, 1
 836+ 85EA CD F7 83             call initBaddies
 837+ 85ED C9                   ret
 838+ 85EE
 839+ 85EE              setClipping:
 840+ 85EE ED 91 1C 08          nextreg $1C, %00001000                      ; Reset tilemap clip window index (bit 3 = 1)
 841+ 85F2
 842+ 85F2                  ; Write the four clip coordinates to register $1B
 843+ 85F2                  ; X values are in 2-pixel units (0-159 = full 320px width)
 844+ 85F2                  ; Y values are 1:1 pixels (0-255)
 845+ 85F2                  ; 4px border = inset of 2 X-units and 4 Y-pixels
 846+ 85F2 ED 91 1B 02          nextreg $1B, 2                              ; X1 = 2   → left edge  = pixel 4
 847+ 85F6 ED 91 1B 9D          nextreg $1B, 157                            ; X2 = 157 → right edge = pixel 315 (319-4)
 848+ 85FA ED 91 1B 40          nextreg $1b, 64                             ; Y1 = 64, top 4 border lines + top 4 ULA lines
 849+ 85FE ED 91 1B FB          nextreg $1B, 251                            ; Y2 = 251 → bottom edge= pixel 251 (255-4)
 850+ 8602
 851+ 8602                  ; setSpriteClip - clip sprites to the play area (below the HUD).
 852+ 8602                  ; Over-border mode is active, so:
 853+ 8602                  ;   - X coords use the SAME doubling as the tilemap clip (copy 2,157)
 854+ 8602                  ;   - Y coords are in sprite space: ULA-origin pixel + 32
 855+ 8602                  ;       tilemap top  pixel 64  -> 64+32 = 96
 856+ 8602                  ;       tilemap bot  pixel 251 -> 283 (overflows) -> clamp to 255
 857+ 8602                  ; Requires $15 bit 5 (clip-over-border) set - see note.
 858+ 8602 ED 91 15 23          NEXTREG $15, %00100011                      ; was %00010111; bit 5 = enable sprite clip over border
 859+ 8606
 860+ 8606 ED 91 1C 02          nextreg $1C, 2                              ; bit 1 = reset the SPRITE clip index
 861+ 860A ED 91 19 00          nextreg $19, 0                              ; X1 (doubled units, same as tilemap) -> pixel 4
 862+ 860E ED 91 19 9F          nextreg $19, 159                            ; X2 -> pixel 315
 863+ 8612 ED 91 19 40          nextreg $19, 64                             ; Y1 = 64 -> top of play area
 864+ 8616 ED 91 19 FF          nextreg $19, 255                            ; Y2 = clamp (283 overflows a byte; screen edge handles bottom)
 865+ 861A C9                   ret
 866+ 861B
# file closed: initialisation.inc
   6  861B              INCLUDE "text.inc"
# file opened: text.inc
   1+ 861B              DEVICE ZXSPECTRUMNEXT
   2+ 861B ~            /*
   3+ 861B ~            This include file contains text display routines
   4+ 861B ~            - displayText
   5+ 861B ~            - displayChar
   6+ 861B ~            - Bin8ToDec
   7+ 861B ~            - DisplayDigit
   8+ 861B ~            */
   9+ 861B
  10+ 861B              charset equ 15616
  11+ 861B 00 00 00 00  udgBase:    defb 0, 0, 0, 0, 255, 255, 0, 0
  11+ 861F FF FF 00 00
  12+ 8623 00 00 00 00              defb 0, 0, 0, 0, 254, 254, 0, 0
  12+ 8627 FE FE 00 00
  13+ 862B 00 00 00 00              defb 0, 0, 0, 0, 252, 252, 0, 0
  13+ 862F FC FC 00 00
  14+ 8633 00 00 00 00              defb 0, 0, 0, 0, 248, 248, 0, 0
  14+ 8637 F8 F8 00 00
  15+ 863B 00 00 00 00              defb 0, 0, 0, 0, 240, 240, 0, 0
  15+ 863F F0 F0 00 00
  16+ 8643 00 00 00 00              defb 0, 0, 0, 0, 224, 224, 0, 0
  16+ 8647 E0 E0 00 00
  17+ 864B 00 00 00 00              defb 0, 0, 0, 0, 192, 192, 0, 0
  17+ 864F C0 C0 00 00
  18+ 8653 00 00 00 00              defb 0, 0, 0, 0, 128, 128, 0, 0
  18+ 8657 80 80 00 00
  19+ 865B 00 00 00 00              defb 0, 0, 0, 0,   0,   0, 0, 0
  19+ 865F 00 00 00 00
  20+ 8663
  21+ 8663              displayText:
  22+ 8663              ; IY = text string, terminate with $FF, set AT with 22, Y, X
  23+ 8663              ; corrupts IY, AF, BC
  24+ 8663 01 00 00             ld bc, 0                                    ; set B (y) = 0 and C (x) = 0
  25+ 8666              .loop
  26+ 8666 FD 7E 00             ld a, (IY +0)                               ; get control or char to display
  27+ 8669 FE FF                cp $ff                                      ; end of string
  28+ 866B C8                   ret z                                       ; return if so
  29+ 866C
  30+ 866C FE 16                cp 22                                       ; AT control
  31+ 866E 28 07                jr z, .at                                   ; branch if so
  32+ 8670
  33+ 8670 CD 85 86             call displayChar                            ; display char and advance column
  34+ 8673 FD 23                inc iy                                      ; point to next in string
  35+ 8675 18 EF                jr .loop                                    ; and loop
  36+ 8677              .at
  37+ 8677 FD 23                inc iy                                      ; point to YX parameters
  38+ 8679 FD 46 00             ld b, (iy +0)                               ; store Y
  39+ 867C FD 23                inc iy                                      ; point to next in string
  40+ 867E FD 4E 00             ld c, (iy +0)                               ; store X
  41+ 8681 FD 23                inc iy                                      ; point to next in string
  42+ 8683 18 E1                jr .loop                                    ; loop
  43+ 8685
  44+ 8685              displayChar:
  45+ 8685              ; B = char row (0..23), C = char col (0..31), A = char (32..127)
  46+ 8685              ; corrupts AF, DE, HL
  47+ 8685 C5                   push bc                                     ; save the running Y/X screen positions
  48+ 8686 D5                   push de                                     ; save DE in case of call from Bin8ToDec
  49+ 8687
  50+ 8687 CB 20                sla b                                       ; multiply Y by 8 to get pixel Y
  51+ 8689 CB 20                sla b
  52+ 868B CB 20                sla b
  53+ 868D 50                   ld d, b                                     ; put Y in D for pixelad
  54+ 868E CB 21                sla c                                       ; multiply X by 8 to get pixel X
  55+ 8690 CB 21                sla c
  56+ 8692 CB 21                sla c
  57+ 8694 59                   ld e, c                                     ; put X in D for pixelad
  58+ 8695 ED 94                pixelad                                     ; HL -> address of the cell's top pixel line
  59+ 8697
  60+ 8697 FE 80                cp 128
  61+ 8699 30 0D                jr nc, .udg
  62+ 869B
  63+ 869B D6 20                sub 32                                      ; calc index into charset
  64+ 869D 1E 08                ld e, 8                                     ; each char is 8 bytes
  65+ 869F 57                   ld d, a                                     ; get index
  66+ 86A0 ED 30                mul d, e                                    ; DE = index * 8
  67+ 86A2 ED 35 00 3D          add de, charset                             ; DE -> char bitmap (Z80N: ADD DE,nn)
  68+ 86A6 18 0B                jr .draw
  69+ 86A8
  70+ 86A8              .udg
  71+ 86A8 D6 80                sub 128
  72+ 86AA 1E 08                ld e, 8
  73+ 86AC 57                   ld d, a
  74+ 86AD ED 30                mul d, e
  75+ 86AF ED 35 1B 86          add de, udgBase
  76+ 86B3
  77+ 86B3              .draw
  78+ 86B3 06 08                ld b, 8                                     ; 8 lines to a char
  79+ 86B5              dcLine:
  80+ 86B5 1A                   ld a, (de)                                  ; get the bitmap row
  81+ 86B6 77                   ld (hl), a                                  ; put it onto ULA
  82+ 86B7 13                   inc de                                      ; next row
  83+ 86B8 24                   inc h                                       ; down one pixel line within the cell
  84+ 86B9 10 FA                djnz dcLine                                 ; loop for all 8 lines
  85+ 86BB D1                   pop de
  86+ 86BC C1                   pop bc
  87+ 86BD 0C                   inc c                                       ; advance to next column
  88+ 86BE 79                   ld a, c                                     ; put A to clamp
  89+ 86BF E6 1F                and 31                                      ; clamp at 31
  90+ 86C1 4F                   ld c, a                                     ; put back into C
  91+ 86C2 C9                   ret
  92+ 86C3
  93+ 86C3              ; 8-Bit Binary to Decimal Digits Extraction
  94+ 86C3              ; Input:  A  = 8-bit binary number (0 - 255)
  95+ 86C3              ;         B  = char row (0..23), C = char col (0..31)
  96+ 86C3              ; Calls displayChar with A to display each digit
  97+ 86C3              Bin8ToDec:
  98+ 86C3              ; --- Step 1: Extract 100s Digit ---
  99+ 86C3 1E 2F                ld      e, '0' - 1                          ; Initialize ASCII counter
 100+ 86C5              .Loop100:
 101+ 86C5 1C                   inc     e                                   ; Increment ASCII character
 102+ 86C6 D6 64                sub     100                                 ; Subtract 100
 103+ 86C8 30 FB                jr      nc, .Loop100                        ; Repeat if no underflow (result >= 0)
 104+ 86CA C6 64                add     a, 100                              ; Restore the remainder (add 100 back)
 105+ 86CC
 106+ 86CC 57                   ld      d, a                                ; Temporarily save remainder in B
 107+ 86CD 7B                   ld      a, e                                ; Get 100s digit
 108+ 86CE CD 85 86             call displayChar
 109+ 86D1 7A                   ld      a, d                                ; Restore remainder to A
 110+ 86D2
 111+ 86D2              ; --- Step 2: Extract 10s Digit ---
 112+ 86D2 1E 2F                ld      e, '0' - 1                          ; Re-initialize ASCII counter
 113+ 86D4              .Loop10:
 114+ 86D4 1C                   inc     e                                   ; Increment ASCII character
 115+ 86D5 D6 0A                sub     10                                  ; Subtract 10
 116+ 86D7 30 FB                jr      nc, .Loop10                         ; Repeat if no underflow (result >= 0)
 117+ 86D9 C6 0A                add     a, 10                               ; Restore the remainder (add 10 back)
 118+ 86DB
 119+ 86DB 57                   ld      d, a                                ; Temporarily save 1s digit in B
 120+ 86DC 7B                   ld      a, e                                ; Get 10s digit
 121+ 86DD CD 85 86             call displayChar
 122+ 86E0
 123+ 86E0              ; --- Step 3: Extract 1s Digit ---
 124+ 86E0 7A                   ld      a, d                                ; Restore 1s digit to A
 125+ 86E1              DisplayDigit:
 126+ 86E1                      ; if calling from here then BC must be set with B=row, C=Column
 127+ 86E1 C6 30                add     a, '0'                              ; Convert the leftover 1s digit to ASCII
 128+ 86E3 CD 85 86             call displayChar
 129+ 86E6 C9                   ret
 130+ 86E7
 131+ 86E7
 132+ 86E7              debugs:
 133+ 86E7                      ; get distance
 134+ 86E7 CD 22 87             call getTileY
 135+ 86EA 01 0A 00             ld bc, 10
 136+ 86ED CD C3 86             call Bin8ToDec
 137+ 86F0
 138+ 86F0 CD 33 87             call getTileX
 139+ 86F3 01 0E 00             ld bc, 14
 140+ 86F6 CD C3 86             call Bin8ToDec
 141+ 86F9
 142+ 86F9 CD 22 87             call getTileY
 143+ 86FC 57                   ld d, a
 144+ 86FD
 145+ 86FD CD 33 87             call getTileX
 146+ 8700 5F                   ld e, a
 147+ 8701
 148+ 8701 EB                   ex de, hl
 149+ 8702                      GET_WORLD_VALUE DFIELD_PAGE, USE_HL
 149+ 8702             >; given B= tile X, C= tile Y, return "world" value at this position in the world map
 149+ 8702             >;
 149+ 8702             >;       arg  is TILEMAP_PAGE
 149+ 8702             >;            or DFIELD_PAGE
 149+ 8702             >;
 149+ 8702             >;       arg1 decides if input comes from BC or directly from HL
 149+ 8702             >;            NB if directly from HL then L = tile X, H = tile Y
 149+ 8702             >;
 149+ 8702             >        if USE_HL = 0
 149+ 8702 ~           >        ld h, c                                     ; read the Y tile coordinate of the top-left corner we want
 149+ 8702 ~           >                                                    ; put it in H (this is the same as multiplying by 256)
 149+ 8702 ~           >        ld l, b                                     ; read the X tile coordinate into L
 149+ 8702 ~           >                                                    ; Result: HL now holds tile_y * 256 + tile_x
 149+ 8702 ~           >                                                    ; This is the byte offset into "world" map.
 149+ 8702             >        endif
 149+ 8702             >
 149+ 8702             >    ; STEP 2: Calculate which 8K physical page the data lives in
 149+ 8702 7C          >        ld   a,h                                    ; take the high byte of the offset (which is tile_y)
 149+ 8703 CB 3F       >        srl  a                                      ; divide by 2
 149+ 8705 CB 3F       >        srl  a                                      ; divide by 2 again  → now /4
 149+ 8707 CB 3F       >        srl  a                                      ; /8
 149+ 8709 CB 3F       >        srl  a                                      ; /16
 149+ 870B CB 3F       >        srl  a                                      ; /32   ← this is the same as tile_y ÷ 32
 149+ 870D             >                                                    ; Why divide by 32?
 149+ 870D             >                                                    ;   Each page is 8192 bytes.
 149+ 870D             >                                                    ;   Each row is 256 bytes.
 149+ 870D             >                                                    ;   8192 ÷ 256 = exactly 32 rows per page.
 149+ 870D             >                                                    ;   Therefore page number = 40 + (tile_y ÷ 32)
 149+ 870D             >
 149+ 870D C6 2E       >        add  a, DFIELD_PAGE                                 ; add the starting page number
 149+ 870F             >
 149+ 870F ED 92 56    >        nextreg $56,a                               ; set MMU slot 6 ($C000-$DFFF) to that page
 149+ 8712             >
 149+ 8712             >
 149+ 8712             >    ; STEP 3: Keep only the part of the address that fits inside one 8K page
 149+ 8712 7C          >        ld   a,h                                    ; get the high byte again
 149+ 8713 E6 1F       >        and  $1F                                    ; $1F is binary 00011111 → keeps only the lowest 5 bits
 149+ 8715             >                                                    ; This is exactly the same as (tile_y * 256 + tile_x) modulo 8192
 149+ 8715             >                                                    ; (because 8192 = 2^13 and we are discarding everything above bit 12)
 149+ 8715 67          >        ld   h,a                                    ; HL now holds the offset *inside* the current 8K page
 149+ 8716             >
 149+ 8716             >    ; STEP 4: add the page offset so we can read it
 149+ 8716 ED 34 00 C0 >        add  hl, $C000                              ; HL = $C000 + offset_inside_page
 149+ 871A             >                                                    ; HL now points directly at the first byte we want to copy
 149+ 871A 7E          >        ld a, (hl)                                  ; so get the byte
 150+ 871B              ;        call getFieldByte
 151+ 871B 01 12 00             ld bc, 18
 152+ 871E CD C3 86             call Bin8ToDec
 153+ 8721 C9                   ret
 154+ 8722
 155+ 8722              getTileY
 156+ 8722 2A D2 8E             ld hl, (player_py)
 157+ 8725                      DIV_HL_8
 157+ 8725             >; simple 16-bit divide without the CALL/RET overhead
 157+ 8725 CB 3C       >        srl h                                       ; divide by 2
 157+ 8727 CB 1D       >        rr l
 157+ 8729 CB 3C       >        srl h                                       ; divide by 4
 157+ 872B CB 1D       >        rr l
 157+ 872D CB 3C       >        srl h                                       ; divide by 8
 157+ 872F CB 1D       >        rr l
 158+ 8731 7D                   ld a, l
 159+ 8732 C9                   ret
 160+ 8733
 161+ 8733              getTileX
 162+ 8733 2A D0 8E             ld hl, (player_px)
 163+ 8736                      DIV_HL_8
 163+ 8736             >; simple 16-bit divide without the CALL/RET overhead
 163+ 8736 CB 3C       >        srl h                                       ; divide by 2
 163+ 8738 CB 1D       >        rr l
 163+ 873A CB 3C       >        srl h                                       ; divide by 4
 163+ 873C CB 1D       >        rr l
 163+ 873E CB 3C       >        srl h                                       ; divide by 8
 163+ 8740 CB 1D       >        rr l
 164+ 8742 7D                   ld a, l
 165+ 8743 C9                   ret
 166+ 8744
 167+ 8744              debugs1:
 168+ 8744
# file closed: text.inc
   7  8744              INCLUDE "melody.inc"
# file opened: melody.inc
   1+ 8744              MelodyTable:
   2+ 8744 F8 01 0F 00  T2_0: DB 248,1,15,0,0,0,0,0,0,0,0,0,0,0,0,0,0,0
   2+ 8748 00 00 00 00
   2+ 874C 00 00 00 00
   2+ 8750 00 00 00 00
   2+ 8754 00 00
   3+ 8756 50 01 0F A8  T2_1: DB 80,1,15,168,1,15,248,1,15,0,0,0,0,0,0,0,0,0
   3+ 875A 01 0F F8 01
   3+ 875E 0F 00 00 00
   3+ 8762 00 00 00 00
   3+ 8766 00 00
   4+ 8768 A1 02 0F 00  T2_2: DB 161,2,15,0,0,0,0,0,0,0,0,0,0,0,0,0,0,0
   4+ 876C 00 00 00 00
   4+ 8770 00 00 00 00
   4+ 8774 00 00 00 00
   4+ 8778 00 00
   5+ 877A 50 01 0F A8  T2_3: DB 80,1,15,168,1,15,161,2,15,0,0,0,0,0,0,0,0,0
   5+ 877E 01 0F A1 02
   5+ 8782 0F 00 00 00
   5+ 8786 00 00 00 00
   5+ 878A 00 00
   6+ 878C F8 01 0F 00  T2_4: DB 248,1,15,0,0,0,0,0,0,0,0,0,0,0,0,0,0,0
   6+ 8790 00 00 00 00
   6+ 8794 00 00 00 00
   6+ 8798 00 00 00 00
   6+ 879C 00 00
   7+ 879E 50 01 0F A8  T2_5: DB 80,1,15,168,1,15,248,1,15,0,0,0,0,0,0,0,0,0
   7+ 87A2 01 0F F8 01
   7+ 87A6 0F 00 00 00
   7+ 87AA 00 00 00 00
   7+ 87AE 00 00
   8+ 87B0 A1 02 0F 00  T2_6: DB 161,2,15,0,0,0,0,0,0,0,0,0,0,0,0,0,0,0
   8+ 87B4 00 00 00 00
   8+ 87B8 00 00 00 00
   8+ 87BC 00 00 00 00
   8+ 87C0 00 00
   9+ 87C2 50 01 0F A8  T2_7: DB 80,1,15,168,1,15,161,2,15,0,0,0,0,0,0,0,0,0
   9+ 87C6 01 0F A1 02
   9+ 87CA 0F 00 00 00
   9+ 87CE 00 00 00 00
   9+ 87D2 00 00
  10+ 87D4 C1 01 0F 00  T2_8: DB 193,1,15,0,0,0,0,0,0,0,0,0,0,0,0,0,0,0
  10+ 87D8 00 00 00 00
  10+ 87DC 00 00 00 00
  10+ 87E0 00 00 00 00
  10+ 87E4 00 00
  11+ 87E6 50 01 0F 79  T2_9: DB 80,1,15,121,1,15,193,1,15,0,0,0,0,0,0,0,0,0
  11+ 87EA 01 0F C1 01
  11+ 87EE 0F 00 00 00
  11+ 87F2 00 00 00 00
  11+ 87F6 00 00
  12+ 87F8 50 01 0F 79  T2_10: DB 80,1,15,121,1,15,161,2,15,0,0,0,0,0,0,0,0,0
  12+ 87FC 01 0F A1 02
  12+ 8800 0F 00 00 00
  12+ 8804 00 00 00 00
  12+ 8808 00 00
  13+ 880A DC 01 0F 00  T2_11: DB 220,1,15,0,0,0,0,0,0,0,0,0,0,0,0,0,0,0
  13+ 880E 00 00 00 00
  13+ 8812 00 00 00 00
  13+ 8816 00 00 00 00
  13+ 881A 00 00
  14+ 881C 50 01 0F 79  T2_12: DB 80,1,15,121,1,15,220,1,15,0,0,0,0,0,0,0,0,0
  14+ 8820 01 0F DC 01
  14+ 8824 0F 00 00 00
  14+ 8828 00 00 00 00
  14+ 882C 00 00
  15+ 882E 50 01 0F 79  T2_13: DB 80,1,15,121,1,15,161,2,15,0,0,0,0,0,0,0,0,0
  15+ 8832 01 0F A1 02
  15+ 8836 0F 00 00 00
  15+ 883A 00 00 00 00
  15+ 883E 00 00
  16+ 8840 A8 00 0F F8  T2_14: DB 168,0,15,248,1,15,0,0,0,0,0,0,0,0,0,0,0,0
  16+ 8844 01 0F 00 00
  16+ 8848 00 00 00 00
  16+ 884C 00 00 00 00
  16+ 8850 00 00
  17+ 8852 D4 00 0F 50  T2_15: DB 212,0,15,80,1,15,168,1,15,248,1,15,0,0,0,0,0,0
  17+ 8856 01 0F A8 01
  17+ 885A 0F F8 01 0F
  17+ 885E 00 00 00 00
  17+ 8862 00 00
  18+ 8864 FC 00 0F A1  T2_16: DB 252,0,15,161,2,15,0,0,0,0,0,0,0,0,0,0,0,0
  18+ 8868 02 0F 00 00
  18+ 886C 00 00 00 00
  18+ 8870 00 00 00 00
  18+ 8874 00 00
  19+ 8876 FC 00 0F 50  T2_17: DB 252,0,15,80,1,15,168,1,15,161,2,15,0,0,0,0,0,0
  19+ 887A 01 0F A8 01
  19+ 887E 0F A1 02 0F
  19+ 8882 00 00 00 00
  19+ 8886 00 00
  20+ 8888 7E 00 0F F3  T2_18: DB 126,0,15,243,2,15,0,0,0,0,0,0,0,0,0,0,0,0
  20+ 888C 02 0F 00 00
  20+ 8890 00 00 00 00
  20+ 8894 00 00 00 00
  20+ 8898 00 00
  21+ 889A 9F 00 0F F8  T2_19: DB 159,0,15,248,1,15,123,2,15,243,2,15,0,0,0,0,0,0
  21+ 889E 01 0F 7B 02
  21+ 88A2 0F F3 02 0F
  21+ 88A6 00 00 00 00
  21+ 88AA 00 00
  22+ 88AC BD 00 0F F3  T2_20: DB 189,0,15,243,2,15,0,0,0,0,0,0,0,0,0,0,0,0
  22+ 88B0 02 0F 00 00
  22+ 88B4 00 00 00 00
  22+ 88B8 00 00 00 00
  22+ 88BC 00 00
  23+ 88BE BD 00 0F F8  T2_21: DB 189,0,15,248,1,15,123,2,15,243,2,15,0,0,0,0,0,0
  23+ 88C2 01 0F 7B 02
  23+ 88C6 0F F3 02 0F
  23+ 88CA 00 00 00 00
  23+ 88CE 00 00
  24+ 88D0 E0 00 0F 36  T2_22: DB 224,0,15,54,2,15,0,0,0,0,0,0,0,0,0,0,0,0
  24+ 88D4 02 0F 00 00
  24+ 88D8 00 00 00 00
  24+ 88DC 00 00 00 00
  24+ 88E0 00 00
  25+ 88E2 D4 00 0F 36  T2_23: DB 212,0,15,54,2,15,0,0,0,0,0,0,0,0,0,0,0,0
  25+ 88E6 02 0F 00 00
  25+ 88EA 00 00 00 00
  25+ 88EE 00 00 00 00
  25+ 88F2 00 00
  26+ 88F4 E0 00 0F 79  T2_24: DB 224,0,15,121,1,15,193,1,15,54,2,15,0,0,0,0,0,0
  26+ 88F8 01 0F C1 01
  26+ 88FC 0F 36 02 0F
  26+ 8900 00 00 00 00
  26+ 8904 00 00
  27+ 8906 D4 00 0F 79  T2_25: DB 212,0,15,121,1,15,193,1,15,54,2,15,0,0,0,0,0,0
  27+ 890A 01 0F C1 01
  27+ 890E 0F 36 02 0F
  27+ 8912 00 00 00 00
  27+ 8916 00 00
  28+ 8918 BD 00 0F 36  T2_26: DB 189,0,15,54,2,15,0,0,0,0,0,0,0,0,0,0,0,0
  28+ 891C 02 0F 00 00
  28+ 8920 00 00 00 00
  28+ 8924 00 00 00 00
  28+ 8928 00 00
  29+ 892A 1B 01 0F 79  T2_27: DB 27,1,15,121,1,15,193,1,15,54,2,15,0,0,0,0,0,0
  29+ 892E 01 0F C1 01
  29+ 8932 0F 36 02 0F
  29+ 8936 00 00 00 00
  29+ 893A 00 00
  30+ 893C 8D 00 0F 4F  T2_28: DB 141,0,15,79,3,15,0,0,0,0,0,0,0,0,0,0,0,0
  30+ 8940 03 0F 00 00
  30+ 8944 00 00 00 00
  30+ 8948 00 00 00 00
  30+ 894C 00 00
  31+ 894E A8 00 0F 36  T2_29: DB 168,0,15,54,2,15,161,2,15,79,3,15,0,0,0,0,0,0
  31+ 8952 02 0F A1 02
  31+ 8956 0F 4F 03 0F
  31+ 895A 00 00 00 00
  31+ 895E 00 00
  32+ 8960 D4 00 0F 4F  T2_30: DB 212,0,15,79,3,15,0,0,0,0,0,0,0,0,0,0,0,0
  32+ 8964 03 0F 00 00
  32+ 8968 00 00 00 00
  32+ 896C 00 00 00 00
  32+ 8970 00 00
  33+ 8972 D4 00 0F 36  T2_31: DB 212,0,15,54,2,15,161,2,15,79,3,15,0,0,0,0,0,0
  33+ 8976 02 0F A1 02
  33+ 897A 0F 4F 03 0F
  33+ 897E 00 00 00 00
  33+ 8982 00 00
  34+ 8984 FC 00 0F 7B  T2_32: DB 252,0,15,123,2,15,0,0,0,0,0,0,0,0,0,0,0,0
  34+ 8988 02 0F 00 00
  34+ 898C 00 00 00 00
  34+ 8990 00 00 00 00
  34+ 8994 00 00
  35+ 8996 E0 00 0F 7B  T2_33: DB 224,0,15,123,2,15,0,0,0,0,0,0,0,0,0,0,0,0
  35+ 899A 02 0F 00 00
  35+ 899E 00 00 00 00
  35+ 89A2 00 00 00 00
  35+ 89A6 00 00
  36+ 89A8 FC 00 0F A8  T2_34: DB 252,0,15,168,1,15,248,1,15,123,2,15,0,0,0,0,0,0
  36+ 89AC 01 0F F8 01
  36+ 89B0 0F 7B 02 0F
  36+ 89B4 00 00 00 00
  36+ 89B8 00 00
  37+ 89BA E0 00 0F A8  T2_35: DB 224,0,15,168,1,15,248,1,15,123,2,15,0,0,0,0,0,0
  37+ 89BE 01 0F F8 01
  37+ 89C2 0F 7B 02 0F
  37+ 89C6 00 00 00 00
  37+ 89CA 00 00
  38+ 89CC D4 00 0F 7B  T2_36: DB 212,0,15,123,2,15,0,0,0,0,0,0,0,0,0,0,0,0
  38+ 89D0 02 0F 00 00
  38+ 89D4 00 00 00 00
  38+ 89D8 00 00 00 00
  38+ 89DC 00 00
  39+ 89DE 3D 01 0F A8  T2_37: DB 61,1,15,168,1,15,248,1,15,123,2,15,0,0,0,0,0,0
  39+ 89E2 01 0F F8 01
  39+ 89E6 0F 7B 02 0F
  39+ 89EA 00 00 00 00
  39+ 89EE 00 00
  40+ 89F0 9F 00 0F 7B  T2_38: DB 159,0,15,123,2,15,0,0,0,0,0,0,0,0,0,0,0,0
  40+ 89F4 02 0F 00 00
  40+ 89F8 00 00 00 00
  40+ 89FC 00 00 00 00
  40+ 8A00 00 00
  41+ 8A02 BD 00 0F F8  T2_39: DB 189,0,15,248,1,15,123,2,15,0,0,0,0,0,0,0,0,0
  41+ 8A06 01 0F 7B 02
  41+ 8A0A 0F 00 00 00
  41+ 8A0E 00 00 00 00
  41+ 8A12 00 00
  42+ 8A14 FC 00 0F 7B  T2_40: DB 252,0,15,123,2,15,0,0,0,0,0,0,0,0,0,0,0,0
  42+ 8A18 02 0F 00 00
  42+ 8A1C 00 00 00 00
  42+ 8A20 00 00 00 00
  42+ 8A24 00 00
  43+ 8A26 3D 01 0F F8  T2_41: DB 61,1,15,248,1,15,123,2,15,0,0,0,0,0,0,0,0,0
  43+ 8A2A 01 0F 7B 02
  43+ 8A2E 0F 00 00 00
  43+ 8A32 00 00 00 00
  43+ 8A36 00 00
  44+ 8A38 50 01 0F C1  T2_42: DB 80,1,15,193,1,15,22,2,15,161,2,15,0,0,0,0,0,0
  44+ 8A3C 01 0F 16 02
  44+ 8A40 0F A1 02 0F
  44+ 8A44 00 00 00 00
  44+ 8A48 00 00
  45+ 8A4A E0 00 0F C1  T2_43: DB 224,0,15,193,1,15,22,2,15,161,2,15,0,0,0,0,0,0
  45+ 8A4E 01 0F 16 02
  45+ 8A52 0F A1 02 0F
  45+ 8A56 00 00 00 00
  45+ 8A5A 00 00
  46+ 8A5C C1 01 0F 16  T2_44: DB 193,1,15,22,2,15,161,2,15,0,0,0,0,0,0,0,0,0
  46+ 8A60 02 0F A1 02
  46+ 8A64 0F 00 00 00
  46+ 8A68 00 00 00 00
  46+ 8A6C 00 00
  47+ 8A6E 3D 01 0F 79  T2_45: DB 61,1,15,121,1,15,220,1,15,123,2,15,0,0,0,0,0,0
  47+ 8A72 01 0F DC 01
  47+ 8A76 0F 7B 02 0F
  47+ 8A7A 00 00 00 00
  47+ 8A7E 00 00
  48+ 8A80 EE 00 0F 79  T2_46: DB 238,0,15,121,1,15,220,1,15,123,2,15,0,0,0,0,0,0
  48+ 8A84 01 0F DC 01
  48+ 8A88 0F 7B 02 0F
  48+ 8A8C 00 00 00 00
  48+ 8A90 00 00
  49+ 8A92 79 01 0F DC  T2_47: DB 121,1,15,220,1,15,123,2,15,0,0,0,0,0,0,0,0,0
  49+ 8A96 01 0F 7B 02
  49+ 8A9A 0F 00 00 00
  49+ 8A9E 00 00 00 00
  49+ 8AA2 00 00
  50+ 8AA4 50 01 0F C1  T2_48: DB 80,1,15,193,1,15,22,2,15,161,2,15,0,0,0,0,0,0
  50+ 8AA8 01 0F 16 02
  50+ 8AAC 0F A1 02 0F
  50+ 8AB0 00 00 00 00
  50+ 8AB4 00 00
  51+ 8AB6 E0 00 0F C1  T2_49: DB 224,0,15,193,1,15,22,2,15,161,2,15,0,0,0,0,0,0
  51+ 8ABA 01 0F 16 02
  51+ 8ABE 0F A1 02 0F
  51+ 8AC2 00 00 00 00
  51+ 8AC6 00 00
  52+ 8AC8 C1 01 0F 16  T2_50: DB 193,1,15,22,2,15,161,2,15,0,0,0,0,0,0,0,0,0
  52+ 8ACC 02 0F A1 02
  52+ 8AD0 0F 00 00 00
  52+ 8AD4 00 00 00 00
  52+ 8AD8 00 00
  53+ 8ADA 3D 01 0F 79  T2_51: DB 61,1,15,121,1,15,220,1,15,123,2,15,0,0,0,0,0,0
  53+ 8ADE 01 0F DC 01
  53+ 8AE2 0F 7B 02 0F
  53+ 8AE6 00 00 00 00
  53+ 8AEA 00 00
  54+ 8AEC EE 00 0F 79  T2_52: DB 238,0,15,121,1,15,220,1,15,123,2,15,0,0,0,0,0,0
  54+ 8AF0 01 0F DC 01
  54+ 8AF4 0F 7B 02 0F
  54+ 8AF8 00 00 00 00
  54+ 8AFC 00 00
  55+ 8AFE 79 01 0F DC  T2_53: DB 121,1,15,220,1,15,123,2,15,0,0,0,0,0,0,0,0,0
  55+ 8B02 01 0F 7B 02
  55+ 8B06 0F 00 00 00
  55+ 8B0A 00 00 00 00
  55+ 8B0E 00 00
  56+ 8B10 50 01 0F A1  T2_54: DB 80,1,15,161,2,15,0,0,0,0,0,0,0,0,0,0,0,0
  56+ 8B14 02 0F 00 00
  56+ 8B18 00 00 00 00
  56+ 8B1C 00 00 00 00
  56+ 8B20 00 00
  57+ 8B22 BD 00 0F 79  T2_55: DB 189,0,15,121,1,15,22,2,15,161,2,15,0,0,0,0,0,0
  57+ 8B26 01 0F 16 02
  57+ 8B2A 0F A1 02 0F
  57+ 8B2E 00 00 00 00
  57+ 8B32 00 00
  58+ 8B34 79 01 0F 16  T2_56: DB 121,1,15,22,2,15,161,2,15,0,0,0,0,0,0,0,0,0
  58+ 8B38 02 0F A1 02
  58+ 8B3C 0F 00 00 00
  58+ 8B40 00 00 00 00
  58+ 8B44 00 00
  59+ 8B46 BD 00 0F A1  T2_57: DB 189,0,15,161,2,15,0,0,0,0,0,0,0,0,0,0,0,0
  59+ 8B4A 02 0F 00 00
  59+ 8B4E 00 00 00 00
  59+ 8B52 00 00 00 00
  59+ 8B56 00 00
  60+ 8B58 BD 00 0F 79  T2_58: DB 189,0,15,121,1,15,22,2,15,161,2,15,0,0,0,0,0,0
  60+ 8B5C 01 0F 16 02
  60+ 8B60 0F A1 02 0F
  60+ 8B64 00 00 00 00
  60+ 8B68 00 00
  61+ 8B6A BD 00 0F A1  T2_59: DB 189,0,15,161,2,15,0,0,0,0,0,0,0,0,0,0,0,0
  61+ 8B6E 02 0F 00 00
  61+ 8B72 00 00 00 00
  61+ 8B76 00 00 00 00
  61+ 8B7A 00 00
  62+ 8B7C A8 00 0F 79  T2_60: DB 168,0,15,121,1,15,22,2,15,161,2,15,0,0,0,0,0,0
  62+ 8B80 01 0F 16 02
  62+ 8B84 0F A1 02 0F
  62+ 8B88 00 00 00 00
  62+ 8B8C 00 00
  63+ 8B8E BD 00 0F 79  T2_61: DB 189,0,15,121,1,15,22,2,15,161,2,15,0,0,0,0,0,0
  63+ 8B92 01 0F 16 02
  63+ 8B96 0F A1 02 0F
  63+ 8B9A 00 00 00 00
  63+ 8B9E 00 00
  64+ 8BA0 D4 00 0F A1  T2_62: DB 212,0,15,161,2,15,0,0,0,0,0,0,0,0,0,0,0,0
  64+ 8BA4 02 0F 00 00
  64+ 8BA8 00 00 00 00
  64+ 8BAC 00 00 00 00
  64+ 8BB0 00 00
  65+ 8BB2 E0 00 0F 79  T2_63: DB 224,0,15,121,1,15,22,2,15,161,2,15,0,0,0,0,0,0
  65+ 8BB6 01 0F 16 02
  65+ 8BBA 0F A1 02 0F
  65+ 8BBE 00 00 00 00
  65+ 8BC2 00 00
  66+ 8BC4 FC 00 0F F8  T2_64: DB 252,0,15,248,1,15,0,0,0,0,0,0,0,0,0,0,0,0
  66+ 8BC8 01 0F 00 00
  66+ 8BCC 00 00 00 00
  66+ 8BD0 00 00 00 00
  66+ 8BD4 00 00
  67+ 8BD6 FC 00 0F 50  T2_65: DB 252,0,15,80,1,15,168,1,15,248,1,15,0,0,0,0,0,0
  67+ 8BDA 01 0F A8 01
  67+ 8BDE 0F F8 01 0F
  67+ 8BE2 00 00 00 00
  67+ 8BE6 00 00
  68+ 8BE8 FC 00 0F A1  T2_66: DB 252,0,15,161,2,15,0,0,0,0,0,0,0,0,0,0,0,0
  68+ 8BEC 02 0F 00 00
  68+ 8BF0 00 00 00 00
  68+ 8BF4 00 00 00 00
  68+ 8BF8 00 00
  69+ 8BFA FC 00 0F 50  T2_67: DB 252,0,15,80,1,15,168,1,15,161,2,15,0,0,0,0,0,0
  69+ 8BFE 01 0F A8 01
  69+ 8C02 0F A1 02 0F
  69+ 8C06 00 00 00 00
  69+ 8C0A 00 00
  70+ 8C0C FC 00 0F F8  T2_68: DB 252,0,15,248,1,15,0,0,0,0,0,0,0,0,0,0,0,0
  70+ 8C10 01 0F 00 00
  70+ 8C14 00 00 00 00
  70+ 8C18 00 00 00 00
  70+ 8C1C 00 00
  71+ 8C1E FC 00 0F 50  T2_69: DB 252,0,15,80,1,15,168,1,15,248,1,15,0,0,0,0,0,0
  71+ 8C22 01 0F A8 01
  71+ 8C26 0F F8 01 0F
  71+ 8C2A 00 00 00 00
  71+ 8C2E 00 00
  72+ 8C30 FC 00 0F A1  T2_70: DB 252,0,15,161,2,15,0,0,0,0,0,0,0,0,0,0,0,0
  72+ 8C34 02 0F 00 00
  72+ 8C38 00 00 00 00
  72+ 8C3C 00 00 00 00
  72+ 8C40 00 00
  73+ 8C42 FC 00 0F 50  T2_71: DB 252,0,15,80,1,15,168,1,15,161,2,15,0,0,0,0,0,0
  73+ 8C46 01 0F A8 01
  73+ 8C4A 0F A1 02 0F
  73+ 8C4E 00 00 00 00
  73+ 8C52 00 00
  74+ 8C54 C1 01 0F 00  T2_72: DB 193,1,15,0,0,0,0,0,0,0,0,0,0,0,0,0,0,0
  74+ 8C58 00 00 00 00
  74+ 8C5C 00 00 00 00
  74+ 8C60 00 00 00 00
  74+ 8C64 00 00
  75+ 8C66 50 01 0F 79  T2_73: DB 80,1,15,121,1,15,193,1,15,0,0,0,0,0,0,0,0,0
  75+ 8C6A 01 0F C1 01
  75+ 8C6E 0F 00 00 00
  75+ 8C72 00 00 00 00
  75+ 8C76 00 00
  76+ 8C78 50 01 0F 79  T2_74: DB 80,1,15,121,1,15,161,2,15,0,0,0,0,0,0,0,0,0
  76+ 8C7C 01 0F A1 02
  76+ 8C80 0F 00 00 00
  76+ 8C84 00 00 00 00
  76+ 8C88 00 00
  77+ 8C8A DC 01 0F 00  T2_75: DB 220,1,15,0,0,0,0,0,0,0,0,0,0,0,0,0,0,0
  77+ 8C8E 00 00 00 00
  77+ 8C92 00 00 00 00
  77+ 8C96 00 00 00 00
  77+ 8C9A 00 00
  78+ 8C9C 50 01 0F 79  T2_76: DB 80,1,15,121,1,15,220,1,15,0,0,0,0,0,0,0,0,0
  78+ 8CA0 01 0F DC 01
  78+ 8CA4 0F 00 00 00
  78+ 8CA8 00 00 00 00
  78+ 8CAC 00 00
  79+ 8CAE 50 01 0F 79  T2_77: DB 80,1,15,121,1,15,161,2,15,0,0,0,0,0,0,0,0,0
  79+ 8CB2 01 0F A1 02
  79+ 8CB6 0F 00 00 00
  79+ 8CBA 00 00 00 00
  79+ 8CBE 00 00
  80+ 8CC0
  81+ 8CC0              frameTable:
  82+ 8CC0 19 00 44 87  DW 25, T2_0
  83+ 8CC4 19 00 56 87  DW 25, T2_1
  84+ 8CC8 19 00 68 87  DW 25, T2_2
  85+ 8CCC 19 00 7A 87  DW 25, T2_3
  86+ 8CD0 19 00 8C 87  DW 25, T2_4
  87+ 8CD4 19 00 9E 87  DW 25, T2_5
  88+ 8CD8 19 00 B0 87  DW 25, T2_6
  89+ 8CDC 19 00 C2 87  DW 25, T2_7
  90+ 8CE0 19 00 D4 87  DW 25, T2_8
  91+ 8CE4 32 00 E6 87  DW 50, T2_9
  92+ 8CE8 19 00 F8 87  DW 25, T2_10
  93+ 8CEC 19 00 0A 88  DW 25, T2_11
  94+ 8CF0 32 00 1C 88  DW 50, T2_12
  95+ 8CF4 19 00 2E 88  DW 25, T2_13
  96+ 8CF8 19 00 40 88  DW 25, T2_14
  97+ 8CFC 19 00 52 88  DW 25, T2_15
  98+ 8D00 19 00 64 88  DW 25, T2_16
  99+ 8D04 19 00 76 88  DW 25, T2_17
 100+ 8D08 19 00 88 88  DW 25, T2_18
 101+ 8D0C 19 00 9A 88  DW 25, T2_19
 102+ 8D10 19 00 AC 88  DW 25, T2_20
 103+ 8D14 19 00 BE 88  DW 25, T2_21
 104+ 8D18 0C 00 D0 88  DW 12, T2_22
 105+ 8D1C 0D 00 E2 88  DW 13, T2_23
 106+ 8D20 0D 00 F4 88  DW 13, T2_24
 107+ 8D24 0C 00 06 89  DW 12, T2_25
 108+ 8D28 19 00 18 89  DW 25, T2_26
 109+ 8D2C 19 00 2A 89  DW 25, T2_27
 110+ 8D30 19 00 3C 89  DW 25, T2_28
 111+ 8D34 19 00 4E 89  DW 25, T2_29
 112+ 8D38 19 00 60 89  DW 25, T2_30
 113+ 8D3C 19 00 72 89  DW 25, T2_31
 114+ 8D40 0C 00 84 89  DW 12, T2_32
 115+ 8D44 0D 00 96 89  DW 13, T2_33
 116+ 8D48 0D 00 A8 89  DW 13, T2_34
 117+ 8D4C 0C 00 BA 89  DW 12, T2_35
 118+ 8D50 19 00 CC 89  DW 25, T2_36
 119+ 8D54 19 00 DE 89  DW 25, T2_37
 120+ 8D58 19 00 F0 89  DW 25, T2_38
 121+ 8D5C 19 00 02 8A  DW 25, T2_39
 122+ 8D60 19 00 14 8A  DW 25, T2_40
 123+ 8D64 19 00 26 8A  DW 25, T2_41
 124+ 8D68 19 00 38 8A  DW 25, T2_42
 125+ 8D6C 0D 00 4A 8A  DW 13, T2_43
 126+ 8D70 0C 00 5C 8A  DW 12, T2_44
 127+ 8D74 19 00 6E 8A  DW 25, T2_45
 128+ 8D78 0D 00 80 8A  DW 13, T2_46
 129+ 8D7C 0C 00 92 8A  DW 12, T2_47
 130+ 8D80 19 00 A4 8A  DW 25, T2_48
 131+ 8D84 0D 00 B6 8A  DW 13, T2_49
 132+ 8D88 0C 00 C8 8A  DW 12, T2_50
 133+ 8D8C 19 00 DA 8A  DW 25, T2_51
 134+ 8D90 0D 00 EC 8A  DW 13, T2_52
 135+ 8D94 0C 00 FE 8A  DW 12, T2_53
 136+ 8D98 19 00 10 8B  DW 25, T2_54
 137+ 8D9C 0D 00 22 8B  DW 13, T2_55
 138+ 8DA0 0C 00 34 8B  DW 12, T2_56
 139+ 8DA4 19 00 46 8B  DW 25, T2_57
 140+ 8DA8 19 00 58 8B  DW 25, T2_58
 141+ 8DAC 19 00 6A 8B  DW 25, T2_59
 142+ 8DB0 0D 00 7C 8B  DW 13, T2_60
 143+ 8DB4 0C 00 8E 8B  DW 12, T2_61
 144+ 8DB8 19 00 A0 8B  DW 25, T2_62
 145+ 8DBC 19 00 B2 8B  DW 25, T2_63
 146+ 8DC0 19 00 C4 8B  DW 25, T2_64
 147+ 8DC4 19 00 D6 8B  DW 25, T2_65
 148+ 8DC8 19 00 E8 8B  DW 25, T2_66
 149+ 8DCC 19 00 FA 8B  DW 25, T2_67
 150+ 8DD0 19 00 0C 8C  DW 25, T2_68
 151+ 8DD4 19 00 1E 8C  DW 25, T2_69
 152+ 8DD8 19 00 30 8C  DW 25, T2_70
 153+ 8DDC 19 00 42 8C  DW 25, T2_71
 154+ 8DE0 19 00 54 8C  DW 25, T2_72
 155+ 8DE4 32 00 66 8C  DW 50, T2_73
 156+ 8DE8 19 00 78 8C  DW 25, T2_74
 157+ 8DEC 19 00 8A 8C  DW 25, T2_75
 158+ 8DF0 32 00 9C 8C  DW 50, T2_76
 159+ 8DF4 19 00 AE 8C  DW 25, T2_77
 160+ 8DF8 FF FF 44 87  DW $FFFF, T2_0
 161+ 8DFC
# file closed: melody.inc
   8  8DFC              INCLUDE "soundEffects.inc"
# file opened: soundEffects.inc
   1+ 8DFC              playsound:
   2+ 8DFC              ; Input : A = sound fx to play
   3+ 8DFC              ;
   4+ 8DFC              ; routine will choose next available channel and copy sound fx to that channel
   5+ 8DFC              ; IM2 will then process that data
   6+ 8DFC E5                   PUSH HL
   7+ 8DFD D5                   PUSH DE
   8+ 8DFE C5                   PUSH BC
   9+ 8DFF
  10+ 8DFF 3D                   DEC A
  11+ 8E00 87                   ADD A, A
  12+ 8E01 87                   ADD A, A
  13+ 8E02 87                   ADD A, A
  14+ 8E03 87                   ADD A, A
  15+ 8E04
  16+ 8E04 21 30 8E             LD HL, sound1
  17+ 8E07 ED 31                ADD HL, A
  18+ 8E09
  19+ 8E09 3A 90 8E             LD A, (nextCH)                      ; whats the nextCH to use
  20+ 8E0C FE 00                CP 0                                ; is it 0?
  21+ 8E0E 28 0B                JR Z, playCh1                       ; jump if so
  22+ 8E10 FE 01                CP 1                                ; is it 1?
  23+ 8E12 28 0C                JR Z, playCh2                       ; jump if so
  24+ 8E14 3E FF                LD A, 255                           ; its 2, set next so its 0
  25+ 8E16 11 A5 8E             LD DE, Ch3                          ; set AY channel to 3
  26+ 8E19 18 08                JR play                             ; and branch to do the sound setup
  27+ 8E1B              playCh1:
  28+ 8E1B 11 91 8E             LD DE, Ch1                          ; set the AY channel to 1
  29+ 8E1E 18 03                JR play                             ; and branch to do the sound setup
  30+ 8E20              playCh2:
  31+ 8E20 11 9B 8E             LD DE, Ch2                          ; set the AY channel to 2
  32+ 8E23              play:
  33+ 8E23 3C                   INC A                               ; roll on nextCH
  34+ 8E24 32 90 8E             LD (nextCH), A                      ; and save it
  35+ 8E27 01 0A 00             LD BC, 10                           ; we copy 10 bytes of sound setup
  36+ 8E2A ED B0                LDIR                                ; do the copy
  37+ 8E2C
  38+ 8E2C C1                   POP BC
  39+ 8E2D D1                   POP DE
  40+ 8E2E E1                   POP HL
  41+ 8E2F C9                   RET
  42+ 8E30
  43+ 8E30              sound1:
  44+ 8E30              ; initial tone period
  45+ 8E30              ; tone period delta
  46+ 8E30              ; initial volme (*256)
  47+ 8E30              ; volume delta
  48+ 8E30              ; tone, noise, envelope flags
  49+ 8E30              ; length in frames (50hz)
  50+ 8E30              ; filler to make each 16 bytes long
  51+ 8E30
  52+ 8E30              ; hit head sound
  53+ 8E30 F4 01                DW 500
  54+ 8E32 0A 00                DW 10
  55+ 8E34 00 0F                DW 15 * 256
  56+ 8E36 14 00                DW 20
  57+ 8E38 01                   DB %00000001
  58+ 8E39 05                   DB 5
  59+ 8E3A 00 00 00 00          DB 0,0,0,0,0,0
  59+ 8E3E 00 00
  60+ 8E40
  61+ 8E40              ; this is the pop sound
  62+ 8E40              sound2:
  63+ 8E40 64 00                DW 100
  64+ 8E42 0A 00                DW 10
  65+ 8E44 00 0F                DW 15*256
  66+ 8E46 EC FF                DW -20
  67+ 8E48 01                   DB %0000001
  68+ 8E49 0A                   DB 10
  69+ 8E4A 00 00 00 00          DB 0,0,0,0,0,0
  69+ 8E4E 00 00
  70+ 8E50
  71+ 8E50              ; bounce sound
  72+ 8E50              sound3:
  73+ 8E50 FC 00                DW 252
  74+ 8E52 F6 FF                DW -10
  75+ 8E54 00 0F                DW 15*256
  76+ 8E56 9C FF                DW -100
  77+ 8E58 01                   DB 1
  78+ 8E59              sound3Dur
  79+ 8E59 0F                   DB 15
  80+ 8E5A 00 00 00 00          DB 0,0,0,0,0,0
  80+ 8E5E 00 00
  81+ 8E60
  82+ 8E60              sound4:
  83+ 8E60 64 00                DW 100
  84+ 8E62 F6 FF                DW -10
  85+ 8E64 00 0F                DW 15*256
  86+ 8E66 9C FF                DW -100
  87+ 8E68 03                   DB 3
  88+ 8E69 05                   DB 5
  89+ 8E6A 00 00 00 00          DB 0,0,0,0,0,0
  89+ 8E6E 00 00
  90+ 8E70
  91+ 8E70              ; item hit sound
  92+ 8E70              sound5:
  93+ 8E70 64 00                DW 100
  94+ 8E72 F6 FF                DW -10
  95+ 8E74 00 0F                DW 15*256
  96+ 8E76 14 00                DW 20
  97+ 8E78 01                   DB %0000001
  98+ 8E79 0A                   DB 10
  99+ 8E7A 00 00 00 00          DB 0,0,0,0,0,0
  99+ 8E7E 00 00
 100+ 8E80
 101+ 8E80              ; kill skull sound
 102+ 8E80              sound6:
 103+ 8E80 F4 01                DW 500
 104+ 8E82 0A 00                DW 10
 105+ 8E84 00 0F                DW 15*256
 106+ 8E86 14 00                DW 20
 107+ 8E88 FF                   DB %11111111
 108+ 8E89 64                   DB 100
 109+ 8E8A 00 00 00 00          DB 0,0,0,0,0,0
 109+ 8E8E 00 00
 110+ 8E90
 111+ 8E90 00           nextCH:      DB 0
 112+ 8E91
 113+ 8E91              Ch1:
 114+ 8E91 00 00        Ch1Pitch:    DW 0
 115+ 8E93 00 00        Ch1PitchD:   DW 0
 116+ 8E95 00 00        Ch1Volume    DW 00
 117+ 8E97 00 00        Ch1VolumeD:  DW 00
 118+ 8E99 00           Ch1Flags:    DB 0
 119+ 8E9A 00           Ch1Length:   DB 0
 120+ 8E9B
 121+ 8E9B              Ch2:
 122+ 8E9B 00 00        Ch2Pitch:    DW 00
 123+ 8E9D 00 00        Ch2PitchD:   DW 00
 124+ 8E9F 00 00        Ch2Volume    DW 00
 125+ 8EA1 00 00        Ch2VolumeD:  DW 00
 126+ 8EA3 00           Ch2Flags:    DB 0
 127+ 8EA4 00           Ch2Length:   DB 0
 128+ 8EA5
 129+ 8EA5              Ch3:
 130+ 8EA5 00 00        Ch3Pitch:    DW 00
 131+ 8EA7 00 00        Ch3PitchD:   DW 00
 132+ 8EA9 00 00        Ch3Volume    DW 00
 133+ 8EAB 00 00        Ch3VolumeD:  DW 00
 134+ 8EAD 00           Ch3Flags:    DB 0
 135+ 8EAE 00           Ch3Length:   DB 0
 136+ 8EAF
 137+ 8EAF              AYSelect        EQU $FFFD
 138+ 8EAF              AYrw            EQU $bffd
 139+ 8EAF              AYPortC         EQU $FD                     ; Port low byte, stays in C
 140+ 8EAF              AYPortSelectB   EQU $FF                     ; B value for AYSelect port ($FFFD)
 141+ 8EAF              AYPortWriteB    EQU $BF                     ; B value for AYrw port ($BFFD)
 142+ 8EAF              channel1ToneL   equ 0
 143+ 8EAF              channel1ToneH   equ 1
 144+ 8EAF              channel2ToneL   equ 2
 145+ 8EAF              channel2ToneH   equ 3
 146+ 8EAF              channel3ToneL   equ 4
 147+ 8EAF              channel3ToneH   equ 5
 148+ 8EAF              channel1Volume  equ 8
 149+ 8EAF              channel2Volume  equ 9
 150+ 8EAF              channel3Volume  equ 10
 151+ 8EAF              mixerFlag       equ 7
 152+ 8EAF 01           frameCount   DB $01                         ; interrupt count for note set
 153+ 8EB0 C0 8C        framePointer DW frameTable                  ; pointer to the ic and note set
 154+ 8EB2 0F           volume       DB %00001111                   ; volume
 155+ 8EB3
 156+ 8EB3              mixerFlags
 157+ 8EB3 FF FE F7 F6                  db %11111111, %11111110, %11110111, %11110110
 158+ 8EB7 FF FD EF ED                  db %11111111, %11111101, %11101111, %11101101
 159+ 8EBB FF FB DF DB                  db %11111111, %11111011, %11011111, %11011011
 160+ 8EBF
 161+ 8EBF
 162+ 8EBF              soundHithead   EQU 1
 163+ 8EBF              soundPop       EQU 2
 164+ 8EBF              soundBounce    EQU 3
 165+ 8EBF              soundHitskull  EQU 4
 166+ 8EBF              soundCollect   EQU 5
 167+ 8EBF              soundKillskull EQU 6
 168+ 8EBF
# file closed: soundEffects.inc
   9  8EBF 00 00        cam_px              dw  0
  10  8EC1 00 00        cam_py              dw  0
  11  8EC3 00           cam_tx              db  0
  12  8EC4 00           cam_ty              db  0
  13  8EC5
  14  8EC5              CENTRE_X            equ 152
  15  8EC5              CENTRE_Y            equ 120
  16  8EC5              CAM_MIN_X           equ 0
  17  8EC5              CAM_MIN_Y           equ 0
  18  8EC5              CAM_MAX_X           equ (256 - 40) * 8              ; 1728  (map width - view width)
  19  8EC5              CAM_MAX_Y           equ (192 - 32) * 8              ; 1280  (map height - visible rows incl partial)
  20  8EC5
  21  8EC5
  22  8EC5 00           tilemapPage         db 0
  23  8EC6
  24  8EC6 08           playerHealth        db 8
  25  8EC7 17           healthBlock         db 23
  26  8EC8 00           playerLives         db 0
  27  8EC9 00           playerKeys          db 0
  28  8ECA 00           playerAlive         db 0
  29  8ECB
  30  8ECB 00           score4              db 0
  31  8ECC 00           score3              db 0                            ; thousands
  32  8ECD 00           score2              db 0                            ; hundreds
  33  8ECE 00           score1              db 0                            ; tens
  34  8ECF 00           score0              db 0                            ; units
  35  8ED0
  36  8ED0 00 00        player_px           dw 0                            ; world pixel position of sprite
  37  8ED2 00 00        player_py           dw 0
  38  8ED4 00           player_tile_x       db 0                            ; world tile position of sprite, basically px / 256
  39  8ED5 00           player_tile_y       db 0
  40  8ED6 01           lastMove            db 1                            ;
  41  8ED7 00           playerAnimFrame     db 0                            ; current animation frame 0-3
  42  8ED8 00           playerAnimTick      db 0                            ; counts frames to slow the animation
  43  8ED9
  44  8ED9              PAT_DOWN            equ 4                           ; facing forward
  45  8ED9              PAT_RIGHT           equ 8                           ; facing right
  46  8ED9              PAT_LEFT            equ 12                          ; facing left
  47  8ED9              PAT_UP              equ 16                          ; facing away
  48  8ED9              ANIM_SPEED          equ 4                           ; advance frame every N moves (higher = slower)
  49  8ED9
  50  8ED9
  51  8ED9              ; tiles used in map
  52  8ED9              MAP_PATH            EQU 0                           ; path, basically an empty tile
  53  8ED9              MAP_WALL            EQU 1                           ; wall, simple brick graphic
  54  8ED9              MAP_KEYTL           EQU 4                           ; key, top left
  55  8ED9              MAP_KEYTR           EQU 5                           ; key, top right
  56  8ED9              MAP_KEYBL           EQU 6                           ; key, bottom left
  57  8ED9              MAP_KEYBR           EQU 7                           ; key, bottom right
  58  8ED9
  59  8ED9              move_delta          equ 2                           ; player move pixel increment
  60  8ED9              move_delta_baddie   equ 1                           ; baddie move pixel increment
  61  8ED9
  62  8ED9              dir_left            equ 0
  63  8ED9              dir_right           equ 1
  64  8ED9              dir_down            equ 2
  65  8ED9              dir_up              equ 3
  66  8ED9              vdir_left           equ 1
  67  8ED9              vdir_right          equ 2
  68  8ED9              vdir_down           equ 4
  69  8ED9              vdir_up             equ 8
  70  8ED9
  71  8ED9              mode_auto           equ 0
  72  8ED9              mode_hunt           equ 1
  73  8ED9              mode_wander         equ 2
  74  8ED9
  75  8ED9                  struct baddieRecord
  76  8ED9 ~            index               byte
  77  8ED9 ~            lowX                byte
  78  8ED9 ~            highX               byte
  79  8ED9 ~            lowY                byte
  80  8ED9 ~            highY               byte
  81  8ED9 ~            tileX               byte
  82  8ED9 ~            tileY               byte
  83  8ED9 ~            dir                 byte
  84  8ED9 ~            pattern             byte
  85  8ED9 ~            mode                byte
  86  8ED9 ~            lastDist            byte
  87  8ED9                  ENDS
  88  8ED9
  89  8ED9              baddieCount         equ 60
  90  8ED9 00 00 00...  baddieData          defs baddieRecord * baddieCount
  91  916D
  92  916D              ; working x/y pixel co-ords to minimise LD N, (IX+N) calls
  93  916D 00 00        baddie_x            dw 00
  94  916F 00 00        baddie_y            dw 00
  95  9171
  96  9171              COLLIDE_DX      equ 11                              ; X overlap threshold (tune 9-14)
  97  9171              COLLIDE_DY      equ 11                              ; Y overlap threshold
  98  9171
  99  9171              QUEUE_SIZE      equ 256                             ; max wavefront is ~27, so this is ample
 100  9171 00 00 00...  floodQueue      ds  QUEUE_SIZE * 2                  ; ring buffer of 16-bit cell offsets (y*256+x)
 101  9371 00           qHeadIdx        db  0
 102  9372 00           qTailIdx        db  0
 103  9373 00           qCount          db  0
 104  9374 00           floodTargetX    db  0
 105  9375 00           floodTargetY    db  0
 106  9376              FLOOD_LIMIT     equ 253
 107  9376
 108  9376              L2_KEY          equ %11111100                       ; yellow (R+G, no blue)
 109  9376              L2_WALL         equ %11100000                       ; red
 110  9376              L2_PATH         equ %00000000                       ; black
 111  9376              L2_FLOOD        EQU %11111111                       ; white
 112  9376
 113  9376 00           viewMode        db 0                                ; 0 = normal, 1 = radar
 114  9377 00           yKeyWas         db 0                                ; debounce for Y key
 115  9378
 116  9378
 117  9378              progStart:
 118  9378 CD F2 9D             call setupIM2
 119  937B
 120  937B CD C8 7D             call spriteSetup                            ; load sprites, tiles, palettes etc into memory
 121  937E CD EE 85             call setClipping
 122  9381 CD E7 84             call setUpCamera
 123  9384 CD 32 85             call attractMode
 124  9387
 125  9387              otherSetup:
 126  9387 3E 00                LD A, 0                                     ; Load speed index (3 = 28 MHz)
 127  9389 ED 92 07             NEXTREG $07, A
 128  938C
 129  938C 3E 00                ld a, 0                                     ; colour black
 130  938E D3 FE                out (254), a                                ; set border colour
 131  9390
 132  9390 CD F1 97             call showSprite                             ; show player
 133  9393
 134  9393                      ; Layer 2 setup (configured now, visibility off until Y)
 135  9393 ED 91 12 1A          nextreg $12, L2_BANK16
 136  9397 ED 91 70 00          nextreg $70, %00000000      ; 256x192x8bpp
 137  939B ED 91 16 00          nextreg $16, 0
 138  939F ED 91 17 00          nextreg $17, 0
 139  93A3 ED 91 18 00          nextreg $18, 0
 140  93A7 ED 91 18 FF          nextreg $18, 255
 141  93AB ED 91 18 00          nextreg $18, 0
 142  93AF ED 91 18 BF          nextreg $18, 191
 143  93B3                      ; ensure it starts hidden
 144  93B3 01 3B 12             ld bc, $123b
 145  93B6 AF                   xor a
 146  93B7 ED 79                out (c), a
 147  93B9
 148  93B9 CD 05 97             call moveSprite1
 149  93BC
 150  93BC              main:
 151  93BC 3A C8 8E             ld a, (playerLives)
 152  93BF A7                   and a
 153  93C0 CA 78 93             jp z, progStart
 154  93C3
 155  93C3 CD C8 93             call keyProcess
 156  93C6
 157  93C6 18 F4                jr main
 158  93C8
 159  93C8
 160  93C8              keyProcess:
 161  93C8              chkKeyRadar:
 162  93C8 01 FE DF             ld bc, $dffe                                ; Y U I O P row
 163  93CB ED 78                in a, (c)                                   ; read port
 164  93CD CB 67                bit 4, a                                    ; Y key (active low)
 165  93CF 20 55                jr nz, .yUp                                 ; not pressed
 166  93D1
 167  93D1 3A 77 93             ld a, (yKeyWas)                             ;
 168  93D4 B7                   or a
 169  93D5 20 53                jr nz, .yEnd                ; already handled (held) -> ignore
 170  93D7 3E 01                ld a, 1
 171  93D9 32 77 93             ld (yKeyWas), a
 172  93DC
 173  93DC                      ; toggle viewMode
 174  93DC 3A 76 93             ld a, (viewMode)
 175  93DF EE 01                xor 1
 176  93E1 32 76 93             ld (viewMode), a
 177  93E4
 178  93E4 28 15                jr z, .radarOff                             ; if it's off, jump to radarOff routine
 179  93E6                                                                  ; otherwise drop thru to radar on routine below
 180  93E6
 181  93E6                      ; --- switch to radar: draw all markers, show layer ---
 182  93E6                      ; --- switch to radar: hide other layers, show Layer 2 ---
 183  93E6                      ; sprites off (clear $15 bit 0, keep your other $15 bits as set at init)
 184  93E6 ED 91 15 03          nextreg $15, %00000011                      ; <-- your init $15 value with bit0 (sprite visible) cleared
 185  93EA
 186  93EA                      ; tilemap off ($6B bit7 = 0)
 187  93EA ED 91 6B 21          nextreg $6B, %00100001                      ; <-- your init $6B value with bit7 cleared
 188  93EE
 189  93EE                      ; ULA off ($68 bit7 = 1 disables ULA)
 190  93EE ED 91 68 80          nextreg $68, %10000000                      ; <-- your init $68 value with bit7 set
 191  93F2
 192  93F2                      ; enable Layer 2, the radar view
 193  93F2 01 3B 12             ld bc, $123b
 194  93F5 3E 02                ld a, 2
 195  93F7 ED 79                out (c), a
 196  93F9 18 2F                jr .yEnd
 197  93FB
 198  93FB              .radarOff:
 199  93FB                      ; switch off layer 2
 200  93FB 01 3B 12             ld bc, $123b
 201  93FE AF                   xor a
 202  93FF ED 79                out (c), a
 203  9401
 204  9401                      ; restore the other layers to your init values
 205  9401 ED 91 15 23          nextreg $15, %00100011                      ; <-- your ACTUAL init $15 value
 206  9405 ED 91 6B A1          nextreg $6B, %10100001                      ; <-- your ACTUAL init $6B value
 207  9409 ED 91 68 00          nextreg $68, %00000000                      ; <-- your ACTUAL init $68 value
 208  940D ED 91 1C 02          nextreg $1C, 2                              ; bit 1 = reset the SPRITE clip index
 209  9411 ED 91 19 00          nextreg $19, 0                              ; X1 (doubled units, same as tilemap) -> pixel 4
 210  9415 ED 91 19 9F          nextreg $19, 159                            ; X2 -> pixel 315
 211  9419 ED 91 19 40          nextreg $19, 64                             ; Y1 = 64 -> top of play area
 212  941D ED 91 19 FF          nextreg $19, 255                            ; Y2 = clamp (283 overflows a byte; screen edge handles bottom)
 213  9421
 214  9421 CD F1 97             call showSprite
 215  9424
 216  9424 18 04                jr .yEnd
 217  9426
 218  9426              .yUp:
 219  9426 AF                   xor a
 220  9427 32 77 93             ld (yKeyWas), a
 221  942A              .yEnd:
 222  942A
 223  942A
 224  942A              ; regular left/right/up/down kwyboard processing follows
 225  942A              .chkExit:
 226  942A 01 FE FE             ld bc, $fefe
 227  942D ED 78                in a, (c)
 228  942F CB 57                bit 2, a
 229  9431
 230  9431 20 0D                jr nz, .yEnd1
 231  9433
 232  9433              .RESET_NEXT:
 233  9433 F3                   DI                  ; Disable interrupts to prevent glitching
 234  9434 01 3B 24             LD BC, $243B        ; TBBlue/Next Register Select Port
 235  9437 3E 02                LD A, $02           ; Select NextReg $02 (Reset Control Register)
 236  9439 ED 79                OUT (C), A
 237  943B
 238  943B 04                   INC B               ; Move to Port $253B (Next Register Access Port)
 239  943C 3E 01                LD A, 1             ; Value 1 = Trigger immediate soft/hard reset
 240  943E ED 79                OUT (C), A          ; The machine resets instantly right here
 241  9440
 242  9440
 243  9440              .yEnd1:
 244  9440 16 00        	    ld d, 0                                     ; initialise D as bitmask showing what keys were pressed
 245  9442              chkKeyLeft:
 246  9442 01 FE DF     	    LD BC, $dffe                                ; keys Y U I O P
 247  9445 ED 78        	    IN A, (C)                                   ; read port
 248  9447
 249  9447 CB 4F        	    BIT 1, A                                    ; check for "O"
 250  9449 20 02        	    JR NZ, chkKeyRight                          ; branch if not pressed
 251  944B CB C2        	    set dir_left, d
 252  944D
 253  944D              chkKeyRight:
 254  944D CB 47        	    BIT 0, A                                    ; check for "P"
 255  944F 20 02        	    JR NZ, chkKeyDown                           ; branch if not pressed
 256  9451 CB CA        	    set dir_right, d
 257  9453
 258  9453              chkKeyDown:
 259  9453 06 FD                LD B, $FD                                   ; port is now $FDFE, keys G F D S A
 260  9455 ED 78        	    IN A, (C)                                   ; read port
 261  9457 CB 47        	    BIT 0, A                                    ; check "A" key
 262  9459 20 02        	    JR NZ, chkKeyUp                             ; branch if not pressed
 263  945B CB D2        	    set dir_down, d
 264  945D
 265  945D              chkKeyUp:
 266  945D 06 FB                LD B, $FB                                   ; port is now $FBFE, keys T R E W Q
 267  945F ED 78            	IN A, (C)                                   ; read port
 268  9461 CB 47            	BIT 0, A                                    ; check for "Q"
 269  9463 20 02            	JR NZ, chkVert                              ; branch if not pressed
 270  9465 CB DA            	set dir_up, d
 271  9467
 272  9467
 273  9467              ; we don't allow movement if partially on a tile for that direction
 274  9467              ; so set up another mask here, E, holding whether vertical and/or horizontal movement is actually allowed
 275  9467              chkVert:
 276  9467 1E 00            	ld e, 0                                     ; set mask to 0
 277  9469 3A D0 8E         	ld a, (player_px)                           ; get player px (low byte   )
 278  946C E6 07            	and 7                                       ; check bits 2-0, if 0 then vertical movement may be allowed
 279  946E 20 02            	jr nz, chkHoriz
 280  9470 1E 0C            	ld e, %00001100                             ; set bits to allow vertical movement
 281  9472
 282  9472              chkHoriz:
 283  9472 3A D2 8E     	    ld a, (player_py)                           ; get player px (low byte)
 284  9475 E6 07            	and 7                                       ; check bits 2-0 if 0 then horizontal movement may be allowed
 285  9477 20 04            	jr nz, chkEnd
 286  9479 3E 03            	ld a, %00000011                             ; set bits to allow horizontal movement
 287  947B B3               	or e                                        ; add to existing mask
 288  947C 5F               	ld e, a                                     ; set mask
 289  947D
 290  947D              chkEnd:
 291  947D              ; d = keys pressed
 292  947D              ; e = vert/horiz potentially allowed
 293  947D
 294  947D 7A           	    ld a, d                                     ; get the keys pressed
 295  947E              ;        and a                                       ; anything?
 296  947E              ;        jp z, moveSprite                            ; jp if not
 297  947E
 298  947E
 299  947E A3           	    and e                                       ; mask with what is allowed
 300  947F 57           	    ld d, a                                     ; save back in D, key pressed and direction possibly allowed
 301  9480
 302  9480
 303  9480              ; d is keys pressed potentially allowed
 304  9480              ; e is set to bitmask checking if desired movement is permitted, i.e. not blocked by a wall
 305  9480 1E 00        	    ld e, 0
 306  9482
 307  9482              .testDirections
 308  9482 CB 42            	bit dir_left, d
 309  9484 C4 66 95         	call nz, chkLeft
 310  9487
 311  9487 CB 4A            	bit dir_right, d
 312  9489 C4 CB 95         	call nz, chkRight
 313  948C
 314  948C CB 52            	bit dir_down, d
 315  948E C4 34 96         	call nz, chkDown
 316  9491
 317  9491 CB 5A            	bit dir_up, d
 318  9493 C4 9D 96         	call nz, chkUp
 319  9496
 320  9496 7A               	ld a, d                                     ; get the potential moves again
 321  9497 A3               	and e                                       ; mask with actually allowed, i.e. not blocked by a wall
 322  9498 57               	ld d, a                                     ; save back into D
 323  9499
 324  9499              ; d holds keys pressed where move is allowed (no collision)
 325  9499              ; see if last move still pressed
 326  9499 3A D6 8E         	ld a, (lastMove)                            ; get last move
 327  949C 5F                   ld e, a                                     ; save in e
 328  949D
 329  949D 7A                   ld a, d                                     ; get valid moves bit mask
 330  949E A3               	and e                                       ; see if last move still pressed
 331  949F
 332  949F 28 05                jr z, doMove                                ; no previous last move
 333  94A1                                                                  ; OR last move not pressed
 334  94A1                                                                  ; OR last move disallowed
 335  94A1
 336  94A1                  ; here last move is stil pressed and allowed
 337  94A1 7A                   ld a, d                                     ; get valid moves bit mask again
 338  94A2 AB                   xor e                                       ; this time remove last move
 339  94A3 28 01                jr z, doMove                                ; last key only pressed, so do it
 340  94A5
 341  94A5 57                   ld d, a
 342  94A6
 343  94A6
 344  94A6              doMove:
 345  94A6              doMoveLeft:
 346  94A6 CB 42        	    bit dir_left, d
 347  94A8 28 13        	    jr z, doMoveRight
 348  94AA
 349  94AA 2A D0 8E     	    ld hl, (player_px)
 350  94AD 01 02 00     	    ld bc, move_delta
 351  94B0 ED 42        	    sbc hl, bc
 352  94B2 22 D0 8E     	    ld (player_px), hl
 353  94B5
 354  94B5 3E 01                ld a, vdir_left
 355  94B7 32 D6 8E             ld (lastMove), a
 356  94BA C3 06 95             jp updateCameraXY
 357  94BD
 358  94BD              doMoveRight:
 359  94BD CB 4A        	    bit dir_right, d
 360  94BF 28 14        	    jr z, doMoveDown
 361  94C1
 362  94C1 2A D0 8E     	    ld hl, (player_px)
 363  94C4 01 02 00     	    ld bc, move_delta
 364  94C7 A7                   and a
 365  94C8 ED 4A        	    adc hl, bc
 366  94CA 22 D0 8E     	    ld (player_px), hl
 367  94CD
 368  94CD 3E 02                ld a, vdir_right
 369  94CF 32 D6 8E             ld (lastMove), a
 370  94D2 C3 06 95             jp updateCameraXY
 371  94D5
 372  94D5              doMoveDown:
 373  94D5 CB 52        	    bit dir_down, d
 374  94D7 28 14        	    jr z, doMoveUp
 375  94D9
 376  94D9 2A D2 8E     	    ld hl, (player_py)
 377  94DC 01 02 00     	    ld bc, move_delta
 378  94DF A7                   and a
 379  94E0 ED 4A        	    adc hl, bc
 380  94E2 22 D2 8E     	    ld (player_py), hl
 381  94E5
 382  94E5 3E 04                ld a, vdir_down
 383  94E7 32 D6 8E             ld (lastMove), a
 384  94EA C3 06 95             jp updateCameraXY
 385  94ED
 386  94ED              doMoveUp:
 387  94ED CB 5A        	    bit dir_up, d
 388  94EF CA 02 97     	    jp z, moveSprite
 389  94F2
 390  94F2 2A D2 8E     	    ld hl, (player_py)
 391  94F5 01 02 00     	    ld bc, move_delta
 392  94F8 B7                   or a
 393  94F9 ED 42        	    sbc hl, bc
 394  94FB 22 D2 8E     	    ld (player_py), hl
 395  94FE
 396  94FE 3E 08                ld a, vdir_up
 397  9500 32 D6 8E             ld (lastMove), a
 398  9503 C3 06 95             jp updateCameraXY
 399  9506
 400  9506              ; ============================================================
 401  9506              ; updateCameraXY - recompute camera from player, clamped to map.
 402  9506              ;   cam = player - CENTRE, then clamped to [0 .. CAM_MAX]
 403  9506              ; Low clamp: if (player - CENTRE) < 0  -> 0   (sign test)
 404  9506              ; High clamp: if value > CAM_MAX       -> CAM_MAX
 405  9506              ; ============================================================
 406  9506              updateCameraXY:
 407  9506 CD E9 80             call addScore
 408  9509
 409  9509                      ; ---------- X ----------
 410  9509 2A D0 8E             ld hl, (player_px)
 411  950C 01 98 00             ld bc, CENTRE_X
 412  950F B7                   or a
 413  9510 ED 42                sbc hl, bc                      ; hl = player_px - CENTRE_X
 414  9512 F2 18 95             jp p, .camXLowOK                ; >= 0 -> keep
 415  9515 21 00 00             ld hl, 0                        ; negative -> clamp to 0
 416  9518              .camXLowOK:
 417  9518 01 C0 06             ld bc, CAM_MAX_X
 418  951B B7                   or a
 419  951C ED 42                sbc hl, bc                      ; hl = value - CAM_MAX_X
 420  951E 38 03                jr c, .camXHighOK               ; carry set => value < max -> keep (after add back)
 421  9520 21 00 00             ld hl, 0                        ; value >= max -> result = max (after add back)
 422  9523              .camXHighOK:
 423  9523 09                   add hl, bc                      ; add CAM_MAX_X back
 424  9524 22 BF 8E             ld (cam_px), hl
 425  9527
 426  9527                      ; ---------- Y ----------
 427  9527 2A D2 8E             ld hl, (player_py)
 428  952A 01 78 00             ld bc, CENTRE_Y
 429  952D B7                   or a
 430  952E ED 42                sbc hl, bc                      ; hl = player_py - CENTRE_Y
 431  9530 F2 36 95             jp p, .camYLowOK
 432  9533 21 00 00             ld hl, 0
 433  9536              .camYLowOK:
 434  9536 01 00 05             ld bc, CAM_MAX_Y
 435  9539 B7                   or a
 436  953A ED 42                sbc hl, bc
 437  953C 38 03                jr c, .camYHighOK
 438  953E 21 00 00             ld hl, 0
 439  9541              .camYHighOK:
 440  9541 09                   add hl, bc
 441  9542 22 C1 8E             ld (cam_py), hl
 442  9545 C3 48 95             jp doMoveDone
 443  9548
 444  9548              ; --- a move was committed: advance the walk animation (throttled) ---
 445  9548              doMoveDone:
 446  9548 3A D8 8E             ld a, (playerAnimTick)
 447  954B 3C                   inc a
 448  954C 32 D8 8E             ld (playerAnimTick), a
 449  954F FE 04                cp ANIM_SPEED
 450  9551 38 0D                jr c, .noAdvance                            ; not time to advance frame yet
 451  9553 AF                   xor a
 452  9554 32 D8 8E             ld (playerAnimTick), a
 453  9557 3A D7 8E             ld a, (playerAnimFrame)
 454  955A 3C                   inc a
 455  955B E6 03                and 3                                        ; cycle 0-3
 456  955D 32 D7 8E             ld (playerAnimFrame), a
 457  9560              .noAdvance:
 458  9560 CD F1 97             call showSprite                             ; write new pattern (direction + frame)
 459  9563 C3 02 97             jp moveSprite
 460  9566
 461  9566              chkLeft:
 462  9566 2A D0 8E     	    ld hl, (player_px)                          ; get player px
 463  9569 01 02 00     	    ld bc, move_delta                           ; get move delta
 464  956C ED 42        	    sbc hl, bc                                  ; "try" move
 465  956E
 466  956E              	    ; now test if we have bumped into a wall
 467  956E              	    DIV_HL_8
 467  956E             >; simple 16-bit divide without the CALL/RET overhead
 467  956E CB 3C       >        srl h                                       ; divide by 2
 467  9570 CB 1D       >        rr l
 467  9572 CB 3C       >        srl h                                       ; divide by 4
 467  9574 CB 1D       >        rr l
 467  9576 CB 3C       >        srl h                                       ; divide by 8
 467  9578 CB 1D       >        rr l
 468  957A 45           	    ld b, l
 469  957B 2A D2 8E     	    ld hl, (player_py)
 470  957E              	    DIV_HL_8
 470  957E             >; simple 16-bit divide without the CALL/RET overhead
 470  957E CB 3C       >        srl h                                       ; divide by 2
 470  9580 CB 1D       >        rr l
 470  9582 CB 3C       >        srl h                                       ; divide by 4
 470  9584 CB 1D       >        rr l
 470  9586 CB 3C       >        srl h                                       ; divide by 8
 470  9588 CB 1D       >        rr l
 471  958A 4D           	    ld c, l
 472  958B              	    GET_WORLD_VALUE TILEMAP_PAGE, USE_BC
 472  958B             >; given B= tile X, C= tile Y, return "world" value at this position in the world map
 472  958B             >;
 472  958B             >;       arg  is TILEMAP_PAGE
 472  958B             >;            or DFIELD_PAGE
 472  958B             >;
 472  958B             >;       arg1 decides if input comes from BC or directly from HL
 472  958B             >;            NB if directly from HL then L = tile X, H = tile Y
 472  958B             >;
 472  958B             >        if USE_BC = 0
 472  958B 61          >        ld h, c                                     ; read the Y tile coordinate of the top-left corner we want
 472  958C             >                                                    ; put it in H (this is the same as multiplying by 256)
 472  958C 68          >        ld l, b                                     ; read the X tile coordinate into L
 472  958D             >                                                    ; Result: HL now holds tile_y * 256 + tile_x
 472  958D             >                                                    ; This is the byte offset into "world" map.
 472  958D             >        endif
 472  958D             >
 472  958D             >    ; STEP 2: Calculate which 8K physical page the data lives in
 472  958D 7C          >        ld   a,h                                    ; take the high byte of the offset (which is tile_y)
 472  958E CB 3F       >        srl  a                                      ; divide by 2
 472  9590 CB 3F       >        srl  a                                      ; divide by 2 again  → now /4
 472  9592 CB 3F       >        srl  a                                      ; /8
 472  9594 CB 3F       >        srl  a                                      ; /16
 472  9596 CB 3F       >        srl  a                                      ; /32   ← this is the same as tile_y ÷ 32
 472  9598             >                                                    ; Why divide by 32?
 472  9598             >                                                    ;   Each page is 8192 bytes.
 472  9598             >                                                    ;   Each row is 256 bytes.
 472  9598             >                                                    ;   8192 ÷ 256 = exactly 32 rows per page.
 472  9598             >                                                    ;   Therefore page number = 40 + (tile_y ÷ 32)
 472  9598             >
 472  9598 C6 28       >        add  a, TILEMAP_PAGE                                 ; add the starting page number
 472  959A             >
 472  959A ED 92 56    >        nextreg $56,a                               ; set MMU slot 6 ($C000-$DFFF) to that page
 472  959D             >
 472  959D             >
 472  959D             >    ; STEP 3: Keep only the part of the address that fits inside one 8K page
 472  959D 7C          >        ld   a,h                                    ; get the high byte again
 472  959E E6 1F       >        and  $1F                                    ; $1F is binary 00011111 → keeps only the lowest 5 bits
 472  95A0             >                                                    ; This is exactly the same as (tile_y * 256 + tile_x) modulo 8192
 472  95A0             >                                                    ; (because 8192 = 2^13 and we are discarding everything above bit 12)
 472  95A0 67          >        ld   h,a                                    ; HL now holds the offset *inside* the current 8K page
 472  95A1             >
 472  95A1             >    ; STEP 4: add the page offset so we can read it
 472  95A1 ED 34 00 C0 >        add  hl, $C000                              ; HL = $C000 + offset_inside_page
 472  95A5             >                                                    ; HL now points directly at the first byte we want to copy
 472  95A5 7E          >        ld a, (hl)                                  ; so get the byte
 473  95A6 FE 01        	    cp MAP_WALL
 474  95A8 C8           	    ret z
 475  95A9 0C           	    inc c
 476  95AA              	    GET_WORLD_VALUE TILEMAP_PAGE, USE_BC
 476  95AA             >; given B= tile X, C= tile Y, return "world" value at this position in the world map
 476  95AA             >;
 476  95AA             >;       arg  is TILEMAP_PAGE
 476  95AA             >;            or DFIELD_PAGE
 476  95AA             >;
 476  95AA             >;       arg1 decides if input comes from BC or directly from HL
 476  95AA             >;            NB if directly from HL then L = tile X, H = tile Y
 476  95AA             >;
 476  95AA             >        if USE_BC = 0
 476  95AA 61          >        ld h, c                                     ; read the Y tile coordinate of the top-left corner we want
 476  95AB             >                                                    ; put it in H (this is the same as multiplying by 256)
 476  95AB 68          >        ld l, b                                     ; read the X tile coordinate into L
 476  95AC             >                                                    ; Result: HL now holds tile_y * 256 + tile_x
 476  95AC             >                                                    ; This is the byte offset into "world" map.
 476  95AC             >        endif
 476  95AC             >
 476  95AC             >    ; STEP 2: Calculate which 8K physical page the data lives in
 476  95AC 7C          >        ld   a,h                                    ; take the high byte of the offset (which is tile_y)
 476  95AD CB 3F       >        srl  a                                      ; divide by 2
 476  95AF CB 3F       >        srl  a                                      ; divide by 2 again  → now /4
 476  95B1 CB 3F       >        srl  a                                      ; /8
 476  95B3 CB 3F       >        srl  a                                      ; /16
 476  95B5 CB 3F       >        srl  a                                      ; /32   ← this is the same as tile_y ÷ 32
 476  95B7             >                                                    ; Why divide by 32?
 476  95B7             >                                                    ;   Each page is 8192 bytes.
 476  95B7             >                                                    ;   Each row is 256 bytes.
 476  95B7             >                                                    ;   8192 ÷ 256 = exactly 32 rows per page.
 476  95B7             >                                                    ;   Therefore page number = 40 + (tile_y ÷ 32)
 476  95B7             >
 476  95B7 C6 28       >        add  a, TILEMAP_PAGE                                 ; add the starting page number
 476  95B9             >
 476  95B9 ED 92 56    >        nextreg $56,a                               ; set MMU slot 6 ($C000-$DFFF) to that page
 476  95BC             >
 476  95BC             >
 476  95BC             >    ; STEP 3: Keep only the part of the address that fits inside one 8K page
 476  95BC 7C          >        ld   a,h                                    ; get the high byte again
 476  95BD E6 1F       >        and  $1F                                    ; $1F is binary 00011111 → keeps only the lowest 5 bits
 476  95BF             >                                                    ; This is exactly the same as (tile_y * 256 + tile_x) modulo 8192
 476  95BF             >                                                    ; (because 8192 = 2^13 and we are discarding everything above bit 12)
 476  95BF 67          >        ld   h,a                                    ; HL now holds the offset *inside* the current 8K page
 476  95C0             >
 476  95C0             >    ; STEP 4: add the page offset so we can read it
 476  95C0 ED 34 00 C0 >        add  hl, $C000                              ; HL = $C000 + offset_inside_page
 476  95C4             >                                                    ; HL now points directly at the first byte we want to copy
 476  95C4 7E          >        ld a, (hl)                                  ; so get the byte
 477  95C5 FE 01        	    cp MAP_WALL
 478  95C7 C8           	    ret z
 479  95C8
 480  95C8 CB C3        	    set dir_left, e                             ; set ok
 481  95CA C9                   ret                                         ; return
 482  95CB
 483  95CB              chkRight:
 484  95CB 2A D0 8E     	    ld hl, (player_px)                          ; get player px
 485  95CE 01 02 00     	    ld bc, move_delta                           ; get move delta
 486  95D1 ED 4A                adc hl, bc
 487  95D3
 488  95D3                      ; now test if we have bumped into a wall
 489  95D3 ED 34 0F 00          add hl, 15                                  ; the sprite extends 0-15px right
 490  95D7                      DIV_HL_8
 490  95D7             >; simple 16-bit divide without the CALL/RET overhead
 490  95D7 CB 3C       >        srl h                                       ; divide by 2
 490  95D9 CB 1D       >        rr l
 490  95DB CB 3C       >        srl h                                       ; divide by 4
 490  95DD CB 1D       >        rr l
 490  95DF CB 3C       >        srl h                                       ; divide by 8
 490  95E1 CB 1D       >        rr l
 491  95E3 45                   ld b, l
 492  95E4 2A D2 8E             ld hl, (player_py)
 493  95E7                      DIV_HL_8
 493  95E7             >; simple 16-bit divide without the CALL/RET overhead
 493  95E7 CB 3C       >        srl h                                       ; divide by 2
 493  95E9 CB 1D       >        rr l
 493  95EB CB 3C       >        srl h                                       ; divide by 4
 493  95ED CB 1D       >        rr l
 493  95EF CB 3C       >        srl h                                       ; divide by 8
 493  95F1 CB 1D       >        rr l
 494  95F3 4D                   ld c, l
 495  95F4                      GET_WORLD_VALUE TILEMAP_PAGE, USE_BC
 495  95F4             >; given B= tile X, C= tile Y, return "world" value at this position in the world map
 495  95F4             >;
 495  95F4             >;       arg  is TILEMAP_PAGE
 495  95F4             >;            or DFIELD_PAGE
 495  95F4             >;
 495  95F4             >;       arg1 decides if input comes from BC or directly from HL
 495  95F4             >;            NB if directly from HL then L = tile X, H = tile Y
 495  95F4             >;
 495  95F4             >        if USE_BC = 0
 495  95F4 61          >        ld h, c                                     ; read the Y tile coordinate of the top-left corner we want
 495  95F5             >                                                    ; put it in H (this is the same as multiplying by 256)
 495  95F5 68          >        ld l, b                                     ; read the X tile coordinate into L
 495  95F6             >                                                    ; Result: HL now holds tile_y * 256 + tile_x
 495  95F6             >                                                    ; This is the byte offset into "world" map.
 495  95F6             >        endif
 495  95F6             >
 495  95F6             >    ; STEP 2: Calculate which 8K physical page the data lives in
 495  95F6 7C          >        ld   a,h                                    ; take the high byte of the offset (which is tile_y)
 495  95F7 CB 3F       >        srl  a                                      ; divide by 2
 495  95F9 CB 3F       >        srl  a                                      ; divide by 2 again  → now /4
 495  95FB CB 3F       >        srl  a                                      ; /8
 495  95FD CB 3F       >        srl  a                                      ; /16
 495  95FF CB 3F       >        srl  a                                      ; /32   ← this is the same as tile_y ÷ 32
 495  9601             >                                                    ; Why divide by 32?
 495  9601             >                                                    ;   Each page is 8192 bytes.
 495  9601             >                                                    ;   Each row is 256 bytes.
 495  9601             >                                                    ;   8192 ÷ 256 = exactly 32 rows per page.
 495  9601             >                                                    ;   Therefore page number = 40 + (tile_y ÷ 32)
 495  9601             >
 495  9601 C6 28       >        add  a, TILEMAP_PAGE                                 ; add the starting page number
 495  9603             >
 495  9603 ED 92 56    >        nextreg $56,a                               ; set MMU slot 6 ($C000-$DFFF) to that page
 495  9606             >
 495  9606             >
 495  9606             >    ; STEP 3: Keep only the part of the address that fits inside one 8K page
 495  9606 7C          >        ld   a,h                                    ; get the high byte again
 495  9607 E6 1F       >        and  $1F                                    ; $1F is binary 00011111 → keeps only the lowest 5 bits
 495  9609             >                                                    ; This is exactly the same as (tile_y * 256 + tile_x) modulo 8192
 495  9609             >                                                    ; (because 8192 = 2^13 and we are discarding everything above bit 12)
 495  9609 67          >        ld   h,a                                    ; HL now holds the offset *inside* the current 8K page
 495  960A             >
 495  960A             >    ; STEP 4: add the page offset so we can read it
 495  960A ED 34 00 C0 >        add  hl, $C000                              ; HL = $C000 + offset_inside_page
 495  960E             >                                                    ; HL now points directly at the first byte we want to copy
 495  960E 7E          >        ld a, (hl)                                  ; so get the byte
 496  960F FE 01                cp MAP_WALL
 497  9611 C8                   ret z
 498  9612 0C                   inc c
 499  9613                      GET_WORLD_VALUE TILEMAP_PAGE, USE_BC
 499  9613             >; given B= tile X, C= tile Y, return "world" value at this position in the world map
 499  9613             >;
 499  9613             >;       arg  is TILEMAP_PAGE
 499  9613             >;            or DFIELD_PAGE
 499  9613             >;
 499  9613             >;       arg1 decides if input comes from BC or directly from HL
 499  9613             >;            NB if directly from HL then L = tile X, H = tile Y
 499  9613             >;
 499  9613             >        if USE_BC = 0
 499  9613 61          >        ld h, c                                     ; read the Y tile coordinate of the top-left corner we want
 499  9614             >                                                    ; put it in H (this is the same as multiplying by 256)
 499  9614 68          >        ld l, b                                     ; read the X tile coordinate into L
 499  9615             >                                                    ; Result: HL now holds tile_y * 256 + tile_x
 499  9615             >                                                    ; This is the byte offset into "world" map.
 499  9615             >        endif
 499  9615             >
 499  9615             >    ; STEP 2: Calculate which 8K physical page the data lives in
 499  9615 7C          >        ld   a,h                                    ; take the high byte of the offset (which is tile_y)
 499  9616 CB 3F       >        srl  a                                      ; divide by 2
 499  9618 CB 3F       >        srl  a                                      ; divide by 2 again  → now /4
 499  961A CB 3F       >        srl  a                                      ; /8
 499  961C CB 3F       >        srl  a                                      ; /16
 499  961E CB 3F       >        srl  a                                      ; /32   ← this is the same as tile_y ÷ 32
 499  9620             >                                                    ; Why divide by 32?
 499  9620             >                                                    ;   Each page is 8192 bytes.
 499  9620             >                                                    ;   Each row is 256 bytes.
 499  9620             >                                                    ;   8192 ÷ 256 = exactly 32 rows per page.
 499  9620             >                                                    ;   Therefore page number = 40 + (tile_y ÷ 32)
 499  9620             >
 499  9620 C6 28       >        add  a, TILEMAP_PAGE                                 ; add the starting page number
 499  9622             >
 499  9622 ED 92 56    >        nextreg $56,a                               ; set MMU slot 6 ($C000-$DFFF) to that page
 499  9625             >
 499  9625             >
 499  9625             >    ; STEP 3: Keep only the part of the address that fits inside one 8K page
 499  9625 7C          >        ld   a,h                                    ; get the high byte again
 499  9626 E6 1F       >        and  $1F                                    ; $1F is binary 00011111 → keeps only the lowest 5 bits
 499  9628             >                                                    ; This is exactly the same as (tile_y * 256 + tile_x) modulo 8192
 499  9628             >                                                    ; (because 8192 = 2^13 and we are discarding everything above bit 12)
 499  9628 67          >        ld   h,a                                    ; HL now holds the offset *inside* the current 8K page
 499  9629             >
 499  9629             >    ; STEP 4: add the page offset so we can read it
 499  9629 ED 34 00 C0 >        add  hl, $C000                              ; HL = $C000 + offset_inside_page
 499  962D             >                                                    ; HL now points directly at the first byte we want to copy
 499  962D 7E          >        ld a, (hl)                                  ; so get the byte
 500  962E FE 01                cp MAP_WALL
 501  9630 C8                   ret z
 502  9631
 503  9631 CB CB                set dir_right, e
 504  9633 C9                   ret
 505  9634
 506  9634              chkDown:
 507  9634 2A D2 8E             ld hl, (player_py)
 508  9637 01 02 00             ld bc, move_delta                           ; get pixel delta
 509  963A ED 4A                adc hl, bc                                  ; do move
 510  963C
 511  963C                      ; now test if we have bumped into a wall
 512  963C ED 34 0F 00          add hl, 15                                  ; the sprite extends 0-15px down
 513  9640                      DIV_HL_8
 513  9640             >; simple 16-bit divide without the CALL/RET overhead
 513  9640 CB 3C       >        srl h                                       ; divide by 2
 513  9642 CB 1D       >        rr l
 513  9644 CB 3C       >        srl h                                       ; divide by 4
 513  9646 CB 1D       >        rr l
 513  9648 CB 3C       >        srl h                                       ; divide by 8
 513  964A CB 1D       >        rr l
 514  964C 4D                   ld c, l
 515  964D 2A D0 8E             ld hl, (player_px)
 516  9650                      DIV_HL_8
 516  9650             >; simple 16-bit divide without the CALL/RET overhead
 516  9650 CB 3C       >        srl h                                       ; divide by 2
 516  9652 CB 1D       >        rr l
 516  9654 CB 3C       >        srl h                                       ; divide by 4
 516  9656 CB 1D       >        rr l
 516  9658 CB 3C       >        srl h                                       ; divide by 8
 516  965A CB 1D       >        rr l
 517  965C 45                   ld b, l
 518  965D                      GET_WORLD_VALUE TILEMAP_PAGE, USE_BC
 518  965D             >; given B= tile X, C= tile Y, return "world" value at this position in the world map
 518  965D             >;
 518  965D             >;       arg  is TILEMAP_PAGE
 518  965D             >;            or DFIELD_PAGE
 518  965D             >;
 518  965D             >;       arg1 decides if input comes from BC or directly from HL
 518  965D             >;            NB if directly from HL then L = tile X, H = tile Y
 518  965D             >;
 518  965D             >        if USE_BC = 0
 518  965D 61          >        ld h, c                                     ; read the Y tile coordinate of the top-left corner we want
 518  965E             >                                                    ; put it in H (this is the same as multiplying by 256)
 518  965E 68          >        ld l, b                                     ; read the X tile coordinate into L
 518  965F             >                                                    ; Result: HL now holds tile_y * 256 + tile_x
 518  965F             >                                                    ; This is the byte offset into "world" map.
 518  965F             >        endif
 518  965F             >
 518  965F             >    ; STEP 2: Calculate which 8K physical page the data lives in
 518  965F 7C          >        ld   a,h                                    ; take the high byte of the offset (which is tile_y)
 518  9660 CB 3F       >        srl  a                                      ; divide by 2
 518  9662 CB 3F       >        srl  a                                      ; divide by 2 again  → now /4
 518  9664 CB 3F       >        srl  a                                      ; /8
 518  9666 CB 3F       >        srl  a                                      ; /16
 518  9668 CB 3F       >        srl  a                                      ; /32   ← this is the same as tile_y ÷ 32
 518  966A             >                                                    ; Why divide by 32?
 518  966A             >                                                    ;   Each page is 8192 bytes.
 518  966A             >                                                    ;   Each row is 256 bytes.
 518  966A             >                                                    ;   8192 ÷ 256 = exactly 32 rows per page.
 518  966A             >                                                    ;   Therefore page number = 40 + (tile_y ÷ 32)
 518  966A             >
 518  966A C6 28       >        add  a, TILEMAP_PAGE                                 ; add the starting page number
 518  966C             >
 518  966C ED 92 56    >        nextreg $56,a                               ; set MMU slot 6 ($C000-$DFFF) to that page
 518  966F             >
 518  966F             >
 518  966F             >    ; STEP 3: Keep only the part of the address that fits inside one 8K page
 518  966F 7C          >        ld   a,h                                    ; get the high byte again
 518  9670 E6 1F       >        and  $1F                                    ; $1F is binary 00011111 → keeps only the lowest 5 bits
 518  9672             >                                                    ; This is exactly the same as (tile_y * 256 + tile_x) modulo 8192
 518  9672             >                                                    ; (because 8192 = 2^13 and we are discarding everything above bit 12)
 518  9672 67          >        ld   h,a                                    ; HL now holds the offset *inside* the current 8K page
 518  9673             >
 518  9673             >    ; STEP 4: add the page offset so we can read it
 518  9673 ED 34 00 C0 >        add  hl, $C000                              ; HL = $C000 + offset_inside_page
 518  9677             >                                                    ; HL now points directly at the first byte we want to copy
 518  9677 7E          >        ld a, (hl)                                  ; so get the byte
 519  9678 FE 01                cp MAP_WALL
 520  967A C8                   ret z
 521  967B 04                   inc b
 522  967C                      GET_WORLD_VALUE TILEMAP_PAGE, USE_BC
 522  967C             >; given B= tile X, C= tile Y, return "world" value at this position in the world map
 522  967C             >;
 522  967C             >;       arg  is TILEMAP_PAGE
 522  967C             >;            or DFIELD_PAGE
 522  967C             >;
 522  967C             >;       arg1 decides if input comes from BC or directly from HL
 522  967C             >;            NB if directly from HL then L = tile X, H = tile Y
 522  967C             >;
 522  967C             >        if USE_BC = 0
 522  967C 61          >        ld h, c                                     ; read the Y tile coordinate of the top-left corner we want
 522  967D             >                                                    ; put it in H (this is the same as multiplying by 256)
 522  967D 68          >        ld l, b                                     ; read the X tile coordinate into L
 522  967E             >                                                    ; Result: HL now holds tile_y * 256 + tile_x
 522  967E             >                                                    ; This is the byte offset into "world" map.
 522  967E             >        endif
 522  967E             >
 522  967E             >    ; STEP 2: Calculate which 8K physical page the data lives in
 522  967E 7C          >        ld   a,h                                    ; take the high byte of the offset (which is tile_y)
 522  967F CB 3F       >        srl  a                                      ; divide by 2
 522  9681 CB 3F       >        srl  a                                      ; divide by 2 again  → now /4
 522  9683 CB 3F       >        srl  a                                      ; /8
 522  9685 CB 3F       >        srl  a                                      ; /16
 522  9687 CB 3F       >        srl  a                                      ; /32   ← this is the same as tile_y ÷ 32
 522  9689             >                                                    ; Why divide by 32?
 522  9689             >                                                    ;   Each page is 8192 bytes.
 522  9689             >                                                    ;   Each row is 256 bytes.
 522  9689             >                                                    ;   8192 ÷ 256 = exactly 32 rows per page.
 522  9689             >                                                    ;   Therefore page number = 40 + (tile_y ÷ 32)
 522  9689             >
 522  9689 C6 28       >        add  a, TILEMAP_PAGE                                 ; add the starting page number
 522  968B             >
 522  968B ED 92 56    >        nextreg $56,a                               ; set MMU slot 6 ($C000-$DFFF) to that page
 522  968E             >
 522  968E             >
 522  968E             >    ; STEP 3: Keep only the part of the address that fits inside one 8K page
 522  968E 7C          >        ld   a,h                                    ; get the high byte again
 522  968F E6 1F       >        and  $1F                                    ; $1F is binary 00011111 → keeps only the lowest 5 bits
 522  9691             >                                                    ; This is exactly the same as (tile_y * 256 + tile_x) modulo 8192
 522  9691             >                                                    ; (because 8192 = 2^13 and we are discarding everything above bit 12)
 522  9691 67          >        ld   h,a                                    ; HL now holds the offset *inside* the current 8K page
 522  9692             >
 522  9692             >    ; STEP 4: add the page offset so we can read it
 522  9692 ED 34 00 C0 >        add  hl, $C000                              ; HL = $C000 + offset_inside_page
 522  9696             >                                                    ; HL now points directly at the first byte we want to copy
 522  9696 7E          >        ld a, (hl)                                  ; so get the byte
 523  9697 FE 01                cp MAP_WALL
 524  9699 C8                   ret z
 525  969A
 526  969A CB D3                set dir_down, e
 527  969C C9                   ret
 528  969D
 529  969D              chkUp:
 530  969D 2A D2 8E             ld hl, (player_py)                          ; get player y
 531  96A0 01 02 00             ld bc, move_delta                           ; get pixel delta
 532  96A3 ED 42                sbc hl, bc                                  ; do move
 533  96A5
 534  96A5                      ; now test if we have bumped into a wall
 535  96A5                      DIV_HL_8
 535  96A5             >; simple 16-bit divide without the CALL/RET overhead
 535  96A5 CB 3C       >        srl h                                       ; divide by 2
 535  96A7 CB 1D       >        rr l
 535  96A9 CB 3C       >        srl h                                       ; divide by 4
 535  96AB CB 1D       >        rr l
 535  96AD CB 3C       >        srl h                                       ; divide by 8
 535  96AF CB 1D       >        rr l
 536  96B1 4D                   ld c, l
 537  96B2 2A D0 8E             ld hl, (player_px)
 538  96B5                      DIV_HL_8
 538  96B5             >; simple 16-bit divide without the CALL/RET overhead
 538  96B5 CB 3C       >        srl h                                       ; divide by 2
 538  96B7 CB 1D       >        rr l
 538  96B9 CB 3C       >        srl h                                       ; divide by 4
 538  96BB CB 1D       >        rr l
 538  96BD CB 3C       >        srl h                                       ; divide by 8
 538  96BF CB 1D       >        rr l
 539  96C1 45                   ld b, l
 540  96C2                      GET_WORLD_VALUE TILEMAP_PAGE, USE_BC
 540  96C2             >; given B= tile X, C= tile Y, return "world" value at this position in the world map
 540  96C2             >;
 540  96C2             >;       arg  is TILEMAP_PAGE
 540  96C2             >;            or DFIELD_PAGE
 540  96C2             >;
 540  96C2             >;       arg1 decides if input comes from BC or directly from HL
 540  96C2             >;            NB if directly from HL then L = tile X, H = tile Y
 540  96C2             >;
 540  96C2             >        if USE_BC = 0
 540  96C2 61          >        ld h, c                                     ; read the Y tile coordinate of the top-left corner we want
 540  96C3             >                                                    ; put it in H (this is the same as multiplying by 256)
 540  96C3 68          >        ld l, b                                     ; read the X tile coordinate into L
 540  96C4             >                                                    ; Result: HL now holds tile_y * 256 + tile_x
 540  96C4             >                                                    ; This is the byte offset into "world" map.
 540  96C4             >        endif
 540  96C4             >
 540  96C4             >    ; STEP 2: Calculate which 8K physical page the data lives in
 540  96C4 7C          >        ld   a,h                                    ; take the high byte of the offset (which is tile_y)
 540  96C5 CB 3F       >        srl  a                                      ; divide by 2
 540  96C7 CB 3F       >        srl  a                                      ; divide by 2 again  → now /4
 540  96C9 CB 3F       >        srl  a                                      ; /8
 540  96CB CB 3F       >        srl  a                                      ; /16
 540  96CD CB 3F       >        srl  a                                      ; /32   ← this is the same as tile_y ÷ 32
 540  96CF             >                                                    ; Why divide by 32?
 540  96CF             >                                                    ;   Each page is 8192 bytes.
 540  96CF             >                                                    ;   Each row is 256 bytes.
 540  96CF             >                                                    ;   8192 ÷ 256 = exactly 32 rows per page.
 540  96CF             >                                                    ;   Therefore page number = 40 + (tile_y ÷ 32)
 540  96CF             >
 540  96CF C6 28       >        add  a, TILEMAP_PAGE                                 ; add the starting page number
 540  96D1             >
 540  96D1 ED 92 56    >        nextreg $56,a                               ; set MMU slot 6 ($C000-$DFFF) to that page
 540  96D4             >
 540  96D4             >
 540  96D4             >    ; STEP 3: Keep only the part of the address that fits inside one 8K page
 540  96D4 7C          >        ld   a,h                                    ; get the high byte again
 540  96D5 E6 1F       >        and  $1F                                    ; $1F is binary 00011111 → keeps only the lowest 5 bits
 540  96D7             >                                                    ; This is exactly the same as (tile_y * 256 + tile_x) modulo 8192
 540  96D7             >                                                    ; (because 8192 = 2^13 and we are discarding everything above bit 12)
 540  96D7 67          >        ld   h,a                                    ; HL now holds the offset *inside* the current 8K page
 540  96D8             >
 540  96D8             >    ; STEP 4: add the page offset so we can read it
 540  96D8 ED 34 00 C0 >        add  hl, $C000                              ; HL = $C000 + offset_inside_page
 540  96DC             >                                                    ; HL now points directly at the first byte we want to copy
 540  96DC 7E          >        ld a, (hl)                                  ; so get the byte
 541  96DD FE 01                cp MAP_WALL
 542  96DF C8                   ret z
 543  96E0 04                   inc b
 544  96E1                      GET_WORLD_VALUE TILEMAP_PAGE, USE_BC
 544  96E1             >; given B= tile X, C= tile Y, return "world" value at this position in the world map
 544  96E1             >;
 544  96E1             >;       arg  is TILEMAP_PAGE
 544  96E1             >;            or DFIELD_PAGE
 544  96E1             >;
 544  96E1             >;       arg1 decides if input comes from BC or directly from HL
 544  96E1             >;            NB if directly from HL then L = tile X, H = tile Y
 544  96E1             >;
 544  96E1             >        if USE_BC = 0
 544  96E1 61          >        ld h, c                                     ; read the Y tile coordinate of the top-left corner we want
 544  96E2             >                                                    ; put it in H (this is the same as multiplying by 256)
 544  96E2 68          >        ld l, b                                     ; read the X tile coordinate into L
 544  96E3             >                                                    ; Result: HL now holds tile_y * 256 + tile_x
 544  96E3             >                                                    ; This is the byte offset into "world" map.
 544  96E3             >        endif
 544  96E3             >
 544  96E3             >    ; STEP 2: Calculate which 8K physical page the data lives in
 544  96E3 7C          >        ld   a,h                                    ; take the high byte of the offset (which is tile_y)
 544  96E4 CB 3F       >        srl  a                                      ; divide by 2
 544  96E6 CB 3F       >        srl  a                                      ; divide by 2 again  → now /4
 544  96E8 CB 3F       >        srl  a                                      ; /8
 544  96EA CB 3F       >        srl  a                                      ; /16
 544  96EC CB 3F       >        srl  a                                      ; /32   ← this is the same as tile_y ÷ 32
 544  96EE             >                                                    ; Why divide by 32?
 544  96EE             >                                                    ;   Each page is 8192 bytes.
 544  96EE             >                                                    ;   Each row is 256 bytes.
 544  96EE             >                                                    ;   8192 ÷ 256 = exactly 32 rows per page.
 544  96EE             >                                                    ;   Therefore page number = 40 + (tile_y ÷ 32)
 544  96EE             >
 544  96EE C6 28       >        add  a, TILEMAP_PAGE                                 ; add the starting page number
 544  96F0             >
 544  96F0 ED 92 56    >        nextreg $56,a                               ; set MMU slot 6 ($C000-$DFFF) to that page
 544  96F3             >
 544  96F3             >
 544  96F3             >    ; STEP 3: Keep only the part of the address that fits inside one 8K page
 544  96F3 7C          >        ld   a,h                                    ; get the high byte again
 544  96F4 E6 1F       >        and  $1F                                    ; $1F is binary 00011111 → keeps only the lowest 5 bits
 544  96F6             >                                                    ; This is exactly the same as (tile_y * 256 + tile_x) modulo 8192
 544  96F6             >                                                    ; (because 8192 = 2^13 and we are discarding everything above bit 12)
 544  96F6 67          >        ld   h,a                                    ; HL now holds the offset *inside* the current 8K page
 544  96F7             >
 544  96F7             >    ; STEP 4: add the page offset so we can read it
 544  96F7 ED 34 00 C0 >        add  hl, $C000                              ; HL = $C000 + offset_inside_page
 544  96FB             >                                                    ; HL now points directly at the first byte we want to copy
 544  96FB 7E          >        ld a, (hl)                                  ; so get the byte
 545  96FC FE 01                cp MAP_WALL
 546  96FE C8                   ret z
 547  96FF
 548  96FF CB DB                set dir_up, e
 549  9701 C9                   ret
 550  9702
 551  9702
 552  9702              keyEnd:
 553  9702              moveSprite:
 554  9702              ;        call debugs
 555  9702                      ;ld a, 2
 556  9702                      ;out (254), a
 557  9702 CD A3 98             call processBaddies
 558  9705                      ;xor a
 559  9705                      ;out (254), a
 560  9705
 561  9705              moveSprite1:
 562  9705              ; ================================================
 563  9705                  ; FINE SCROLLING (pixel-level smooth scroll)
 564  9705                  ; Set hardware tilemap scroll registers using player_px/py
 565  9705                  ; ================================================
 566  9705 CD E2 97             call wait_vblank
 567  9708
 568  9708 3A BF 8E             ld a, (cam_px)                              ; get LOW byte of camera X position
 569  970B E6 07                and 7                                       ; keep only the bottom 3 bits (0-7 pixels)
 570  970D ED 92 30             nextreg $30, a                              ; ← X fine offset (MUST be every frame)
 571  9710
 572  9710 3A C1 8E             ld a, (cam_py)                              ; get LOW byte of camera Y position
 573  9713 E6 07                and 7                                       ; keep only the bottom 3 bits (0-7 pixels)
 574  9715 ED 92 31             nextreg $31, a                              ; ← Y fine offset (MUST be every frame)
 575  9718
 576  9718              ; ================================================
 577  9718                  ; COPY DECISION - copy ONLY when X or Y is aligned to tile boundary
 578  9718                  ; ================================================
 579  9718 2A BF 8E             ld hl, (cam_px)
 580  971B                      DIV_HL_8
 580  971B             >; simple 16-bit divide without the CALL/RET overhead
 580  971B CB 3C       >        srl h                                       ; divide by 2
 580  971D CB 1D       >        rr l
 580  971F CB 3C       >        srl h                                       ; divide by 4
 580  9721 CB 1D       >        rr l
 580  9723 CB 3C       >        srl h                                       ; divide by 8
 580  9725 CB 1D       >        rr l
 581  9727 45                   ld b, l
 582  9728 2A C1 8E             ld hl, (cam_py)
 583  972B                      DIV_HL_8
 583  972B             >; simple 16-bit divide without the CALL/RET overhead
 583  972B CB 3C       >        srl h                                       ; divide by 2
 583  972D CB 1D       >        rr l
 583  972F CB 3C       >        srl h                                       ; divide by 4
 583  9731 CB 1D       >        rr l
 583  9733 CB 3C       >        srl h                                       ; divide by 8
 583  9735 CB 1D       >        rr l
 584  9737 4D                   ld c, l
 585  9738
 586  9738 3A C3 8E             ld a, (cam_tx)                       ; get last player tile X
 587  973B B8                   cp b                                        ; compare with current
 588  973C 20 07                jr nz, copy_visible_window                  ; branch if different
 589  973E
 590  973E 3A C4 8E             ld a, (cam_ty)                       ; get last player tile Y
 591  9741 B9                   cp c                                        ; compare with current
 592  9742 20 01                jr nz, copy_visible_window                  ; branch if different
 593  9744
 594  9744 C9                   ret                                         ; otherwise return, hardware scroll is enough
 595  9745
 596  9745              copy_visible_window:
 597  9745 78                   ld a, b                                     ; get current player tile X
 598  9746 32 C3 8E             ld (cam_tx), a                       ; save it away
 599  9749 79                   ld a, c                                     ; get current player tile Y
 600  974A 32 C4 8E             ld (cam_ty), a                       ; save it away
 601  974D
 602  974D                  ; STEP 1: Build the starting linear offset in the world map
 603  974D 61                   ld h, c                                     ; read the Y tile coordinate of the top-left corner we want
 604  974E                                                                  ; put it in H (this is the same as multiplying cam_tile_y by 256)
 605  974E 68                   ld l, b                                     ; read the X tile coordinate into L
 606  974F                                                                  ; Result: HL now holds  cam_tile_y * 256 + cam_tile_x
 607  974F                                                                  ; This is the byte offset into "world" map.
 608  974F
 609  974F                  ; STEP 2: Calculate which 8K physical page the data lives in
 610  974F 7C                   ld   a,h                                    ; take the high byte of the offset (which is cam_tile_y)
 611  9750 CB 3F                srl  a                                      ; divide by 2
 612  9752 CB 3F                srl  a                                      ; divide by 2 again  → now /4
 613  9754 CB 3F                srl  a                                      ; /8
 614  9756 CB 3F                srl  a                                      ; /16
 615  9758 CB 3F                srl  a                                      ; /32   ← this is the same as cam_tile_y ÷ 32
 616  975A                                                                  ; Why divide by 32?
 617  975A                                                                  ;   Each page is 8192 bytes.
 618  975A                                                                  ;   Each row is 256 bytes.
 619  975A                                                                  ;   8192 ÷ 256 = exactly 32 rows per page.
 620  975A                                                                  ;   Therefore page number = 40 + (cam_tile_y ÷ 32)
 621  975A C6 28                add  a,40                                   ; add the starting page number (your world map begins at page 40)
 622  975C 32 C5 8E             ld   (tilemapPage), a                       ; save the page number in register C for later
 623  975F
 624  975F                  ; STEP 3: Keep only the part of the address that fits inside one 8K page
 625  975F 7C                   ld   a,h                                    ; get the high byte again
 626  9760 E6 1F                and  $1F                                    ; $1F is binary 00011111 → keeps only the lowest 5 bits
 627  9762                                                                  ; This is exactly the same as (cam_tile_y * 256 + cam_tile_x) modulo 8192
 628  9762                                                                  ; (because 8192 = 2^13 and we are discarding everything above bit 12)
 629  9762 67                   ld   h,a                                    ; HL now holds the offset *inside* the current 8K page
 630  9763
 631  9763                  ; STEP 4: Page the correct 8K bank into slot 6 so we can read it
 632  9763 3A C5 8E             ld   a, (tilemapPage)                       ; A = page number we want
 633  9766 ED 92 56             nextreg $56,a                               ; set MMU slot 6 ($C000-$DFFF) to that page
 634  9769 01 00 C0             ld   bc,$C000                               ; $C000 is the start of slot 6
 635  976C 09                   add  hl,bc                                  ; HL = $C000 + offset_inside_page
 636  976D                                                                  ; HL now points directly at the first byte we want to copy
 637  976D
 638  976D                  ; STEP 5: Point DE at the hardware tilemap buffer (fixed location)
 639  976D 11 00 60             ld   de, tileMap                                ; destination is the hardware tilemap location
 640  9770
 641  9770                  ; STEP 6: Copy all 32 visible rows
 642  9770 01 00 05             ld   bc,40*32                                   ; we need to copy 32 rows x 40 columns
 643  9773              .row_loop:
 644  9773              REPT 40
 645  9773 ED A0       >        LDI
 645  9775 ED A0       >        LDI
 645  9777 ED A0       >        LDI
 645  9779 ED A0       >        LDI
 645  977B ED A0       >        LDI
 645  977D ED A0       >        LDI
 645  977F ED A0       >        LDI
 645  9781 ED A0       >        LDI
 645  9783 ED A0       >        LDI
 645  9785 ED A0       >        LDI
 645  9787 ED A0       >        LDI
 645  9789 ED A0       >        LDI
 645  978B ED A0       >        LDI
 645  978D ED A0       >        LDI
 645  978F ED A0       >        LDI
 645  9791 ED A0       >        LDI
 645  9793 ED A0       >        LDI
 645  9795 ED A0       >        LDI
 645  9797 ED A0       >        LDI
 645  9799 ED A0       >        LDI
 645  979B ED A0       >        LDI
 645  979D ED A0       >        LDI
 645  979F ED A0       >        LDI
 645  97A1 ED A0       >        LDI
 645  97A3 ED A0       >        LDI
 645  97A5 ED A0       >        LDI
 645  97A7 ED A0       >        LDI
 645  97A9 ED A0       >        LDI
 645  97AB ED A0       >        LDI
 645  97AD ED A0       >        LDI
 645  97AF ED A0       >        LDI
 645  97B1 ED A0       >        LDI
 645  97B3 ED A0       >        LDI
 645  97B5 ED A0       >        LDI
 645  97B7 ED A0       >        LDI
 645  97B9 ED A0       >        LDI
 645  97BB ED A0       >        LDI
 645  97BD ED A0       >        LDI
 645  97BF ED A0       >        LDI
 645  97C1 ED A0       >        LDI
 646  97C3              ENDR
 647  97C3                  ; STEP 7: Move the source pointer forward by exactly one full world-map row
 648  97C3 3E D8                ld   a,216                                      ; 256 (full row) minus 40 (what we already copied) = 216
 649  97C5 ED 31                add  hl,a                                       ; Z80N instruction — adds 8-bit number to HL very quickly
 650  97C7
 651  97C7 7C                   LD A, H
 652  97C8 FE E0                CP $E0
 653  97CA CC D3 97             CALL Z, .cross_boundary
 654  97CD
 655  97CD 78                   ld a, b
 656  97CE B1                   or c
 657  97CF C2 73 97             jp nz, .row_loop
 658  97D2 C9                   ret
 659  97D3
 660  97D3              .cross_boundary
 661  97D3                  ; STEP 8: Did we cross into the next 8K physical page?
 662  97D3 7C                   ld   a,h                                        ; look at the high byte of the source pointer
 663  97D4 D6 20                sub  $20                                        ; $20 is 32 in decimal. $E000 - $2000 = $C000 → subtract 32 from the high byte to wrap back to the start of slot 6
 664  97D6 67                   ld   h,a
 665  97D7 3A C5 8E             ld a, (tilemapPage)
 666  97DA 3C                   inc a
 667  97DB 32 C5 8E             ld (tilemapPage), a
 668  97DE ED 92 56             nextreg $56, a                                  ; set MMU slot 6 ($C000-$DFFF) to that page
 669  97E1 C9                   ret
 670  97E2
 671  97E2              wait_vblank:
 672  97E2              .loop
 673  97E2 01 3B 24             ld bc, $243B                                ; register select port
 674  97E5 3E 1E                ld a, $1E
 675  97E7 ED 79                out (c), a                                  ; select ULA status register
 676  97E9 04                   inc b                                       ; now point to data port $253B
 677  97EA ED 78                in a, (c)                                   ; read status
 678  97EC CB 47                bit 0, a
 679  97EE 28 F2                jr z, .loop
 680  97F0 C9                   ret
 681  97F1
 682  97F1
 683  97F1              showSprite:
 684  97F1              ; ============================================================
 685  97F1              ; Returns the floodfill distance for the player's tile in A.
 686  97F1              ; 255 = wall / unreached. Lower = closer to flood target.
 687  97F1              ; Trashes: AF, HL, BC
 688  97F1              ; ============================================================
 689  97F1 2A D2 8E             ld hl, (player_py)
 690  97F4                      DIV_HL_8                                    ; L = tileY (player_py / 8)
 690  97F4             >; simple 16-bit divide without the CALL/RET overhead
 690  97F4 CB 3C       >        srl h                                       ; divide by 2
 690  97F6 CB 1D       >        rr l
 690  97F8 CB 3C       >        srl h                                       ; divide by 4
 690  97FA CB 1D       >        rr l
 690  97FC CB 3C       >        srl h                                       ; divide by 8
 690  97FE CB 1D       >        rr l
 691  9800 7D                   ld a, l
 692  9801 32 D5 8E             ld (player_tile_y), a
 693  9804
 694  9804 2A D0 8E             ld hl, (player_px)
 695  9807                      DIV_HL_8                                    ; L = tileX (player_px / 8)
 695  9807             >; simple 16-bit divide without the CALL/RET overhead
 695  9807 CB 3C       >        srl h                                       ; divide by 2
 695  9809 CB 1D       >        rr l
 695  980B CB 3C       >        srl h                                       ; divide by 4
 695  980D CB 1D       >        rr l
 695  980F CB 3C       >        srl h                                       ; divide by 8
 695  9811 CB 1D       >        rr l
 696  9813 7D                   ld a, l
 697  9814 32 D4 8E             ld (player_tile_x), a
 698  9817
 699  9817                      ; ... player_tile_x / player_tile_y just stored ...
 700  9817 CD 6F 98             call checkKeyCollect
 701  981A 30 03                jr nc, .noKey               ; carry clear -> nothing collected
 702  981C                      ; A = collected key index -> handle it
 703  981C CD 62 7E             call collectKey             ; mark collected, clear tiles, bump count, re-flood
 704  981F              .noKey:
 705  981F                      ; ... rest of showSprite ...
 706  981F
 707  981F 3A 76 93             ld a, (viewMode)                            ; get the view mode, normal or radar
 708  9822 B7                   or a                                        ; see it it is 0 (normal)
 709  9823 C0                   ret nz                                      ; return if Radar (player sprite rendered in process baddie routine)
 710  9824
 711  9824
 712  9824 3E 00                LD A, 0                                     ; sprite index
 713  9826 ED 92 34             NEXTREG $34, A
 714  9829 2A D0 8E             ld hl, (player_px)
 715  982C ED 4B BF 8E          ld bc, (cam_px)
 716  9830 ED 42                sbc hl, bc
 717  9832 5C                   ld e, h
 718  9833
 719  9833 7D                   LD A, l                                     ; set the low byte of player X
 720  9834 ED 92 35             NEXTREG $35, A
 721  9837
 722  9837 2A D2 8E             ld hl, (player_py)
 723  983A ED 4B C1 8E          ld bc, (cam_py)
 724  983E ED 42                sbc hl, bc
 725  9840
 726  9840 7D                   LD A, l                                     ; set the low byte of player Y
 727  9841 ED 92 36             NEXTREG $36, A
 728  9844 7B                   LD A, e                                     ; get the high byte of player X
 729  9845 E6 01                AND 1                                       ; we only need bit 0
 730  9847 ED 92 37             NEXTREG $37, A                              ; set it
 731  984A
 732  984A                      ; --- choose pattern from facing direction + animation frame ---
 733  984A 3A D6 8E             ld a, (lastMove)                            ; vdir flag: 1=L 2=R 4=D 8=U
 734  984D 06 04                ld b, PAT_DOWN                              ; default down
 735  984F FE 01                cp vdir_left
 736  9851 20 04                jr nz, .notL
 737  9853 06 0C                ld b, PAT_LEFT
 738  9855 18 0E                jr .haveBase
 739  9857              .notL:
 740  9857 FE 02                cp vdir_right
 741  9859 20 04                jr nz, .notR
 742  985B 06 08                ld b, PAT_RIGHT
 743  985D 18 06                jr .haveBase
 744  985F              .notR:
 745  985F FE 08                cp vdir_up
 746  9861 20 02                jr nz, .haveBase                            ; else stays PAT_DOWN
 747  9863 06 10                ld b, PAT_UP
 748  9865              .haveBase:
 749  9865 3A D7 8E             ld a, (playerAnimFrame)                     ; 0-3
 750  9868 80                   add a, b                                    ; base + frame = pattern
 751  9869
 752  9869 F6 80                OR %10000000                                ; bit 7 = visible
 753  986B ED 92 38             NEXTREG $38, A
 754  986E C9                   RET
 755  986F
 756  986F              ; ============================================================
 757  986F              ; checkKeyCollect
 758  986F              ; Tests whether the player's 2x2 footprint overlaps any
 759  986F              ; AVAILABLE key's 2x2 block.
 760  986F              ; Returns: A = key index (0..KEY_COUNT-1) and carry SET if a
 761  986F              ;          key was collected; carry CLEAR (A undefined) if none.
 762  986F              ; Uses player_tile_x / player_tile_y (must be current).
 763  986F              ; Trashes: AF, BC, DE, HL
 764  986F              ; ============================================================
 765  986F              checkKeyCollect:
 766  986F 21 3D 7E             ld hl, KEY_DATA
 767  9872 06 00                ld b, 0                         ; B = key index
 768  9874              .loop:
 769  9874 7E                   ld a, (hl)                      ; key tileX
 770  9875 23                   inc hl
 771  9876 4E                   ld c, (hl)                      ; key tileY
 772  9877 23                   inc hl
 773  9878 5E                   ld e, (hl)                      ; status
 774  9879 23                   inc hl                          ; HL -> next key record
 775  987A
 776  987A                      ; skip keys that aren't available
 777  987A 57                   ld d, a                         ; save key tileX in D (A about to be reused)
 778  987B 7B                   ld a, e
 779  987C FE 01                cp KEY_AVAILABLE
 780  987E 20 1B                jr nz, .next                    ; not available -> skip
 781  9880
 782  9880                      ; --- X overlap: abs(player_tile_x - keyX) <= 1 ? ---
 783  9880 3A D4 8E             ld a, (player_tile_x)
 784  9883 92                   sub d                           ; A = px - kx
 785  9884 30 02                jr nc, .xpos
 786  9886 ED 44                neg                             ; A = |px - kx|
 787  9888              .xpos:
 788  9888 FE 02                cp 2
 789  988A 30 0F                jr nc, .next                    ; |dx| >= 2 -> no overlap
 790  988C
 791  988C                      ; --- Y overlap: abs(player_tile_y - keyY) <= 1 ? ---
 792  988C 3A D5 8E             ld a, (player_tile_y)
 793  988F 91                   sub c                           ; A = py - ky
 794  9890 30 02                jr nc, .ypos
 795  9892 ED 44                neg
 796  9894              .ypos:
 797  9894 FE 02                cp 2
 798  9896 30 03                jr nc, .next                    ; |dy| >= 2 -> no overlap
 799  9898
 800  9898                      ; overlap on both axes -> collected this key
 801  9898 78                   ld a, b                         ; A = key index
 802  9899 37                   scf                             ; carry set = collected
 803  989A C9                   ret
 804  989B
 805  989B              .next:
 806  989B 04                   inc b
 807  989C 78                   ld a, b
 808  989D FE 04                cp KEY_COUNT
 809  989F 20 D3                jr nz, .loop
 810  98A1 B7                   or a                            ; clear carry = nothing collected
 811  98A2 C9                   ret
 812  98A3
 813  98A3              processBaddies:
 814  98A3 DD 21 D9 8E          ld ix, baddieData                           ; point to start of baddie data
 815  98A7 06 3C                ld b, baddieCount                           ; count of baddies to process
 816  98A9
 817  98A9              .loop:
 818  98A9 C5                   push bc                                     ; save count
 819  98AA CD 54 99             call processBaddie                          ; process each baddie in turn
 820  98AD CD 18 99             call checkBaddieCollision                   ; check collision
 821  98B0 30 08                jr nc, .skipCollision                       ; branch if no collision
 822  98B2
 823  98B2                      ; collision routine
 824  98B2 3E 04                ld A, soundHitskull                         ; ready the skull hit sound
 825  98B4 CD FC 8D             call playsound                              ; play it
 826  98B7 CD 70 81             call takeDamage                             ; update health bar
 827  98BA
 828  98BA              .skipCollision:
 829  98BA
 830  98BA C1                   pop bc                                      ; return count
 831  98BB
 832  98BB 11 0B 00             ld de, baddieRecord                         ; get baddie record length
 833  98BE DD 19                add ix, de                                  ; point ix to next baddie
 834  98C0 10 E7                djnz .loop                                  ; loop if more to process
 835  98C2
 836  98C2 3A 76 93             ld a, (viewMode)                            ; get view mode
 837  98C5 B7                   or a                                        ; is it 0 (normal map view)
 838  98C6 C8                   ret z                                       ; return if normal
 839  98C7
 840  98C7
 841  98C7                      ; -------------------------------------------------------
 842  98C7                      ; here we just display the player if we are in Radar mode
 843  98C7                      ; -------------------------------------------------------
 844  98C7
 845  98C7                      ; first calculate the player tile X/Y
 846  98C7 2A D0 8E             ld hl, (player_px)
 847  98CA                      DIV_HL_8
 847  98CA             >; simple 16-bit divide without the CALL/RET overhead
 847  98CA CB 3C       >        srl h                                       ; divide by 2
 847  98CC CB 1D       >        rr l
 847  98CE CB 3C       >        srl h                                       ; divide by 4
 847  98D0 CB 1D       >        rr l
 847  98D2 CB 3C       >        srl h                                       ; divide by 8
 847  98D4 CB 1D       >        rr l
 848  98D6 7D                   ld a, l
 849  98D7 32 D4 8E             ld (player_tile_x), a
 850  98DA 2A D2 8E             ld hl, (player_py)
 851  98DD                      DIV_HL_8
 851  98DD             >; simple 16-bit divide without the CALL/RET overhead
 851  98DD CB 3C       >        srl h                                       ; divide by 2
 851  98DF CB 1D       >        rr l
 851  98E1 CB 3C       >        srl h                                       ; divide by 4
 851  98E3 CB 1D       >        rr l
 851  98E5 CB 3C       >        srl h                                       ; divide by 8
 851  98E7 CB 1D       >        rr l
 852  98E9 7D                   ld a, l
 853  98EA 32 D5 8E             ld (player_tile_y), a
 854  98ED
 855  98ED 3A D4 8E             ld a, (player_tile_x)
 856  98F0 6F                   ld l, a
 857  98F1 26 00                ld h, 0
 858  98F3 ED 34 20 00          add hl, 32
 859  98F7
 860  98F7 3A D5 8E             ld a, (player_tile_y)
 861  98FA C6 20                add 32
 862  98FC 5F                   ld e, a
 863  98FD
 864  98FD 3E 00                ld a, 0
 865  98FF ED 92 34             NEXTREG $34, a                 ; select sprite slot 0 (player)
 866  9902 7D                   ld a, l
 867  9903 ED 92 35             NEXTREG $35, a                 ; attr 0: X low 8 bits
 868  9906 7B                   ld a, e
 869  9907 ED 92 36             NEXTREG $36, a                 ; attr 1: Y (8-bit)
 870  990A 7C                   ld a, h
 871  990B E6 01                and 1                          ; X is 9-bit; keep only bit 8
 872  990D ED 92 37             NEXTREG $37, a                 ; attr 2: X MSB in bit 0
 873  9910 3E 02                ld a, 2
 874  9912 F6 80                or %10000000                   ; bit 7 = visible
 875  9914 ED 92 38             NEXTREG $38, a                 ; attr 3: pattern + visible flag
 876  9917
 877  9917
 878  9917 C9                   ret
 879  9918
 880  9918              ; IX -> baddie record. Returns carry SET if player overlaps this baddie.
 881  9918              ; Trashes AF, DE, HL
 882  9918              checkBaddieCollision:
 883  9918                      ; --- X: |player_px - baddie_x| < COLLIDE_DX ? ---
 884  9918 2A D0 8E             ld hl, (player_px)
 885  991B DD 5E 01             ld e, (ix + baddieRecord.lowX)
 886  991E DD 56 02             ld d, (ix + baddieRecord.highX)
 887  9921 B7                   or a
 888  9922 ED 52                sbc hl, de                  ; HL = player_px - baddie_x
 889  9924 CB 7C                bit 7, h                    ; negative?
 890  9926 28 07                jr z, .xAbs
 891  9928 EB                   ex de, hl
 892  9929 21 00 00             ld hl, 0
 893  992C B7                   or a
 894  992D ED 52                sbc hl, de                  ; HL = |dx|
 895  992F              .xAbs:
 896  992F 11 0B 00             ld de, COLLIDE_DX
 897  9932 B7                   or a
 898  9933 ED 52                sbc hl, de
 899  9935 D0                   ret nc                      ; |dx| >= threshold -> no hit (carry clear)
 900  9936
 901  9936                      ; --- Y: |player_py - baddie_y| < COLLIDE_DY ? ---
 902  9936 2A D2 8E             ld hl, (player_py)
 903  9939 DD 5E 03             ld e, (ix + baddieRecord.lowY)
 904  993C DD 56 04             ld d, (ix + baddieRecord.highY)
 905  993F B7                   or a
 906  9940 ED 52                sbc hl, de
 907  9942 CB 7C                bit 7, h
 908  9944 28 07                jr z, .yAbs
 909  9946 EB                   ex de, hl
 910  9947 21 00 00             ld hl, 0
 911  994A B7                   or a
 912  994B ED 52                sbc hl, de
 913  994D              .yAbs:
 914  994D 11 0B 00             ld de, COLLIDE_DY
 915  9950 B7                   or a
 916  9951 ED 52                sbc hl, de
 917  9953 C9                   ret                         ; carry set if |dy| < threshold -> HIT
 918  9954
 919  9954
 920  9954
 921  9954              processBaddie:
 922  9954 DD 66 02             ld h, (ix +baddieRecord.highX)              ; get baddie X
 923  9957 DD 6E 01             ld l, (ix +baddieRecord.lowX)
 924  995A 22 6D 91             ld (baddie_x), hl
 925  995D 7D                   ld a, l
 926  995E E6 07                and 7
 927  9960 FD 67                ld iyh, a
 928  9962                      DIV_HL_8                                    ; div by 8 to get tile Y
 928  9962             >; simple 16-bit divide without the CALL/RET overhead
 928  9962 CB 3C       >        srl h                                       ; divide by 2
 928  9964 CB 1D       >        rr l
 928  9966 CB 3C       >        srl h                                       ; divide by 4
 928  9968 CB 1D       >        rr l
 928  996A CB 3C       >        srl h                                       ; divide by 8
 928  996C CB 1D       >        rr l
 929  996E 45                   ld b, l                                     ; save in B, see newTile below
 930  996F
 931  996F DD 66 04             ld h, (ix +baddieRecord.highY)              ; get baddie Y
 932  9972 DD 6E 03             ld l, (ix +baddieRecord.lowY)
 933  9975 22 6F 91             ld (baddie_y), hl
 934  9978 7D                   ld a, l
 935  9979 E6 07                and 7
 936  997B FD 6F                ld iyl, a
 937  997D                      DIV_HL_8                                    ; divide by 8 to get tile Y
 937  997D             >; simple 16-bit divide without the CALL/RET overhead
 937  997D CB 3C       >        srl h                                       ; divide by 2
 937  997F CB 1D       >        rr l
 937  9981 CB 3C       >        srl h                                       ; divide by 4
 937  9983 CB 1D       >        rr l
 937  9985 CB 3C       >        srl h                                       ; divide by 8
 937  9987 CB 1D       >        rr l
 938  9989 4D                   ld c, l                                     ; save in C, see newTile below
 939  998A
 940  998A              ; Decide only when grid-aligned (iyh==0 AND iyl==0) - the only
 941  998A                      ; moment a turn is possible. "Tile changed" fired at the far tile
 942  998A                      ; edge when moving up/left, where the turn check is gated out.
 943  998A FD 7C                ld a, iyh
 944  998C FD B5                or iyl                                      ; both zero => on grid intersection
 945  998E 28 07                jr z, newTile                               ; aligned -> run the decision
 946  9990
 947  9990 DD 7E 07             ld a, (ix +baddieRecord.dir)                ; not aligned -> continue current dir
 948  9993 47                   ld b, a
 949  9994 C3 0E 9A             jp reverse
 950  9997
 951  9997              newTile:
 952  9997 DD 70 05             ld (ix +baddieRecord.tileX), b              ; save the tile X
 953  999A DD 71 06             ld (ix +baddieRecord.tileY), c              ; save the tile Y
 954  999D
 955  999D                      ; get reverse direction
 956  999D DD 7E 07             ld a, (ix + baddieRecord.dir)               ; Load current direction
 957  99A0 47                   ld b, a                                     ; Backup original direction to B
 958  99A1 E6 03                and %00000011                               ; Check for Left (1) / Right (2)
 959  99A3 28 05                jr z, .vertMask                             ; If 0, it must be vertical (Up/Down)
 960  99A5
 961  99A5                      ; Horizontal Path: Swap 1 <-> 2
 962  99A5                      ; 'A' already contains ONLY the horizontal bits here
 963  99A5 EE 03                xor %00000011                               ; 1 becomes 2, 2 becomes 1
 964  99A7 47                   ld b, a                                     ; Store final result in B
 965  99A8 18 04                jr .done
 966  99AA
 967  99AA              .vertMask:
 968  99AA                      ; Vertical Path: Swap 4 <-> 8
 969  99AA                      ; Because 'A' was 0, 'B' still holds the unaltered original vertical value
 970  99AA 78                   ld a, b                                     ; Bring original back to A to process
 971  99AB EE 0C                xor %00001100                               ; 4 becomes 8, 8 becomes 4
 972  99AD 47                   ld b, a                                     ; Store final result in B
 973  99AE
 974  99AE              .done:
 975  99AE                      ; d holds current direction (bitmask)
 976  99AE C5                   push bc                                     ; save reverse on stack for use later
 977  99AF 3E 0F                ld a, %00001111                             ; start with all directions
 978  99B1 A8                   xor b                                       ; mask out reverse
 979  99B2
 980  99B2              ; -----------------------------------------------
 981  99B2              ; Test each direction to see if a move is allowed
 982  99B2              ; -----------------------------------------------
 983  99B2 57                   ld d, a                                     ; D = directions to test (all except reverse)
 984  99B3 1E 00                ld e, 0                                     ; E = available directions found
 985  99B5
 986  99B5 CB 42                bit dir_left, d
 987  99B7 C4 E5 9A             call nz, chkLeft1
 988  99BA
 989  99BA CB 4A                bit dir_right, d
 990  99BC C4 4E 9B             call nz, chkRight1
 991  99BF
 992  99BF CB 52                bit dir_down, d
 993  99C1 C4 BB 9B             call nz, chkDown1
 994  99C4
 995  99C4 CB 5A                bit dir_up, d
 996  99C6 C4 28 9C             call nz, chkUp1
 997  99C9
 998  99C9              ;-----------------------
 999  99C9              ; pick direction to take
1000  99C9              ; ----------------------
1001  99C9 C1                   pop bc                                      ; retrieve the saved reverse direction
1002  99CA 7B                   ld a, e                                     ; get what moves were possible
1003  99CB A7                   and a                                       ; are there any?
1004  99CC 28 40                jr z, reverse
1005  99CE
1006  99CE              moveAvailable:
1007  99CE                      ; E = available-direction mask. Choose pick method by mode.
1008  99CE                      ; Read own-cell distance first (one field read) -> sets lastDist.
1009  99CE DD 46 05             ld b, (ix + baddieRecord.tileX)             ; B = tileX
1010  99D1 DD 4E 06             ld c, (ix + baddieRecord.tileY)             ; C = tileY
1011  99D4              ;        ld l, b
1012  99D4              ;        ld h, c
1013  99D4              ;        call getFieldByte                           ; A = own-cell distance
1014  99D4                      GET_WORLD_VALUE DFIELD_PAGE, USE_BC
1014  99D4             >; given B= tile X, C= tile Y, return "world" value at this position in the world map
1014  99D4             >;
1014  99D4             >;       arg  is TILEMAP_PAGE
1014  99D4             >;            or DFIELD_PAGE
1014  99D4             >;
1014  99D4             >;       arg1 decides if input comes from BC or directly from HL
1014  99D4             >;            NB if directly from HL then L = tile X, H = tile Y
1014  99D4             >;
1014  99D4             >        if USE_BC = 0
1014  99D4 61          >        ld h, c                                     ; read the Y tile coordinate of the top-left corner we want
1014  99D5             >                                                    ; put it in H (this is the same as multiplying by 256)
1014  99D5 68          >        ld l, b                                     ; read the X tile coordinate into L
1014  99D6             >                                                    ; Result: HL now holds tile_y * 256 + tile_x
1014  99D6             >                                                    ; This is the byte offset into "world" map.
1014  99D6             >        endif
1014  99D6             >
1014  99D6             >    ; STEP 2: Calculate which 8K physical page the data lives in
1014  99D6 7C          >        ld   a,h                                    ; take the high byte of the offset (which is tile_y)
1014  99D7 CB 3F       >        srl  a                                      ; divide by 2
1014  99D9 CB 3F       >        srl  a                                      ; divide by 2 again  → now /4
1014  99DB CB 3F       >        srl  a                                      ; /8
1014  99DD CB 3F       >        srl  a                                      ; /16
1014  99DF CB 3F       >        srl  a                                      ; /32   ← this is the same as tile_y ÷ 32
1014  99E1             >                                                    ; Why divide by 32?
1014  99E1             >                                                    ;   Each page is 8192 bytes.
1014  99E1             >                                                    ;   Each row is 256 bytes.
1014  99E1             >                                                    ;   8192 ÷ 256 = exactly 32 rows per page.
1014  99E1             >                                                    ;   Therefore page number = 40 + (tile_y ÷ 32)
1014  99E1             >
1014  99E1 C6 2E       >        add  a, DFIELD_PAGE                                 ; add the starting page number
1014  99E3             >
1014  99E3 ED 92 56    >        nextreg $56,a                               ; set MMU slot 6 ($C000-$DFFF) to that page
1014  99E6             >
1014  99E6             >
1014  99E6             >    ; STEP 3: Keep only the part of the address that fits inside one 8K page
1014  99E6 7C          >        ld   a,h                                    ; get the high byte again
1014  99E7 E6 1F       >        and  $1F                                    ; $1F is binary 00011111 → keeps only the lowest 5 bits
1014  99E9             >                                                    ; This is exactly the same as (tile_y * 256 + tile_x) modulo 8192
1014  99E9             >                                                    ; (because 8192 = 2^13 and we are discarding everything above bit 12)
1014  99E9 67          >        ld   h,a                                    ; HL now holds the offset *inside* the current 8K page
1014  99EA             >
1014  99EA             >    ; STEP 4: add the page offset so we can read it
1014  99EA ED 34 00 C0 >        add  hl, $C000                              ; HL = $C000 + offset_inside_page
1014  99EE             >                                                    ; HL now points directly at the first byte we want to copy
1014  99EE 7E          >        ld a, (hl)                                  ; so get the byte
1015  99EF
1016  99EF DD 77 0A             ld (ix + baddieRecord.lastDist), a
1017  99F2 4F                   ld c, a                                     ; keep own distance in C for the mode test
1018  99F3                                                                  ; (B no longer needed; pickByField re-reads tileX/Y)
1019  99F3
1020  99F3 DD 7E 09             ld a, (ix + baddieRecord.mode)
1021  99F6 FE 02                cp mode_wander
1022  99F8 28 0F                jr z, .pickWander                           ; forced wander
1023  99FA
1024  99FA FE 01                cp mode_hunt
1025  99FC 28 05                jr z, .pickHunt                             ; forced hunt
1026  99FE
1027  99FE                      ; mode_auto: hunt only if own distance <= 253 (scent present)
1028  99FE 79                   ld a, c
1029  99FF FE FE                cp 254
1030  9A01 30 06                jr nc, .pickWander                          ; >=254 -> no scent -> wander
1031  9A03
1032  9A03              .pickHunt:
1033  9A03 CD 1A 9A             call pickByField                            ; A = chosen vdir, or 0 if none
1034  9A06 A7                   and a
1035  9A07 20 04                jr nz, .gotDir                              ; got a direction
1036  9A09                      ; fall through to wander if field gave nothing
1037  9A09
1038  9A09              .pickWander:
1039  9A09 7B                   ld a, e
1040  9A0A CD 83 9D             call random
1041  9A0D
1042  9A0D              .gotDir:
1043  9A0D 47                   ld b, a                                     ; B = chosen direction (vdir flag)
1044  9A0E
1045  9A0E              reverse:
1046  9A0E 78                   ld a, b                                     ; set d to be the reverse direction
1047  9A0F
1048  9A0F 87                   add a, a
1049  9A10 21 D3 9A             ld hl, baddieMoveLUT
1050  9A13 ED 31                add hl, a
1051  9A15 7E                   ld a, (hl)
1052  9A16 23                   inc hl
1053  9A17 66                   ld h, (hl)
1054  9A18 6F                   ld l, a
1055  9A19 E9                   jp (hl)
1056  9A1A
1057  9A1A              ; ============================================================
1058  9A1A              ; pickByField - of the available directions (mask in E), choose the
1059  9A1A              ; neighbour with the lowest field distance. Returns vdir flag in A,
1060  9A1A              ; or 0 if none usable. Reads tileX/tileY from the record.
1061  9A1A              ; ============================================================
1062  9A1A              pickByField:
1063  9A1A DD 46 05             ld b, (ix + baddieRecord.tileX)             ; get baddie tile X
1064  9A1D DD 4E 06             ld c, (ix + baddieRecord.tileY)             ; get baddie tile Y
1065  9A20 DD 7E 0A             ld a, (ix + baddieRecord.lastDist)  ; own-cell distance
1066  9A23 32 D1 9A             ld (pf_best), a                             ; save best found
1067  9A26
1068  9A26 AF                   xor a                                       ; A = 0
1069  9A27 32 D2 9A             ld (pf_dir), a                              ; current direction is nothing
1070  9A2A
1071  9A2A CB 43                bit dir_left, e
1072  9A2C 28 22                jr z, .noL
1073  9A2E 78                   ld a, b                                     ; get tile X
1074  9A2F 3D                   dec a                                       ; look left
1075  9A30 6F                   ld l, a                                     ; save in L, L= tile X
1076  9A31 61                   ld h, c                                     ; get tile Y
1077  9A32                      GET_WORLD_VALUE DFIELD_PAGE, USE_HL
1077  9A32             >; given B= tile X, C= tile Y, return "world" value at this position in the world map
1077  9A32             >;
1077  9A32             >;       arg  is TILEMAP_PAGE
1077  9A32             >;            or DFIELD_PAGE
1077  9A32             >;
1077  9A32             >;       arg1 decides if input comes from BC or directly from HL
1077  9A32             >;            NB if directly from HL then L = tile X, H = tile Y
1077  9A32             >;
1077  9A32             >        if USE_HL = 0
1077  9A32 ~           >        ld h, c                                     ; read the Y tile coordinate of the top-left corner we want
1077  9A32 ~           >                                                    ; put it in H (this is the same as multiplying by 256)
1077  9A32 ~           >        ld l, b                                     ; read the X tile coordinate into L
1077  9A32 ~           >                                                    ; Result: HL now holds tile_y * 256 + tile_x
1077  9A32 ~           >                                                    ; This is the byte offset into "world" map.
1077  9A32             >        endif
1077  9A32             >
1077  9A32             >    ; STEP 2: Calculate which 8K physical page the data lives in
1077  9A32 7C          >        ld   a,h                                    ; take the high byte of the offset (which is tile_y)
1077  9A33 CB 3F       >        srl  a                                      ; divide by 2
1077  9A35 CB 3F       >        srl  a                                      ; divide by 2 again  → now /4
1077  9A37 CB 3F       >        srl  a                                      ; /8
1077  9A39 CB 3F       >        srl  a                                      ; /16
1077  9A3B CB 3F       >        srl  a                                      ; /32   ← this is the same as tile_y ÷ 32
1077  9A3D             >                                                    ; Why divide by 32?
1077  9A3D             >                                                    ;   Each page is 8192 bytes.
1077  9A3D             >                                                    ;   Each row is 256 bytes.
1077  9A3D             >                                                    ;   8192 ÷ 256 = exactly 32 rows per page.
1077  9A3D             >                                                    ;   Therefore page number = 40 + (tile_y ÷ 32)
1077  9A3D             >
1077  9A3D C6 2E       >        add  a, DFIELD_PAGE                                 ; add the starting page number
1077  9A3F             >
1077  9A3F ED 92 56    >        nextreg $56,a                               ; set MMU slot 6 ($C000-$DFFF) to that page
1077  9A42             >
1077  9A42             >
1077  9A42             >    ; STEP 3: Keep only the part of the address that fits inside one 8K page
1077  9A42 7C          >        ld   a,h                                    ; get the high byte again
1077  9A43 E6 1F       >        and  $1F                                    ; $1F is binary 00011111 → keeps only the lowest 5 bits
1077  9A45             >                                                    ; This is exactly the same as (tile_y * 256 + tile_x) modulo 8192
1077  9A45             >                                                    ; (because 8192 = 2^13 and we are discarding everything above bit 12)
1077  9A45 67          >        ld   h,a                                    ; HL now holds the offset *inside* the current 8K page
1077  9A46             >
1077  9A46             >    ; STEP 4: add the page offset so we can read it
1077  9A46 ED 34 00 C0 >        add  hl, $C000                              ; HL = $C000 + offset_inside_page
1077  9A4A             >                                                    ; HL now points directly at the first byte we want to copy
1077  9A4A 7E          >        ld a, (hl)                                  ; so get the byte
1078  9A4B 16 01                ld d, vdir_left
1079  9A4D CD C6 9A             call .consider
1080  9A50              .noL:
1081  9A50 CB 4B                bit dir_right, e
1082  9A52 28 22                jr z, .noR
1083  9A54 78                   ld a, b
1084  9A55 3C                   inc a
1085  9A56 6F                   ld l, a
1086  9A57 61                   ld h, c
1087  9A58                      GET_WORLD_VALUE DFIELD_PAGE, USE_HL
1087  9A58             >; given B= tile X, C= tile Y, return "world" value at this position in the world map
1087  9A58             >;
1087  9A58             >;       arg  is TILEMAP_PAGE
1087  9A58             >;            or DFIELD_PAGE
1087  9A58             >;
1087  9A58             >;       arg1 decides if input comes from BC or directly from HL
1087  9A58             >;            NB if directly from HL then L = tile X, H = tile Y
1087  9A58             >;
1087  9A58             >        if USE_HL = 0
1087  9A58 ~           >        ld h, c                                     ; read the Y tile coordinate of the top-left corner we want
1087  9A58 ~           >                                                    ; put it in H (this is the same as multiplying by 256)
1087  9A58 ~           >        ld l, b                                     ; read the X tile coordinate into L
1087  9A58 ~           >                                                    ; Result: HL now holds tile_y * 256 + tile_x
1087  9A58 ~           >                                                    ; This is the byte offset into "world" map.
1087  9A58             >        endif
1087  9A58             >
1087  9A58             >    ; STEP 2: Calculate which 8K physical page the data lives in
1087  9A58 7C          >        ld   a,h                                    ; take the high byte of the offset (which is tile_y)
1087  9A59 CB 3F       >        srl  a                                      ; divide by 2
1087  9A5B CB 3F       >        srl  a                                      ; divide by 2 again  → now /4
1087  9A5D CB 3F       >        srl  a                                      ; /8
1087  9A5F CB 3F       >        srl  a                                      ; /16
1087  9A61 CB 3F       >        srl  a                                      ; /32   ← this is the same as tile_y ÷ 32
1087  9A63             >                                                    ; Why divide by 32?
1087  9A63             >                                                    ;   Each page is 8192 bytes.
1087  9A63             >                                                    ;   Each row is 256 bytes.
1087  9A63             >                                                    ;   8192 ÷ 256 = exactly 32 rows per page.
1087  9A63             >                                                    ;   Therefore page number = 40 + (tile_y ÷ 32)
1087  9A63             >
1087  9A63 C6 2E       >        add  a, DFIELD_PAGE                                 ; add the starting page number
1087  9A65             >
1087  9A65 ED 92 56    >        nextreg $56,a                               ; set MMU slot 6 ($C000-$DFFF) to that page
1087  9A68             >
1087  9A68             >
1087  9A68             >    ; STEP 3: Keep only the part of the address that fits inside one 8K page
1087  9A68 7C          >        ld   a,h                                    ; get the high byte again
1087  9A69 E6 1F       >        and  $1F                                    ; $1F is binary 00011111 → keeps only the lowest 5 bits
1087  9A6B             >                                                    ; This is exactly the same as (tile_y * 256 + tile_x) modulo 8192
1087  9A6B             >                                                    ; (because 8192 = 2^13 and we are discarding everything above bit 12)
1087  9A6B 67          >        ld   h,a                                    ; HL now holds the offset *inside* the current 8K page
1087  9A6C             >
1087  9A6C             >    ; STEP 4: add the page offset so we can read it
1087  9A6C ED 34 00 C0 >        add  hl, $C000                              ; HL = $C000 + offset_inside_page
1087  9A70             >                                                    ; HL now points directly at the first byte we want to copy
1087  9A70 7E          >        ld a, (hl)                                  ; so get the byte
1088  9A71 16 02                ld d, vdir_right
1089  9A73 CD C6 9A             call .consider
1090  9A76              .noR:
1091  9A76 CB 53                bit dir_down, e
1092  9A78 28 22                jr z, .noD
1093  9A7A 68                   ld l, b
1094  9A7B 79                   ld a, c
1095  9A7C 3C                   inc a
1096  9A7D 67                   ld h, a
1097  9A7E                      GET_WORLD_VALUE DFIELD_PAGE, USE_HL
1097  9A7E             >; given B= tile X, C= tile Y, return "world" value at this position in the world map
1097  9A7E             >;
1097  9A7E             >;       arg  is TILEMAP_PAGE
1097  9A7E             >;            or DFIELD_PAGE
1097  9A7E             >;
1097  9A7E             >;       arg1 decides if input comes from BC or directly from HL
1097  9A7E             >;            NB if directly from HL then L = tile X, H = tile Y
1097  9A7E             >;
1097  9A7E             >        if USE_HL = 0
1097  9A7E ~           >        ld h, c                                     ; read the Y tile coordinate of the top-left corner we want
1097  9A7E ~           >                                                    ; put it in H (this is the same as multiplying by 256)
1097  9A7E ~           >        ld l, b                                     ; read the X tile coordinate into L
1097  9A7E ~           >                                                    ; Result: HL now holds tile_y * 256 + tile_x
1097  9A7E ~           >                                                    ; This is the byte offset into "world" map.
1097  9A7E             >        endif
1097  9A7E             >
1097  9A7E             >    ; STEP 2: Calculate which 8K physical page the data lives in
1097  9A7E 7C          >        ld   a,h                                    ; take the high byte of the offset (which is tile_y)
1097  9A7F CB 3F       >        srl  a                                      ; divide by 2
1097  9A81 CB 3F       >        srl  a                                      ; divide by 2 again  → now /4
1097  9A83 CB 3F       >        srl  a                                      ; /8
1097  9A85 CB 3F       >        srl  a                                      ; /16
1097  9A87 CB 3F       >        srl  a                                      ; /32   ← this is the same as tile_y ÷ 32
1097  9A89             >                                                    ; Why divide by 32?
1097  9A89             >                                                    ;   Each page is 8192 bytes.
1097  9A89             >                                                    ;   Each row is 256 bytes.
1097  9A89             >                                                    ;   8192 ÷ 256 = exactly 32 rows per page.
1097  9A89             >                                                    ;   Therefore page number = 40 + (tile_y ÷ 32)
1097  9A89             >
1097  9A89 C6 2E       >        add  a, DFIELD_PAGE                                 ; add the starting page number
1097  9A8B             >
1097  9A8B ED 92 56    >        nextreg $56,a                               ; set MMU slot 6 ($C000-$DFFF) to that page
1097  9A8E             >
1097  9A8E             >
1097  9A8E             >    ; STEP 3: Keep only the part of the address that fits inside one 8K page
1097  9A8E 7C          >        ld   a,h                                    ; get the high byte again
1097  9A8F E6 1F       >        and  $1F                                    ; $1F is binary 00011111 → keeps only the lowest 5 bits
1097  9A91             >                                                    ; This is exactly the same as (tile_y * 256 + tile_x) modulo 8192
1097  9A91             >                                                    ; (because 8192 = 2^13 and we are discarding everything above bit 12)
1097  9A91 67          >        ld   h,a                                    ; HL now holds the offset *inside* the current 8K page
1097  9A92             >
1097  9A92             >    ; STEP 4: add the page offset so we can read it
1097  9A92 ED 34 00 C0 >        add  hl, $C000                              ; HL = $C000 + offset_inside_page
1097  9A96             >                                                    ; HL now points directly at the first byte we want to copy
1097  9A96 7E          >        ld a, (hl)                                  ; so get the byte
1098  9A97 16 04                ld d, vdir_down
1099  9A99 CD C6 9A             call .consider
1100  9A9C              .noD:
1101  9A9C CB 5B                bit dir_up, e
1102  9A9E 28 22                jr z, .noU
1103  9AA0 68                   ld l, b
1104  9AA1 79                   ld a, c
1105  9AA2 3D                   dec a
1106  9AA3 67                   ld h, a
1107  9AA4                      GET_WORLD_VALUE DFIELD_PAGE, USE_HL
1107  9AA4             >; given B= tile X, C= tile Y, return "world" value at this position in the world map
1107  9AA4             >;
1107  9AA4             >;       arg  is TILEMAP_PAGE
1107  9AA4             >;            or DFIELD_PAGE
1107  9AA4             >;
1107  9AA4             >;       arg1 decides if input comes from BC or directly from HL
1107  9AA4             >;            NB if directly from HL then L = tile X, H = tile Y
1107  9AA4             >;
1107  9AA4             >        if USE_HL = 0
1107  9AA4 ~           >        ld h, c                                     ; read the Y tile coordinate of the top-left corner we want
1107  9AA4 ~           >                                                    ; put it in H (this is the same as multiplying by 256)
1107  9AA4 ~           >        ld l, b                                     ; read the X tile coordinate into L
1107  9AA4 ~           >                                                    ; Result: HL now holds tile_y * 256 + tile_x
1107  9AA4 ~           >                                                    ; This is the byte offset into "world" map.
1107  9AA4             >        endif
1107  9AA4             >
1107  9AA4             >    ; STEP 2: Calculate which 8K physical page the data lives in
1107  9AA4 7C          >        ld   a,h                                    ; take the high byte of the offset (which is tile_y)
1107  9AA5 CB 3F       >        srl  a                                      ; divide by 2
1107  9AA7 CB 3F       >        srl  a                                      ; divide by 2 again  → now /4
1107  9AA9 CB 3F       >        srl  a                                      ; /8
1107  9AAB CB 3F       >        srl  a                                      ; /16
1107  9AAD CB 3F       >        srl  a                                      ; /32   ← this is the same as tile_y ÷ 32
1107  9AAF             >                                                    ; Why divide by 32?
1107  9AAF             >                                                    ;   Each page is 8192 bytes.
1107  9AAF             >                                                    ;   Each row is 256 bytes.
1107  9AAF             >                                                    ;   8192 ÷ 256 = exactly 32 rows per page.
1107  9AAF             >                                                    ;   Therefore page number = 40 + (tile_y ÷ 32)
1107  9AAF             >
1107  9AAF C6 2E       >        add  a, DFIELD_PAGE                                 ; add the starting page number
1107  9AB1             >
1107  9AB1 ED 92 56    >        nextreg $56,a                               ; set MMU slot 6 ($C000-$DFFF) to that page
1107  9AB4             >
1107  9AB4             >
1107  9AB4             >    ; STEP 3: Keep only the part of the address that fits inside one 8K page
1107  9AB4 7C          >        ld   a,h                                    ; get the high byte again
1107  9AB5 E6 1F       >        and  $1F                                    ; $1F is binary 00011111 → keeps only the lowest 5 bits
1107  9AB7             >                                                    ; This is exactly the same as (tile_y * 256 + tile_x) modulo 8192
1107  9AB7             >                                                    ; (because 8192 = 2^13 and we are discarding everything above bit 12)
1107  9AB7 67          >        ld   h,a                                    ; HL now holds the offset *inside* the current 8K page
1107  9AB8             >
1107  9AB8             >    ; STEP 4: add the page offset so we can read it
1107  9AB8 ED 34 00 C0 >        add  hl, $C000                              ; HL = $C000 + offset_inside_page
1107  9ABC             >                                                    ; HL now points directly at the first byte we want to copy
1107  9ABC 7E          >        ld a, (hl)                                  ; so get the byte
1108  9ABD 16 08                ld d, vdir_up
1109  9ABF CD C6 9A             call .consider
1110  9AC2              .noU:
1111  9AC2 3A D2 9A             ld a, (pf_dir)
1112  9AC5 C9                   ret
1113  9AC6
1114  9AC6              .consider:
1115  9AC6 21 D1 9A             ld hl, pf_best
1116  9AC9 BE                   cp (hl)
1117  9ACA D0                   ret nc                                      ; candidate >= best -> keep
1118  9ACB 77                   ld (hl), a
1119  9ACC 7A                   ld a, d
1120  9ACD 32 D2 9A             ld (pf_dir), a
1121  9AD0 C9                   ret
1122  9AD1
1123  9AD1 00           pf_best     db 0
1124  9AD2 00           pf_dir      db 0
1125  9AD3
1126  9AD3
1127  9AD3              baddieMoveLUT:
1128  9AD3 00 00 91 9C  defw    0, doMoveLeft1, doMoveRight1, 0, doMoveDown1, 0, 0, 0, doMoveUp1
1128  9AD7 A6 9C 00 00
1128  9ADB BB 9C 00 00
1128  9ADF 00 00 00 00
1128  9AE3 D0 9C
1129  9AE5
1130  9AE5              chkLeft1
1131  9AE5 FD 7D                ld a, iyl                                   ; we only want to test horizontal moves if baddie Y is exactly on a tile
1132  9AE7 A7                   and a                                       ; is it?
1133  9AE8 C0                   ret nz                                      ; return if not
1134  9AE9
1135  9AE9 2A 6D 91             ld hl, (baddie_x)                           ; get current baddie X pixel
1136  9AEC 01 01 00             ld bc, move_delta_baddie                    ; x pixel delta
1137  9AEF ED 42                sbc hl, bc                                  ; simulate move left
1138  9AF1
1139  9AF1                      ; now test if we have bumped into a wall
1140  9AF1                      DIV_HL_8                                    ; divide by 8 to get tile X
1140  9AF1             >; simple 16-bit divide without the CALL/RET overhead
1140  9AF1 CB 3C       >        srl h                                       ; divide by 2
1140  9AF3 CB 1D       >        rr l
1140  9AF5 CB 3C       >        srl h                                       ; divide by 4
1140  9AF7 CB 1D       >        rr l
1140  9AF9 CB 3C       >        srl h                                       ; divide by 8
1140  9AFB CB 1D       >        rr l
1141  9AFD 45                   ld b, l                                     ; B = tile X
1142  9AFE 2A 6F 91             ld hl, (baddie_y)                           ; get current baddie Y pixel
1143  9B01                      DIV_HL_8                                    ; divide by 8 to get tile Y
1143  9B01             >; simple 16-bit divide without the CALL/RET overhead
1143  9B01 CB 3C       >        srl h                                       ; divide by 2
1143  9B03 CB 1D       >        rr l
1143  9B05 CB 3C       >        srl h                                       ; divide by 4
1143  9B07 CB 1D       >        rr l
1143  9B09 CB 3C       >        srl h                                       ; divide by 8
1143  9B0B CB 1D       >        rr l
1144  9B0D 4D                   ld c, l                                     ; C = tile Y
1145  9B0E                      GET_WORLD_VALUE TILEMAP_PAGE, USE_BC        ; see what tile is here
1145  9B0E             >; given B= tile X, C= tile Y, return "world" value at this position in the world map
1145  9B0E             >;
1145  9B0E             >;       arg  is TILEMAP_PAGE
1145  9B0E             >;            or DFIELD_PAGE
1145  9B0E             >;
1145  9B0E             >;       arg1 decides if input comes from BC or directly from HL
1145  9B0E             >;            NB if directly from HL then L = tile X, H = tile Y
1145  9B0E             >;
1145  9B0E             >        if USE_BC = 0
1145  9B0E 61          >        ld h, c                                     ; read the Y tile coordinate of the top-left corner we want
1145  9B0F             >                                                    ; put it in H (this is the same as multiplying by 256)
1145  9B0F 68          >        ld l, b                                     ; read the X tile coordinate into L
1145  9B10             >                                                    ; Result: HL now holds tile_y * 256 + tile_x
1145  9B10             >                                                    ; This is the byte offset into "world" map.
1145  9B10             >        endif
1145  9B10             >
1145  9B10             >    ; STEP 2: Calculate which 8K physical page the data lives in
1145  9B10 7C          >        ld   a,h                                    ; take the high byte of the offset (which is tile_y)
1145  9B11 CB 3F       >        srl  a                                      ; divide by 2
1145  9B13 CB 3F       >        srl  a                                      ; divide by 2 again  → now /4
1145  9B15 CB 3F       >        srl  a                                      ; /8
1145  9B17 CB 3F       >        srl  a                                      ; /16
1145  9B19 CB 3F       >        srl  a                                      ; /32   ← this is the same as tile_y ÷ 32
1145  9B1B             >                                                    ; Why divide by 32?
1145  9B1B             >                                                    ;   Each page is 8192 bytes.
1145  9B1B             >                                                    ;   Each row is 256 bytes.
1145  9B1B             >                                                    ;   8192 ÷ 256 = exactly 32 rows per page.
1145  9B1B             >                                                    ;   Therefore page number = 40 + (tile_y ÷ 32)
1145  9B1B             >
1145  9B1B C6 28       >        add  a, TILEMAP_PAGE                                 ; add the starting page number
1145  9B1D             >
1145  9B1D ED 92 56    >        nextreg $56,a                               ; set MMU slot 6 ($C000-$DFFF) to that page
1145  9B20             >
1145  9B20             >
1145  9B20             >    ; STEP 3: Keep only the part of the address that fits inside one 8K page
1145  9B20 7C          >        ld   a,h                                    ; get the high byte again
1145  9B21 E6 1F       >        and  $1F                                    ; $1F is binary 00011111 → keeps only the lowest 5 bits
1145  9B23             >                                                    ; This is exactly the same as (tile_y * 256 + tile_x) modulo 8192
1145  9B23             >                                                    ; (because 8192 = 2^13 and we are discarding everything above bit 12)
1145  9B23 67          >        ld   h,a                                    ; HL now holds the offset *inside* the current 8K page
1145  9B24             >
1145  9B24             >    ; STEP 4: add the page offset so we can read it
1145  9B24 ED 34 00 C0 >        add  hl, $C000                              ; HL = $C000 + offset_inside_page
1145  9B28             >                                                    ; HL now points directly at the first byte we want to copy
1145  9B28 7E          >        ld a, (hl)                                  ; so get the byte
1146  9B29 FE 01                cp MAP_WALL                                 ; is it a wall?
1147  9B2B C8                   ret z                                       ; return if so, do nothing
1148  9B2C
1149  9B2C 0C                   inc c                                       ; sprites are 2 tiles tall, so we will check tile Y+1
1150  9B2D                      GET_WORLD_VALUE TILEMAP_PAGE, USE_BC        ; see what tile is here
1150  9B2D             >; given B= tile X, C= tile Y, return "world" value at this position in the world map
1150  9B2D             >;
1150  9B2D             >;       arg  is TILEMAP_PAGE
1150  9B2D             >;            or DFIELD_PAGE
1150  9B2D             >;
1150  9B2D             >;       arg1 decides if input comes from BC or directly from HL
1150  9B2D             >;            NB if directly from HL then L = tile X, H = tile Y
1150  9B2D             >;
1150  9B2D             >        if USE_BC = 0
1150  9B2D 61          >        ld h, c                                     ; read the Y tile coordinate of the top-left corner we want
1150  9B2E             >                                                    ; put it in H (this is the same as multiplying by 256)
1150  9B2E 68          >        ld l, b                                     ; read the X tile coordinate into L
1150  9B2F             >                                                    ; Result: HL now holds tile_y * 256 + tile_x
1150  9B2F             >                                                    ; This is the byte offset into "world" map.
1150  9B2F             >        endif
1150  9B2F             >
1150  9B2F             >    ; STEP 2: Calculate which 8K physical page the data lives in
1150  9B2F 7C          >        ld   a,h                                    ; take the high byte of the offset (which is tile_y)
1150  9B30 CB 3F       >        srl  a                                      ; divide by 2
1150  9B32 CB 3F       >        srl  a                                      ; divide by 2 again  → now /4
1150  9B34 CB 3F       >        srl  a                                      ; /8
1150  9B36 CB 3F       >        srl  a                                      ; /16
1150  9B38 CB 3F       >        srl  a                                      ; /32   ← this is the same as tile_y ÷ 32
1150  9B3A             >                                                    ; Why divide by 32?
1150  9B3A             >                                                    ;   Each page is 8192 bytes.
1150  9B3A             >                                                    ;   Each row is 256 bytes.
1150  9B3A             >                                                    ;   8192 ÷ 256 = exactly 32 rows per page.
1150  9B3A             >                                                    ;   Therefore page number = 40 + (tile_y ÷ 32)
1150  9B3A             >
1150  9B3A C6 28       >        add  a, TILEMAP_PAGE                                 ; add the starting page number
1150  9B3C             >
1150  9B3C ED 92 56    >        nextreg $56,a                               ; set MMU slot 6 ($C000-$DFFF) to that page
1150  9B3F             >
1150  9B3F             >
1150  9B3F             >    ; STEP 3: Keep only the part of the address that fits inside one 8K page
1150  9B3F 7C          >        ld   a,h                                    ; get the high byte again
1150  9B40 E6 1F       >        and  $1F                                    ; $1F is binary 00011111 → keeps only the lowest 5 bits
1150  9B42             >                                                    ; This is exactly the same as (tile_y * 256 + tile_x) modulo 8192
1150  9B42             >                                                    ; (because 8192 = 2^13 and we are discarding everything above bit 12)
1150  9B42 67          >        ld   h,a                                    ; HL now holds the offset *inside* the current 8K page
1150  9B43             >
1150  9B43             >    ; STEP 4: add the page offset so we can read it
1150  9B43 ED 34 00 C0 >        add  hl, $C000                              ; HL = $C000 + offset_inside_page
1150  9B47             >                                                    ; HL now points directly at the first byte we want to copy
1150  9B47 7E          >        ld a, (hl)                                  ; so get the byte
1151  9B48 FE 01                cp MAP_WALL                                 ; is it a wall?
1152  9B4A C8                   ret z                                       ; return if so, do nothing
1153  9B4B
1154  9B4B CB C3                set dir_left, e                             ; set bit in E indicating move is allowed
1155  9B4D C9                   ret                                         ; and return
1156  9B4E
1157  9B4E              chkRight1
1158  9B4E FD 7D                ld a, iyl                                   ; we only want to test horizontal moves if baddie Y is exactly on a tile
1159  9B50 A7                   and a                                       ; is it?
1160  9B51 C0                   ret nz                                      ; return if not
1161  9B52
1162  9B52 2A 6D 91             ld hl, (baddie_x)
1163  9B55 01 01 00     	    ld bc, move_delta_baddie                    ; get move delta
1164  9B58 ED 4A                adc hl, bc
1165  9B5A
1166  9B5A                      ; now test if we have bumped into a wall
1167  9B5A ED 34 0F 00          add hl, 15                                  ; the sprite extends 0-15px right
1168  9B5E                      DIV_HL_8
1168  9B5E             >; simple 16-bit divide without the CALL/RET overhead
1168  9B5E CB 3C       >        srl h                                       ; divide by 2
1168  9B60 CB 1D       >        rr l
1168  9B62 CB 3C       >        srl h                                       ; divide by 4
1168  9B64 CB 1D       >        rr l
1168  9B66 CB 3C       >        srl h                                       ; divide by 8
1168  9B68 CB 1D       >        rr l
1169  9B6A 45                   ld b, l
1170  9B6B 2A 6F 91             ld hl, (baddie_y)
1171  9B6E                      DIV_HL_8
1171  9B6E             >; simple 16-bit divide without the CALL/RET overhead
1171  9B6E CB 3C       >        srl h                                       ; divide by 2
1171  9B70 CB 1D       >        rr l
1171  9B72 CB 3C       >        srl h                                       ; divide by 4
1171  9B74 CB 1D       >        rr l
1171  9B76 CB 3C       >        srl h                                       ; divide by 8
1171  9B78 CB 1D       >        rr l
1172  9B7A 4D                   ld c, l
1173  9B7B                      GET_WORLD_VALUE TILEMAP_PAGE, USE_BC
1173  9B7B             >; given B= tile X, C= tile Y, return "world" value at this position in the world map
1173  9B7B             >;
1173  9B7B             >;       arg  is TILEMAP_PAGE
1173  9B7B             >;            or DFIELD_PAGE
1173  9B7B             >;
1173  9B7B             >;       arg1 decides if input comes from BC or directly from HL
1173  9B7B             >;            NB if directly from HL then L = tile X, H = tile Y
1173  9B7B             >;
1173  9B7B             >        if USE_BC = 0
1173  9B7B 61          >        ld h, c                                     ; read the Y tile coordinate of the top-left corner we want
1173  9B7C             >                                                    ; put it in H (this is the same as multiplying by 256)
1173  9B7C 68          >        ld l, b                                     ; read the X tile coordinate into L
1173  9B7D             >                                                    ; Result: HL now holds tile_y * 256 + tile_x
1173  9B7D             >                                                    ; This is the byte offset into "world" map.
1173  9B7D             >        endif
1173  9B7D             >
1173  9B7D             >    ; STEP 2: Calculate which 8K physical page the data lives in
1173  9B7D 7C          >        ld   a,h                                    ; take the high byte of the offset (which is tile_y)
1173  9B7E CB 3F       >        srl  a                                      ; divide by 2
1173  9B80 CB 3F       >        srl  a                                      ; divide by 2 again  → now /4
1173  9B82 CB 3F       >        srl  a                                      ; /8
1173  9B84 CB 3F       >        srl  a                                      ; /16
1173  9B86 CB 3F       >        srl  a                                      ; /32   ← this is the same as tile_y ÷ 32
1173  9B88             >                                                    ; Why divide by 32?
1173  9B88             >                                                    ;   Each page is 8192 bytes.
1173  9B88             >                                                    ;   Each row is 256 bytes.
1173  9B88             >                                                    ;   8192 ÷ 256 = exactly 32 rows per page.
1173  9B88             >                                                    ;   Therefore page number = 40 + (tile_y ÷ 32)
1173  9B88             >
1173  9B88 C6 28       >        add  a, TILEMAP_PAGE                                 ; add the starting page number
1173  9B8A             >
1173  9B8A ED 92 56    >        nextreg $56,a                               ; set MMU slot 6 ($C000-$DFFF) to that page
1173  9B8D             >
1173  9B8D             >
1173  9B8D             >    ; STEP 3: Keep only the part of the address that fits inside one 8K page
1173  9B8D 7C          >        ld   a,h                                    ; get the high byte again
1173  9B8E E6 1F       >        and  $1F                                    ; $1F is binary 00011111 → keeps only the lowest 5 bits
1173  9B90             >                                                    ; This is exactly the same as (tile_y * 256 + tile_x) modulo 8192
1173  9B90             >                                                    ; (because 8192 = 2^13 and we are discarding everything above bit 12)
1173  9B90 67          >        ld   h,a                                    ; HL now holds the offset *inside* the current 8K page
1173  9B91             >
1173  9B91             >    ; STEP 4: add the page offset so we can read it
1173  9B91 ED 34 00 C0 >        add  hl, $C000                              ; HL = $C000 + offset_inside_page
1173  9B95             >                                                    ; HL now points directly at the first byte we want to copy
1173  9B95 7E          >        ld a, (hl)                                  ; so get the byte
1174  9B96 FE 01                cp MAP_WALL
1175  9B98 C8                   ret z
1176  9B99 0C                   inc c
1177  9B9A                      GET_WORLD_VALUE TILEMAP_PAGE, USE_BC
1177  9B9A             >; given B= tile X, C= tile Y, return "world" value at this position in the world map
1177  9B9A             >;
1177  9B9A             >;       arg  is TILEMAP_PAGE
1177  9B9A             >;            or DFIELD_PAGE
1177  9B9A             >;
1177  9B9A             >;       arg1 decides if input comes from BC or directly from HL
1177  9B9A             >;            NB if directly from HL then L = tile X, H = tile Y
1177  9B9A             >;
1177  9B9A             >        if USE_BC = 0
1177  9B9A 61          >        ld h, c                                     ; read the Y tile coordinate of the top-left corner we want
1177  9B9B             >                                                    ; put it in H (this is the same as multiplying by 256)
1177  9B9B 68          >        ld l, b                                     ; read the X tile coordinate into L
1177  9B9C             >                                                    ; Result: HL now holds tile_y * 256 + tile_x
1177  9B9C             >                                                    ; This is the byte offset into "world" map.
1177  9B9C             >        endif
1177  9B9C             >
1177  9B9C             >    ; STEP 2: Calculate which 8K physical page the data lives in
1177  9B9C 7C          >        ld   a,h                                    ; take the high byte of the offset (which is tile_y)
1177  9B9D CB 3F       >        srl  a                                      ; divide by 2
1177  9B9F CB 3F       >        srl  a                                      ; divide by 2 again  → now /4
1177  9BA1 CB 3F       >        srl  a                                      ; /8
1177  9BA3 CB 3F       >        srl  a                                      ; /16
1177  9BA5 CB 3F       >        srl  a                                      ; /32   ← this is the same as tile_y ÷ 32
1177  9BA7             >                                                    ; Why divide by 32?
1177  9BA7             >                                                    ;   Each page is 8192 bytes.
1177  9BA7             >                                                    ;   Each row is 256 bytes.
1177  9BA7             >                                                    ;   8192 ÷ 256 = exactly 32 rows per page.
1177  9BA7             >                                                    ;   Therefore page number = 40 + (tile_y ÷ 32)
1177  9BA7             >
1177  9BA7 C6 28       >        add  a, TILEMAP_PAGE                                 ; add the starting page number
1177  9BA9             >
1177  9BA9 ED 92 56    >        nextreg $56,a                               ; set MMU slot 6 ($C000-$DFFF) to that page
1177  9BAC             >
1177  9BAC             >
1177  9BAC             >    ; STEP 3: Keep only the part of the address that fits inside one 8K page
1177  9BAC 7C          >        ld   a,h                                    ; get the high byte again
1177  9BAD E6 1F       >        and  $1F                                    ; $1F is binary 00011111 → keeps only the lowest 5 bits
1177  9BAF             >                                                    ; This is exactly the same as (tile_y * 256 + tile_x) modulo 8192
1177  9BAF             >                                                    ; (because 8192 = 2^13 and we are discarding everything above bit 12)
1177  9BAF 67          >        ld   h,a                                    ; HL now holds the offset *inside* the current 8K page
1177  9BB0             >
1177  9BB0             >    ; STEP 4: add the page offset so we can read it
1177  9BB0 ED 34 00 C0 >        add  hl, $C000                              ; HL = $C000 + offset_inside_page
1177  9BB4             >                                                    ; HL now points directly at the first byte we want to copy
1177  9BB4 7E          >        ld a, (hl)                                  ; so get the byte
1178  9BB5 FE 01                cp MAP_WALL
1179  9BB7 C8                   ret z
1180  9BB8
1181  9BB8 CB CB                set dir_right, e
1182  9BBA C9                   ret
1183  9BBB
1184  9BBB              chkDown1
1185  9BBB FD 7C                ld a, iyh                                   ; we only want to test vertical moves if baddie X is exactly on a tile
1186  9BBD A7                   and a                                       ; is it?
1187  9BBE C0                   ret nz                                      ; return if not
1188  9BBF
1189  9BBF 2A 6F 91             ld hl, (baddie_y)
1190  9BC2 01 01 00             ld bc, move_delta_baddie                    ; get pixel delta
1191  9BC5 ED 4A                adc hl, bc                                  ; do move
1192  9BC7
1193  9BC7                      ; now test if we have bumped into a wall
1194  9BC7 ED 34 0F 00          add hl, 15                                  ; the sprite extends 0-15px down
1195  9BCB                      DIV_HL_8
1195  9BCB             >; simple 16-bit divide without the CALL/RET overhead
1195  9BCB CB 3C       >        srl h                                       ; divide by 2
1195  9BCD CB 1D       >        rr l
1195  9BCF CB 3C       >        srl h                                       ; divide by 4
1195  9BD1 CB 1D       >        rr l
1195  9BD3 CB 3C       >        srl h                                       ; divide by 8
1195  9BD5 CB 1D       >        rr l
1196  9BD7 4D                   ld c, l
1197  9BD8 2A 6D 91             ld hl, (baddie_x)
1198  9BDB                      DIV_HL_8
1198  9BDB             >; simple 16-bit divide without the CALL/RET overhead
1198  9BDB CB 3C       >        srl h                                       ; divide by 2
1198  9BDD CB 1D       >        rr l
1198  9BDF CB 3C       >        srl h                                       ; divide by 4
1198  9BE1 CB 1D       >        rr l
1198  9BE3 CB 3C       >        srl h                                       ; divide by 8
1198  9BE5 CB 1D       >        rr l
1199  9BE7 45                   ld b, l
1200  9BE8                      GET_WORLD_VALUE TILEMAP_PAGE, USE_BC
1200  9BE8             >; given B= tile X, C= tile Y, return "world" value at this position in the world map
1200  9BE8             >;
1200  9BE8             >;       arg  is TILEMAP_PAGE
1200  9BE8             >;            or DFIELD_PAGE
1200  9BE8             >;
1200  9BE8             >;       arg1 decides if input comes from BC or directly from HL
1200  9BE8             >;            NB if directly from HL then L = tile X, H = tile Y
1200  9BE8             >;
1200  9BE8             >        if USE_BC = 0
1200  9BE8 61          >        ld h, c                                     ; read the Y tile coordinate of the top-left corner we want
1200  9BE9             >                                                    ; put it in H (this is the same as multiplying by 256)
1200  9BE9 68          >        ld l, b                                     ; read the X tile coordinate into L
1200  9BEA             >                                                    ; Result: HL now holds tile_y * 256 + tile_x
1200  9BEA             >                                                    ; This is the byte offset into "world" map.
1200  9BEA             >        endif
1200  9BEA             >
1200  9BEA             >    ; STEP 2: Calculate which 8K physical page the data lives in
1200  9BEA 7C          >        ld   a,h                                    ; take the high byte of the offset (which is tile_y)
1200  9BEB CB 3F       >        srl  a                                      ; divide by 2
1200  9BED CB 3F       >        srl  a                                      ; divide by 2 again  → now /4
1200  9BEF CB 3F       >        srl  a                                      ; /8
1200  9BF1 CB 3F       >        srl  a                                      ; /16
1200  9BF3 CB 3F       >        srl  a                                      ; /32   ← this is the same as tile_y ÷ 32
1200  9BF5             >                                                    ; Why divide by 32?
1200  9BF5             >                                                    ;   Each page is 8192 bytes.
1200  9BF5             >                                                    ;   Each row is 256 bytes.
1200  9BF5             >                                                    ;   8192 ÷ 256 = exactly 32 rows per page.
1200  9BF5             >                                                    ;   Therefore page number = 40 + (tile_y ÷ 32)
1200  9BF5             >
1200  9BF5 C6 28       >        add  a, TILEMAP_PAGE                                 ; add the starting page number
1200  9BF7             >
1200  9BF7 ED 92 56    >        nextreg $56,a                               ; set MMU slot 6 ($C000-$DFFF) to that page
1200  9BFA             >
1200  9BFA             >
1200  9BFA             >    ; STEP 3: Keep only the part of the address that fits inside one 8K page
1200  9BFA 7C          >        ld   a,h                                    ; get the high byte again
1200  9BFB E6 1F       >        and  $1F                                    ; $1F is binary 00011111 → keeps only the lowest 5 bits
1200  9BFD             >                                                    ; This is exactly the same as (tile_y * 256 + tile_x) modulo 8192
1200  9BFD             >                                                    ; (because 8192 = 2^13 and we are discarding everything above bit 12)
1200  9BFD 67          >        ld   h,a                                    ; HL now holds the offset *inside* the current 8K page
1200  9BFE             >
1200  9BFE             >    ; STEP 4: add the page offset so we can read it
1200  9BFE ED 34 00 C0 >        add  hl, $C000                              ; HL = $C000 + offset_inside_page
1200  9C02             >                                                    ; HL now points directly at the first byte we want to copy
1200  9C02 7E          >        ld a, (hl)                                  ; so get the byte
1201  9C03 FE 01                cp MAP_WALL
1202  9C05 C8                   ret z
1203  9C06 04                   inc b
1204  9C07                      GET_WORLD_VALUE TILEMAP_PAGE, USE_BC
1204  9C07             >; given B= tile X, C= tile Y, return "world" value at this position in the world map
1204  9C07             >;
1204  9C07             >;       arg  is TILEMAP_PAGE
1204  9C07             >;            or DFIELD_PAGE
1204  9C07             >;
1204  9C07             >;       arg1 decides if input comes from BC or directly from HL
1204  9C07             >;            NB if directly from HL then L = tile X, H = tile Y
1204  9C07             >;
1204  9C07             >        if USE_BC = 0
1204  9C07 61          >        ld h, c                                     ; read the Y tile coordinate of the top-left corner we want
1204  9C08             >                                                    ; put it in H (this is the same as multiplying by 256)
1204  9C08 68          >        ld l, b                                     ; read the X tile coordinate into L
1204  9C09             >                                                    ; Result: HL now holds tile_y * 256 + tile_x
1204  9C09             >                                                    ; This is the byte offset into "world" map.
1204  9C09             >        endif
1204  9C09             >
1204  9C09             >    ; STEP 2: Calculate which 8K physical page the data lives in
1204  9C09 7C          >        ld   a,h                                    ; take the high byte of the offset (which is tile_y)
1204  9C0A CB 3F       >        srl  a                                      ; divide by 2
1204  9C0C CB 3F       >        srl  a                                      ; divide by 2 again  → now /4
1204  9C0E CB 3F       >        srl  a                                      ; /8
1204  9C10 CB 3F       >        srl  a                                      ; /16
1204  9C12 CB 3F       >        srl  a                                      ; /32   ← this is the same as tile_y ÷ 32
1204  9C14             >                                                    ; Why divide by 32?
1204  9C14             >                                                    ;   Each page is 8192 bytes.
1204  9C14             >                                                    ;   Each row is 256 bytes.
1204  9C14             >                                                    ;   8192 ÷ 256 = exactly 32 rows per page.
1204  9C14             >                                                    ;   Therefore page number = 40 + (tile_y ÷ 32)
1204  9C14             >
1204  9C14 C6 28       >        add  a, TILEMAP_PAGE                                 ; add the starting page number
1204  9C16             >
1204  9C16 ED 92 56    >        nextreg $56,a                               ; set MMU slot 6 ($C000-$DFFF) to that page
1204  9C19             >
1204  9C19             >
1204  9C19             >    ; STEP 3: Keep only the part of the address that fits inside one 8K page
1204  9C19 7C          >        ld   a,h                                    ; get the high byte again
1204  9C1A E6 1F       >        and  $1F                                    ; $1F is binary 00011111 → keeps only the lowest 5 bits
1204  9C1C             >                                                    ; This is exactly the same as (tile_y * 256 + tile_x) modulo 8192
1204  9C1C             >                                                    ; (because 8192 = 2^13 and we are discarding everything above bit 12)
1204  9C1C 67          >        ld   h,a                                    ; HL now holds the offset *inside* the current 8K page
1204  9C1D             >
1204  9C1D             >    ; STEP 4: add the page offset so we can read it
1204  9C1D ED 34 00 C0 >        add  hl, $C000                              ; HL = $C000 + offset_inside_page
1204  9C21             >                                                    ; HL now points directly at the first byte we want to copy
1204  9C21 7E          >        ld a, (hl)                                  ; so get the byte
1205  9C22 FE 01                cp MAP_WALL
1206  9C24 C8                   ret z
1207  9C25
1208  9C25 CB D3                set dir_down, e
1209  9C27 C9                   ret
1210  9C28
1211  9C28              chkUp1
1212  9C28 FD 7C                ld a, iyh                                   ; we only want to test vertical moves if baddie X is exactly on a tile
1213  9C2A A7                   and a                                       ; is it?
1214  9C2B C0                   ret nz                                      ; return if not
1215  9C2C
1216  9C2C 2A 6F 91             ld hl, (baddie_y)
1217  9C2F 01 01 00             ld bc, move_delta_baddie                    ; get pixel delta
1218  9C32 ED 42                sbc hl, bc                                  ; do move
1219  9C34
1220  9C34                      ; now test if we have bumped into a wall
1221  9C34                      DIV_HL_8
1221  9C34             >; simple 16-bit divide without the CALL/RET overhead
1221  9C34 CB 3C       >        srl h                                       ; divide by 2
1221  9C36 CB 1D       >        rr l
1221  9C38 CB 3C       >        srl h                                       ; divide by 4
1221  9C3A CB 1D       >        rr l
1221  9C3C CB 3C       >        srl h                                       ; divide by 8
1221  9C3E CB 1D       >        rr l
1222  9C40 4D                   ld c, l
1223  9C41 2A 6D 91             ld hl, (baddie_x)
1224  9C44                      DIV_HL_8
1224  9C44             >; simple 16-bit divide without the CALL/RET overhead
1224  9C44 CB 3C       >        srl h                                       ; divide by 2
1224  9C46 CB 1D       >        rr l
1224  9C48 CB 3C       >        srl h                                       ; divide by 4
1224  9C4A CB 1D       >        rr l
1224  9C4C CB 3C       >        srl h                                       ; divide by 8
1224  9C4E CB 1D       >        rr l
1225  9C50 45                   ld b, l
1226  9C51                      GET_WORLD_VALUE TILEMAP_PAGE, USE_BC
1226  9C51             >; given B= tile X, C= tile Y, return "world" value at this position in the world map
1226  9C51             >;
1226  9C51             >;       arg  is TILEMAP_PAGE
1226  9C51             >;            or DFIELD_PAGE
1226  9C51             >;
1226  9C51             >;       arg1 decides if input comes from BC or directly from HL
1226  9C51             >;            NB if directly from HL then L = tile X, H = tile Y
1226  9C51             >;
1226  9C51             >        if USE_BC = 0
1226  9C51 61          >        ld h, c                                     ; read the Y tile coordinate of the top-left corner we want
1226  9C52             >                                                    ; put it in H (this is the same as multiplying by 256)
1226  9C52 68          >        ld l, b                                     ; read the X tile coordinate into L
1226  9C53             >                                                    ; Result: HL now holds tile_y * 256 + tile_x
1226  9C53             >                                                    ; This is the byte offset into "world" map.
1226  9C53             >        endif
1226  9C53             >
1226  9C53             >    ; STEP 2: Calculate which 8K physical page the data lives in
1226  9C53 7C          >        ld   a,h                                    ; take the high byte of the offset (which is tile_y)
1226  9C54 CB 3F       >        srl  a                                      ; divide by 2
1226  9C56 CB 3F       >        srl  a                                      ; divide by 2 again  → now /4
1226  9C58 CB 3F       >        srl  a                                      ; /8
1226  9C5A CB 3F       >        srl  a                                      ; /16
1226  9C5C CB 3F       >        srl  a                                      ; /32   ← this is the same as tile_y ÷ 32
1226  9C5E             >                                                    ; Why divide by 32?
1226  9C5E             >                                                    ;   Each page is 8192 bytes.
1226  9C5E             >                                                    ;   Each row is 256 bytes.
1226  9C5E             >                                                    ;   8192 ÷ 256 = exactly 32 rows per page.
1226  9C5E             >                                                    ;   Therefore page number = 40 + (tile_y ÷ 32)
1226  9C5E             >
1226  9C5E C6 28       >        add  a, TILEMAP_PAGE                                 ; add the starting page number
1226  9C60             >
1226  9C60 ED 92 56    >        nextreg $56,a                               ; set MMU slot 6 ($C000-$DFFF) to that page
1226  9C63             >
1226  9C63             >
1226  9C63             >    ; STEP 3: Keep only the part of the address that fits inside one 8K page
1226  9C63 7C          >        ld   a,h                                    ; get the high byte again
1226  9C64 E6 1F       >        and  $1F                                    ; $1F is binary 00011111 → keeps only the lowest 5 bits
1226  9C66             >                                                    ; This is exactly the same as (tile_y * 256 + tile_x) modulo 8192
1226  9C66             >                                                    ; (because 8192 = 2^13 and we are discarding everything above bit 12)
1226  9C66 67          >        ld   h,a                                    ; HL now holds the offset *inside* the current 8K page
1226  9C67             >
1226  9C67             >    ; STEP 4: add the page offset so we can read it
1226  9C67 ED 34 00 C0 >        add  hl, $C000                              ; HL = $C000 + offset_inside_page
1226  9C6B             >                                                    ; HL now points directly at the first byte we want to copy
1226  9C6B 7E          >        ld a, (hl)                                  ; so get the byte
1227  9C6C FE 01                cp MAP_WALL
1228  9C6E C8                   ret z
1229  9C6F 04                   inc b
1230  9C70                      GET_WORLD_VALUE TILEMAP_PAGE, USE_BC
1230  9C70             >; given B= tile X, C= tile Y, return "world" value at this position in the world map
1230  9C70             >;
1230  9C70             >;       arg  is TILEMAP_PAGE
1230  9C70             >;            or DFIELD_PAGE
1230  9C70             >;
1230  9C70             >;       arg1 decides if input comes from BC or directly from HL
1230  9C70             >;            NB if directly from HL then L = tile X, H = tile Y
1230  9C70             >;
1230  9C70             >        if USE_BC = 0
1230  9C70 61          >        ld h, c                                     ; read the Y tile coordinate of the top-left corner we want
1230  9C71             >                                                    ; put it in H (this is the same as multiplying by 256)
1230  9C71 68          >        ld l, b                                     ; read the X tile coordinate into L
1230  9C72             >                                                    ; Result: HL now holds tile_y * 256 + tile_x
1230  9C72             >                                                    ; This is the byte offset into "world" map.
1230  9C72             >        endif
1230  9C72             >
1230  9C72             >    ; STEP 2: Calculate which 8K physical page the data lives in
1230  9C72 7C          >        ld   a,h                                    ; take the high byte of the offset (which is tile_y)
1230  9C73 CB 3F       >        srl  a                                      ; divide by 2
1230  9C75 CB 3F       >        srl  a                                      ; divide by 2 again  → now /4
1230  9C77 CB 3F       >        srl  a                                      ; /8
1230  9C79 CB 3F       >        srl  a                                      ; /16
1230  9C7B CB 3F       >        srl  a                                      ; /32   ← this is the same as tile_y ÷ 32
1230  9C7D             >                                                    ; Why divide by 32?
1230  9C7D             >                                                    ;   Each page is 8192 bytes.
1230  9C7D             >                                                    ;   Each row is 256 bytes.
1230  9C7D             >                                                    ;   8192 ÷ 256 = exactly 32 rows per page.
1230  9C7D             >                                                    ;   Therefore page number = 40 + (tile_y ÷ 32)
1230  9C7D             >
1230  9C7D C6 28       >        add  a, TILEMAP_PAGE                                 ; add the starting page number
1230  9C7F             >
1230  9C7F ED 92 56    >        nextreg $56,a                               ; set MMU slot 6 ($C000-$DFFF) to that page
1230  9C82             >
1230  9C82             >
1230  9C82             >    ; STEP 3: Keep only the part of the address that fits inside one 8K page
1230  9C82 7C          >        ld   a,h                                    ; get the high byte again
1230  9C83 E6 1F       >        and  $1F                                    ; $1F is binary 00011111 → keeps only the lowest 5 bits
1230  9C85             >                                                    ; This is exactly the same as (tile_y * 256 + tile_x) modulo 8192
1230  9C85             >                                                    ; (because 8192 = 2^13 and we are discarding everything above bit 12)
1230  9C85 67          >        ld   h,a                                    ; HL now holds the offset *inside* the current 8K page
1230  9C86             >
1230  9C86             >    ; STEP 4: add the page offset so we can read it
1230  9C86 ED 34 00 C0 >        add  hl, $C000                              ; HL = $C000 + offset_inside_page
1230  9C8A             >                                                    ; HL now points directly at the first byte we want to copy
1230  9C8A 7E          >        ld a, (hl)                                  ; so get the byte
1231  9C8B FE 01                cp MAP_WALL
1232  9C8D C8                   ret z
1233  9C8E
1234  9C8E CB DB                set dir_up, e
1235  9C90 C9                   ret
1236  9C91
1237  9C91
1238  9C91              doMoveLeft1
1239  9C91 2A 6D 91             ld hl, (baddie_x)
1240  9C94 01 01 00             ld bc, move_delta_baddie
1241  9C97 ED 42                sbc hl, bc
1242  9C99 DD 74 02             ld (ix +baddieRecord.highX), h
1243  9C9C DD 75 01             ld (ix +baddieRecord.lowX), l
1244  9C9F 3E 01                ld a, vdir_left
1245  9CA1 DD 77 07             ld (ix +baddieRecord.dir), a
1246  9CA4 18 3D                jr displayBaddie
1247  9CA6
1248  9CA6              doMoveRight1
1249  9CA6 2A 6D 91             ld hl, (baddie_x)
1250  9CA9 01 01 00             ld bc, move_delta_baddie
1251  9CAC ED 4A                adc hl, bc
1252  9CAE DD 74 02             ld (ix +baddieRecord.highX), h
1253  9CB1 DD 75 01             ld (ix +baddieRecord.lowX), l
1254  9CB4 3E 02                ld a, vdir_right
1255  9CB6 DD 77 07             ld (ix +baddieRecord.dir), a
1256  9CB9
1257  9CB9 18 28                jr displayBaddie
1258  9CBB
1259  9CBB              doMoveDown1
1260  9CBB 2A 6F 91             ld hl, (baddie_y)
1261  9CBE 01 01 00             ld bc, move_delta_baddie
1262  9CC1 ED 4A                adc hl, bc
1263  9CC3 DD 74 04             ld (ix +baddieRecord.highY), h
1264  9CC6 DD 75 03             ld (ix +baddieRecord.lowY), l
1265  9CC9 3E 04                ld a, vdir_down
1266  9CCB DD 77 07             ld (ix +baddieRecord.dir), a
1267  9CCE
1268  9CCE 18 13                jr displayBaddie
1269  9CD0
1270  9CD0              doMoveUp1
1271  9CD0 2A 6F 91             ld hl, (baddie_y)
1272  9CD3 01 01 00             ld bc, move_delta_baddie
1273  9CD6 ED 42                sbc hl, bc
1274  9CD8 DD 74 04             ld (ix +baddieRecord.highY), h
1275  9CDB DD 75 03             ld (ix +baddieRecord.lowY), l
1276  9CDE 3E 08                ld a, vdir_up
1277  9CE0 DD 77 07             ld (ix +baddieRecord.dir), a
1278  9CE3
1279  9CE3
1280  9CE3              displayBaddie:
1281  9CE3                  ; ============================================================
1282  9CE3                  ; Draw baddie sprite (sprite #1) relative to the centred player.
1283  9CE3                  ; Player is locked to screen centre, so:
1284  9CE3                  ;     screenPos = baddieWorldPos - playerWorldPos + screenCentre
1285  9CE3                  ; A 16x16 sprite is shown whenever ANY part overlaps the display,
1286  9CE3                  ; so we allow up to 15px of overhang at each edge before hiding.
1287  9CE3                  ; IX already points at the baddie record (set by processBaddies).
1288  9CE3                  ; ============================================================
1289  9CE3
1290  9CE3 3A 76 93             ld a, (viewMode)
1291  9CE6 B7                   or a
1292  9CE7 C2 59 9D             jp nz, radarBaddie
1293  9CEA
1294  9CEA                  ; ---------- SCREEN X ----------
1295  9CEA                      ; HL = baddie world X
1296  9CEA DD 6E 01             ld l, (ix + baddieRecord.lowX)
1297  9CED DD 66 02             ld h, (ix + baddieRecord.highX)
1298  9CF0 ED 4B BF 8E          ld bc, (cam_px)                             ; BC = player world X
1299  9CF4 B7                   or a                                        ; clear carry for a clean subtract
1300  9CF5 ED 42                sbc hl, bc                                  ; HL = baddieX - playerX  (signed)
1301  9CF7                  ; add screen centre AND the 15px overhang bias in one go.
1302  9CF7                  ; CENTER_SCREEN_X + 15 = 152 + 15 = 167, which fits in 8 bits,
1303  9CF7                  ; so we can use the Z80N "add hl,a" (cheaper to set up than add hl,bc).
1304  9CF7 3E 0F                ld a,  15                                   ; A = 167  (centre + bias)
1305  9CF9 ED 31                add hl, a                                   ; Z80N: HL = biased screen X
1306  9CFB                  ; HL now holds (screenX + 15). Visible-with-overhang means the
1307  9CFB                  ; UN-biased X is in -15..319, i.e. the BIASED value is in 0..334.
1308  9CFB                  ; Reject anything outside 0..334 with an unsigned range test.
1309  9CFB 7C                   ld a, h                                     ; look at high byte of biased X
1310  9CFC FE 01                cp 1                                        ; H = 0 ?  (biased X = 0..255)
1311  9CFE 38 07                jr c, .xInRange                             ; H = 0 -> definitely <= 334, in range
1312  9D00 20 4C                jr nz, .hideBaddie                          ; H >= 2 -> biased X >= 512 -> off right
1313  9D02                  ; H = 1 here, so biased X = 256..511; allowed only up to 334 ($014E),
1314  9D02                  ; meaning the low byte must be < 79 (334 - 256 = 78).
1315  9D02 7D                   ld a, l
1316  9D03 FE 4F                cp 79
1317  9D05 30 47                jr nc, .hideBaddie                          ; low byte >= 79 -> off right edge
1318  9D07              .xInRange:
1319  9D07 E5                   push hl                                     ; save biased X (we still need it later)
1320  9D08
1321  9D08                  ; ---------- SCREEN Y ----------
1322  9D08                  ; HL = baddie world Y
1323  9D08 DD 6E 03             ld l, (ix + baddieRecord.lowY)
1324  9D0B DD 66 04             ld h, (ix + baddieRecord.highY)
1325  9D0E ED 4B C1 8E          ld bc, (cam_py)             ; BC = player world Y
1326  9D12 B7                   or a                           ; clear carry
1327  9D13 ED 42                sbc hl, bc                     ; HL = baddieY - playerY  (signed)
1328  9D15                  ; centre + bias again: CENTER_SCREEN_Y + 15 = 120 + 15 = 135, fits in 8 bits.
1329  9D15 3E 0F                ld a, 15     ; A = 135
1330  9D17 ED 31                add hl, a                      ; Z80N: HL = biased screen Y
1331  9D19                  ; Visible-with-overhang: un-biased Y in -15..255, i.e. biased Y in 0..270.
1332  9D19 7C                   ld a, h                        ; high byte of biased Y
1333  9D1A FE 01                cp 1                           ; H = 0 ?
1334  9D1C 38 07                jr c, .yInRange                ; H = 0 -> <= 270, in range
1335  9D1E 20 2D                jr nz, .hidePop                ; H >= 2 -> off bottom
1336  9D20                  ; H = 1: biased Y = 256..511, allowed only up to 270 ($010E),
1337  9D20                  ; so low byte must be < 15 (270 - 256 = 14).
1338  9D20 7D                   ld a, l
1339  9D21 FE 0F                cp 15
1340  9D23 30 28                jr nc, .hidePop                ; low byte >= 15 -> off bottom edge
1341  9D25              .yInRange:
1342  9D25                  ; ---------- BADDIE IS ON SCREEN ----------
1343  9D25                  ; Un-bias Y by 15 to get the real Y the hardware wants.
1344  9D25                  ; The sprite Y register is 8-bit and takes the value mod 256,
1345  9D25                  ; which is exactly what we need: a baddie 15px above the top
1346  9D25                  ; (real Y = -15) writes 241, and the hardware draws it overhanging.
1347  9D25 7D                   ld a, l                        ; low byte of biased Y
1348  9D26 D6 0F                sub 15                         ; A = real screen Y (mod 256)
1349  9D28 5F                   ld e, a                        ; stash Y in E for the moment
1350  9D29
1351  9D29 E1                   pop hl                         ; recover biased X
1352  9D2A 01 0F 00             ld bc, 15
1353  9D2D B7                   or a                           ; clear carry
1354  9D2E ED 42                sbc hl, bc                     ; HL = real screen X (full 9-bit value)
1355  9D30
1356  9D30                  ; ---------- WRITE SPRITE 1 ----------
1357  9D30 DD 7E 00             ld a, (ix +baddieRecord.index)
1358  9D33 ED 92 34             NEXTREG $34, a                 ; select sprite slot 1
1359  9D36 7D                   ld a, l
1360  9D37 ED 92 35             NEXTREG $35, a                 ; attr 0: X low 8 bits
1361  9D3A 7B                   ld a, e
1362  9D3B ED 92 36             NEXTREG $36, a                 ; attr 1: Y (8-bit)
1363  9D3E 7C                   ld a, h
1364  9D3F E6 01                and 1                          ; X is 9-bit; keep only bit 8
1365  9D41 ED 92 37             NEXTREG $37, a                 ; attr 2: X MSB in bit 0
1366  9D44 DD 7E 08             ld a, (ix + baddieRecord.pattern)
1367  9D47 F6 80                or %10000000                   ; bit 7 = visible
1368  9D49 ED 92 38             NEXTREG $38, a                 ; attr 3: pattern + visible flag
1369  9D4C
1370  9D4C C9                   ret
1371  9D4D
1372  9D4D              .hidePop:
1373  9D4D E1                   pop hl                         ; balance the stack (biased X was pushed)
1374  9D4E              .hideBaddie:
1375  9D4E DD 7E 00             ld a, (ix +baddieRecord.index)
1376  9D51 ED 92 34             NEXTREG $34, a                 ; select sprite slot 1
1377  9D54 ED 91 38 00          NEXTREG $38, 0                 ; clear visible bit -> sprite hidden
1378  9D58
1379  9D58 C9                   ret
1380  9D59
1381  9D59              radarBaddie:
1382  9D59 3E 20                ld a, 32
1383  9D5B
1384  9D5B DD 6E 05             ld l, (ix +baddieRecord.tileX)
1385  9D5E 26 00                ld h, 0
1386  9D60 ED 31                add hl, a
1387  9D62
1388  9D62 DD 5E 06             ld e, (ix +baddieRecord.tileY)
1389  9D65 83                   add a, e
1390  9D66 5F                   ld e, a
1391  9D67
1392  9D67 DD 7E 00             ld a, (ix +baddieRecord.index)
1393  9D6A ED 92 34             NEXTREG $34, a                 ; select sprite slot 1
1394  9D6D 7D                   ld a, l
1395  9D6E ED 92 35             NEXTREG $35, a                 ; attr 0: X low 8 bits
1396  9D71 7B                   ld a, e
1397  9D72 ED 92 36             NEXTREG $36, a                 ; attr 1: Y (8-bit)
1398  9D75 7C                   ld a, h
1399  9D76 E6 01                and 1                          ; X is 9-bit; keep only bit 8
1400  9D78 ED 92 37             NEXTREG $37, a                 ; attr 2: X MSB in bit 0
1401  9D7B 3E 03                ld a, 3
1402  9D7D F6 80                or %10000000                   ; bit 7 = visible
1403  9D7F ED 92 38             NEXTREG $38, a                 ; attr 3: pattern + visible flag
1404  9D82
1405  9D82 C9                   ret
1406  9D83
1407  9D83              random:
1408  9D83 E6 0F                and $0f                                     ; limit to 0-15, this is the available directions bitmask
1409  9D85 6F                   ld l, a                                     ; l = 0-15
1410  9D86 26 00                ld h, 0                                     ; h = 0
1411  9D88 29                   add hl, hl                                  ; 2 * hl
1412  9D89 29                   add hl, hl                                  ; 4 * hl
1413  9D8A 11 B2 9D             ld de, lut_base                             ; add lut base
1414  9D8D 19                   add hl, de                                  ; hl now points to row applicable for available directions
1415  9D8E
1416  9D8E              RND_GEN:
1417  9D8E 3A B1 9D             ld a, (rseed)
1418  9D91 57                   ld d, a
1419  9D92 87                   add a, a            ; *2
1420  9D93 87                   add a, a            ; *4
1421  9D94 82                   add a, d            ; *5
1422  9D95 C6 07                add a, 7            ; + odd constant
1423  9D97 32 B1 9D             ld (rseed), a       ; save new seed
1424  9D9A 07                   rlca                ; bring the high (well-mixed) bits down
1425  9D9B 07                   rlca
1426  9D9C E6 03                and %00000011       ; keep 2 bits -> 0-3
1427  9D9E ED 31                ADD HL, A
1428  9DA0 7E                   LD A, (HL)
1429  9DA1
1430  9DA1 C9                   RET
1431  9DA2
1432  9DA2              rnd8:
1433  9DA2 3A B1 9D             ld a, (rseed)
1434  9DA5 57                   ld d, a
1435  9DA6 87                   add a, a            ; *2
1436  9DA7 87                   add a, a            ; *4
1437  9DA8 82                   add a, d            ; *5
1438  9DA9 C6 07                add a, 7            ; + odd constant
1439  9DAB 32 B1 9D             ld (rseed), a       ; save new seed
1440  9DAE 07                   rlca                ; bring the high (well-mixed) bits down
1441  9DAF 07                   rlca
1442  9DB0 C9                   RET
1443  9DB1
1444  9DB1              rseed:
1445  9DB1 01               db 1                 ; Initial 16-bit seed (Must not be zero!)        ld a, (hl)
1446  9DB2
1447  9DB2              lut_base:
1448  9DB2 00 00 00 00          db 0, 0, 0, 0                               ;  0  0000 no bits set
1449  9DB6 01 01 01 01          db 1, 1, 1, 1                               ;  1  0001 only bit 0 set
1450  9DBA 02 02 02 02          db 2, 2, 2, 2                               ;  2  0010 only bit 1 set
1451  9DBE 01 02 01 02          db 1, 2, 1, 2                               ;  3  0011 bits 0, 1 set
1452  9DC2 04 04 04 04          db 4, 4, 4, 4                               ;  4  0100 only bit 2 set
1453  9DC6 01 04 01 04          db 1, 4, 1, 4                               ;  5  0101
1454  9DCA 02 04 02 04          db 2, 4, 2, 4                               ;  6  0110
1455  9DCE 01 02 04 01          db 1, 2, 4, 1                               ;  7  0111
1456  9DD2 08 08 08 08          db 8, 8, 8, 8                               ;  8  1000
1457  9DD6 01 08 01 08          db 1, 8, 1, 8                               ;  9  1001
1458  9DDA 02 08 02 08          db 2, 8, 2, 8                               ; 10  1010
1459  9DDE 01 02 08 01          db 1, 2, 8, 1                               ; 11  1011
1460  9DE2 04 08 04 08          db 4, 8, 4, 8                               ; 12  1100
1461  9DE6 01 04 08 01          db 1, 4, 8, 1                               ; 13  1101
1462  9DEA 02 04 08 02          db 2, 4, 8, 2                               ; 14  1110
1463  9DEE 01 02 04 08          db 1, 2, 4, 8                               ; 15  1111
1464  9DF2
1465  9DF2              setupIM2:
1466  9DF2              ; sub routine to set-up IM2 to point to BB
1467  9DF2 F3                   DI
1468  9DF3 21 00 9F             LD HL, IM2Tab
1469  9DF6 11 01 9F             LD DE, IM2Tab +1
1470  9DF9 7C                   LD A, H
1471  9DFA ED 47                LD I , A
1472  9DFC 3E F0                LD A, $f0
1473  9DFE 77                   LD (HL), A
1474  9DFF 01 00 01             LD BC, 256
1475  9E02 ED B0                LDIR
1476  9E04
1477  9E04 ED 5E                IM 2
1478  9E06 FB                   EI
1479  9E07 C9                   RET
1480  9E08
1481  9E08
1482  9E08 00 00 00...  ALIGN 256
1483  9F00              IM2Tab:
1484  9F00 00 00 00...          DEFS 257, 0
1485  A001
1486  A001              ORG $f0f0
1487  F0F0              im2Routine
1488  F0F0 F5                   PUSH AF
1489  F0F1 C5                   PUSH BC
1490  F0F2 D5                   PUSH DE
1491  F0F3 E5                   PUSH HL
1492  F0F4
1493  F0F4              INCLUDE "im2Routine.inc"
# file opened: im2Routine.inc
   1+ F0F4              ; this is the IM2 routine
   2+ F0F4              ; gets called every 1/50 second, i.e. 20ms
   3+ F0F4              ; push/pop are in main program
   4+ F0F4
   5+ F0F4
   6+ F0F4 3A 1E 82             ld a, (floodInProgress)
   7+ F0F7 A7                   and a
   8+ F0F8 28 18                jr z, noFlood
   9+ F0FA 3A 1D 82             ld a, (paletteDelay)
  10+ F0FD 3C                   inc a
  11+ F0FE E6 07                and 7
  12+ F100 32 1D 82             ld (paletteDelay), a
  13+ F103 20 0D                jr nz, noFlood
  14+ F105 3A 1C 82             ld a, (paletteFlip)
  15+ F108 EE 01                xor 1
  16+ F10A 32 1C 82             ld (paletteFlip), a
  17+ F10D ED 23                swapnib
  18+ F10F ED 92 6C             nextreg $6c, a
  19+ F112
  20+ F112              noFlood:
  21+ F112 0E FD                LD C, AYPortC              ; shared port for AY chip access
  22+ F114
  23+ F114              ; select AY1
  24+ F114 06 FF                LD B, AYPortSelectB              ; AYSelect
  25+ F116 3E FF                LD A, 255
  26+ F118 ED 79                OUT (C), A
  27+ F11A
  28+ F11A              ; get the Ch1 tone value
  29+ F11A              ; apply delta
  30+ F11A 2A 91 8E             LD HL, (Ch1Pitch)
  31+ F11D ED 5B 93 8E          LD DE, (Ch1PitchD)
  32+ F121 19                   ADD HL, DE
  33+ F122 22 91 8E             LD (Ch1Pitch), HL
  34+ F125
  35+ F125              ; write Ch1 tone to AY chip
  36+ F125 06 FF                LD B, AYPortSelectB             ; AYSelect
  37+ F127 3E 00                LD A, channel1ToneL
  38+ F129 ED 79                OUT (C), A
  39+ F12B 06 BF                LD B, AYPortWriteB              ; AYrw
  40+ F12D ED 69                OUT (C), L
  41+ F12F
  42+ F12F 06 FF                LD B, AYPortSelectB
  43+ F131 3E 01                LD A, channel1ToneH
  44+ F133 ED 79                OUT (C), A
  45+ F135 06 BF                LD B, AYPortWriteB
  46+ F137 ED 61                OUT (C), H
  47+ F139
  48+ F139              ; get the Ch1 volume value
  49+ F139              ; apply delta
  50+ F139 2A 95 8E             LD HL, (Ch1Volume)
  51+ F13C ED 5B 97 8E          LD DE, (Ch1VolumeD)
  52+ F140 19                   ADD HL, DE
  53+ F141 22 95 8E             LD (Ch1Volume), HL
  54+ F144
  55+ F144 7C                   LD A, H
  56+ F145 E6 0F                AND 15
  57+ F147
  58+ F147              ; write Ch1 volume to AY chip
  59+ F147 06 FF                LD B, AYPortSelectB
  60+ F149 26 08                LD H, channel1Volume
  61+ F14B ED 61                OUT (C), H
  62+ F14D 06 BF                LD B, AYPortWriteB
  63+ F14F ED 79                OUT (C), A
  64+ F151
  65+ F151              ; get the Ch2 tone value
  66+ F151              ; apply delta
  67+ F151 2A 9B 8E             LD HL, (Ch2Pitch)
  68+ F154 ED 5B 9D 8E          LD DE, (Ch2PitchD)
  69+ F158 19                   ADD HL, DE
  70+ F159 22 9B 8E             LD (Ch2Pitch), HL
  71+ F15C
  72+ F15C              ; write Ch2 tone to AY chip
  73+ F15C 06 FF                LD B, AYPortSelectB
  74+ F15E 3E 02                LD A, channel2ToneL
  75+ F160 ED 79                OUT (C), A
  76+ F162 06 BF                LD B, AYPortWriteB
  77+ F164 ED 69                OUT (C), L
  78+ F166
  79+ F166 06 FF                LD B, AYPortSelectB
  80+ F168 3E 03                LD A, channel2ToneH
  81+ F16A ED 79                OUT (C), A
  82+ F16C 06 BF                LD B, AYPortWriteB
  83+ F16E ED 61                OUT (C), H
  84+ F170
  85+ F170              ; get the Ch2 volume value
  86+ F170              ; apply delta
  87+ F170 2A 9F 8E             LD HL, (Ch2Volume)
  88+ F173 ED 5B A1 8E          LD DE, (Ch2VolumeD)
  89+ F177 19                   ADD HL, DE
  90+ F178 22 9F 8E             LD (Ch2Volume), HL
  91+ F17B
  92+ F17B 7C                   LD A, H
  93+ F17C E6 0F                AND 15
  94+ F17E
  95+ F17E              ; write Ch2 volume to AY chip
  96+ F17E 06 FF                LD B, AYPortSelectB
  97+ F180 26 09                LD H, channel2Volume
  98+ F182 ED 61                OUT (C), H
  99+ F184 06 BF                LD B, AYPortWriteB
 100+ F186 ED 79                OUT (C), A
 101+ F188
 102+ F188              ; get the Ch3 tone value
 103+ F188              ; apply delta
 104+ F188 2A A5 8E             LD HL, (Ch3Pitch)
 105+ F18B ED 5B A7 8E          LD DE, (Ch3PitchD)
 106+ F18F 19                   ADD HL, DE
 107+ F190 22 A5 8E             LD (Ch3Pitch), HL
 108+ F193
 109+ F193              ; write Ch3 tone to AY chip
 110+ F193 06 FF                LD B, AYPortSelectB
 111+ F195 3E 04                LD A, channel3ToneL
 112+ F197 ED 79                OUT (C), A
 113+ F199 06 BF                LD B, AYPortWriteB
 114+ F19B ED 69                OUT (C), L
 115+ F19D
 116+ F19D 06 FF                LD B, AYPortSelectB
 117+ F19F 3E 05                LD A, channel3ToneH
 118+ F1A1 ED 79                OUT (C), A
 119+ F1A3 06 BF                LD B, AYPortWriteB
 120+ F1A5 ED 61                OUT (C), H
 121+ F1A7
 122+ F1A7              ; get the Ch3 volume value
 123+ F1A7              ; apply delta
 124+ F1A7 2A A9 8E             LD HL, (Ch3Volume)
 125+ F1AA ED 5B AB 8E          LD DE, (Ch3VolumeD)
 126+ F1AE 19                   ADD HL, DE
 127+ F1AF 22 A9 8E             LD (Ch3Volume), HL
 128+ F1B2
 129+ F1B2 7C                   LD A, H
 130+ F1B3 E6 0F                AND 15
 131+ F1B5
 132+ F1B5              ; write Ch3 volume to AY chip
 133+ F1B5 06 FF                LD B, AYPortSelectB
 134+ F1B7 26 0A                LD H, channel3Volume
 135+ F1B9 ED 61                OUT (C), H
 136+ F1BB 06 BF                LD B, AYPortWriteB
 137+ F1BD ED 79                OUT (C), A
 138+ F1BF
 139+ F1BF              ; set the AY mixer value depending on ch1Flags, ch2Flags & ch3Flags
 140+ F1BF              ; these control the tone and noise flags in main AY mixer setting
 141+ F1BF              ; mapping is as follows and we negate the Ch1/2/3Flag setting
 142+ F1BF              ; Ch1Flags
 143+ F1BF              ; bit
 144+ F1BF              ; 0 -> 0
 145+ F1BF              ; 1 -> 3
 146+ F1BF              ; Ch2Flags
 147+ F1BF              ; 0 -> 1
 148+ F1BF              ; 1 -> 4
 149+ F1BF              ; Ch3Flags
 150+ F1BF              ; 0 -> 2
 151+ F1BF              ; 1 -> 5
 152+ F1BF 0E FF                LD C, 255                               ; initialise to all 1's, everything off
 153+ F1C1 21 B3 8E             LD HL, mixerFlags                       ; point to mapping data for Ch1Flags
 154+ F1C4 3A 99 8E             LD A, (Ch1Flags)                        ; get Ch1Flags setting
 155+ F1C7 E6 03                AND %00000011                           ; we're only interested in bits 0,1
 156+ F1C9 ED 31                ADD HL, A                               ; offset into mixerFlags mapping
 157+ F1CB 7E                   LD A, (HL)                              ; get value
 158+ F1CC A1                   AND C                                   ; AND with existing
 159+ F1CD 4F                   LD C, A                                 ; store back
 160+ F1CE
 161+ F1CE 21 B7 8E             LD HL, mixerFlags +4
 162+ F1D1 3A A3 8E             LD A, (Ch2Flags)
 163+ F1D4 E6 03                AND %00000011
 164+ F1D6 ED 31                ADD HL, A
 165+ F1D8 7E                   LD A, (HL)
 166+ F1D9 A1                   AND C
 167+ F1DA 4F                   LD C, A
 168+ F1DB 21 BB 8E             LD HL, mixerFlags +8
 169+ F1DE 3A AD 8E             LD A, (Ch3Flags)
 170+ F1E1 E6 03                AND %00000011
 171+ F1E3 ED 31                ADD HL, A
 172+ F1E5 7E                   LD A, (HL)
 173+ F1E6 A1                   AND C
 174+ F1E7 01 FD FF             LD BC, AYSelect
 175+ F1EA 16 07                LD D, mixerFlag
 176+ F1EC ED 51                OUT (C), D
 177+ F1EE 01 FD BF             LD BC, AYrw
 178+ F1F1 ED 79                OUT (C), A
 179+ F1F3
 180+ F1F3 3A 9A 8E             LD A, (Ch1Length)
 181+ F1F6 3D                   DEC A
 182+ F1F7 20 0C                JR NZ, ch1endskip
 183+ F1F9 32 99 8E             LD (Ch1Flags), A
 184+ F1FC 21 00 00             LD HL, 0
 185+ F1FF 22 95 8E             LD (Ch1Volume), HL
 186+ F202 22 97 8E             LD (Ch1VolumeD), HL
 187+ F205              ch1endskip
 188+ F205 32 9A 8E             LD (Ch1Length), A
 189+ F208
 190+ F208 3A A4 8E             LD A, (Ch2Length)
 191+ F20B 3D                   DEC A
 192+ F20C 20 0C                JR NZ, ch2endskip
 193+ F20E 32 A3 8E             LD (Ch2Flags), A
 194+ F211 21 00 00             LD HL, 0
 195+ F214 22 9F 8E             LD (Ch2Volume), HL
 196+ F217 22 A1 8E             LD (Ch2VolumeD), HL
 197+ F21A              ch2endskip
 198+ F21A 32 A4 8E             LD (Ch2Length), A
 199+ F21D
 200+ F21D 3A AE 8E             LD A, (Ch3Length)
 201+ F220 3D                   DEC A
 202+ F221 20 0C                JR NZ, ch3endskip
 203+ F223 32 AD 8E             LD (Ch3Flags), A
 204+ F226 21 00 00             LD HL, 0
 205+ F229 22 A9 8E             LD (Ch3Volume), HL
 206+ F22C 22 AB 8E             LD (Ch3VolumeD), HL
 207+ F22F              ch3endskip
 208+ F22F 32 AE 8E             LD (Ch3Length), A
 209+ F232
 210+ F232
 211+ F232              melodyRoutine
 212+ F232 3A AF 8E             LD A, (frameCount)                  ; pick up remaining note time
 213+ F235 3D                   DEC A                               ; decrease by 1 frame
 214+ F236 32 AF 8E             LD (frameCount), A                  ; save it back
 215+ F239 C2 79 F3             JP NZ, melodyEnd                    ; branch to end if not zero
 216+ F23C
 217+ F23C                      ; timer expired, so pick up next note to play
 218+ F23C                      ; - first set timer for this new note
 219+ F23C              mr0
 220+ F23C 2A B0 8E             LD HL, (framePointer)               ; framePointer = timer table
 221+ F23F 7E                   LD A, (HL)                          ; get note length
 222+ F240
 223+ F240 23                   INC HL                              ; skip past high byte
 224+ F241 FE FF                CP 255                              ; is it 255 marker
 225+ F243 20 08                JR NZ, mr1                          ; branch if not
 226+ F245
 227+ F245 21 C0 8C             LD HL, frameTable                   ; point to table start
 228+ F248 22 B0 8E             LD (framePointer), HL               ; save in framePointer
 229+ F24B 18 EF                JR mr0                              ; and test again !
 230+ F24D              mr1
 231+ F24D 32 AF 8E             LD (frameCount), A                  ; save note length
 232+ F250
 233+ F250                      ; - point to the note, save in DE and update
 234+ F250                      ;   framePointer for next time
 235+ F250 23                   INC HL                              ; point to note data
 236+ F251 5E                   LD E, (HL)                          ; get low byte
 237+ F252 23                   INC HL                              ; point to high byte
 238+ F253 56                   LD D, (HL)                          ; get the high byte
 239+ F254 23                   INC HL                              ; point to next timer entry
 240+ F255 22 B0 8E             LD (framePointer), HL               ; and save in framePointer
 241+ F258
 242+ F258              playNotes
 243+ F258 0E FD                ld c, AYPortC
 244+ F25A
 245+ F25A                      ; -------------------- AY2 --------------------
 246+ F25A 3E FE                LD A, 254
 247+ F25C 06 FF                LD B, AYPortSelectB
 248+ F25E ED 79                OUT (C), A
 249+ F260
 250+ F260                      ; Tone A
 251+ F260 AF                   XOR A
 252+ F261 ED 79                OUT (C), A
 253+ F263 1A                   LD A, (DE)
 254+ F264 13                   INC DE
 255+ F265 06 BF                LD B, AYPortWriteB
 256+ F267 ED 79                OUT (C), A
 257+ F269
 258+ F269 3E 01                LD A, 1
 259+ F26B 06 FF                LD B, AYPortSelectB
 260+ F26D ED 79                OUT (C), A
 261+ F26F 1A                   LD A, (DE)
 262+ F270 13                   INC DE
 263+ F271 06 BF                LD B, AYPortWriteB
 264+ F273 ED 79                OUT (C), A
 265+ F275
 266+ F275                      ; Volume A
 267+ F275 3E 08                LD A, 8
 268+ F277 06 FF                LD B, AYPortSelectB
 269+ F279 ED 79                OUT (C), A
 270+ F27B 1A                   LD A, (DE)
 271+ F27C E6 01                AND %00000001
 272+ F27E 67                   LD H, A
 273+ F27F 3A B2 8E             LD A, (volume)
 274+ F282 13                   INC DE
 275+ F283 06 BF                LD B, AYPortWriteB
 276+ F285 ED 79                OUT (C), A
 277+ F287
 278+ F287                      ; Tone B
 279+ F287 3E 02                LD A, 2
 280+ F289 06 FF                LD B, AYPortSelectB
 281+ F28B ED 79                OUT (C), A
 282+ F28D 1A                   LD A, (DE)
 283+ F28E 13                   INC DE
 284+ F28F 06 BF                LD B, AYPortWriteB
 285+ F291 ED 79                OUT (C), A
 286+ F293
 287+ F293 3E 03                LD A, 3
 288+ F295 06 FF                LD B, AYPortSelectB
 289+ F297 ED 79                OUT (C), A
 290+ F299 1A                   LD A, (DE)
 291+ F29A 13                   INC DE
 292+ F29B 06 BF                LD B, AYPortWriteB
 293+ F29D ED 79                OUT (C), A
 294+ F29F
 295+ F29F                      ; Volume B
 296+ F29F 3E 09                LD A, 9
 297+ F2A1 06 FF                LD B, AYPortSelectB
 298+ F2A3 ED 79                OUT (C), A
 299+ F2A5 1A                   LD A, (DE)
 300+ F2A6 E6 02                AND %00000010
 301+ F2A8 B4                   OR H
 302+ F2A9 67                   LD H, A
 303+ F2AA 3A B2 8E             LD A, (volume)
 304+ F2AD 13                   INC DE
 305+ F2AE 06 BF                LD B, AYPortWriteB
 306+ F2B0 ED 79                OUT (C), A
 307+ F2B2
 308+ F2B2                      ; Tone C
 309+ F2B2 3E 04                LD A, 4
 310+ F2B4 06 FF                LD B, AYPortSelectB
 311+ F2B6 ED 79                OUT (C), A
 312+ F2B8 1A                   LD A, (DE)
 313+ F2B9 13                   INC DE
 314+ F2BA 06 BF                LD B, AYPortWriteB
 315+ F2BC ED 79                OUT (C), A
 316+ F2BE
 317+ F2BE 3E 05                LD A, 5
 318+ F2C0 06 FF                LD B, AYPortSelectB
 319+ F2C2 ED 79                OUT (C), A
 320+ F2C4 1A                   LD A, (DE)
 321+ F2C5 13                   INC DE
 322+ F2C6 06 BF                LD B, AYPortWriteB
 323+ F2C8 ED 79                OUT (C), A
 324+ F2CA
 325+ F2CA                      ; Volume C
 326+ F2CA 3E 0A                LD A, 10
 327+ F2CC 06 FF                LD B, AYPortSelectB
 328+ F2CE ED 79                OUT (C), A
 329+ F2D0 1A                   LD A, (DE)
 330+ F2D1 E6 04                AND %00000100
 331+ F2D3 B4                   OR H
 332+ F2D4 67                   LD H, A
 333+ F2D5 3A B2 8E             LD A, (volume)
 334+ F2D8 13                   INC DE
 335+ F2D9 06 BF                LD B, AYPortWriteB
 336+ F2DB ED 79                OUT (C), A
 337+ F2DD
 338+ F2DD                      ; Mixer
 339+ F2DD 3E 07                LD A, 7
 340+ F2DF 06 FF                LD B, AYPortSelectB
 341+ F2E1 ED 79                OUT (C), A
 342+ F2E3 7C                   LD A, H
 343+ F2E4 EE FF                XOR %11111111
 344+ F2E6 06 BF                LD B, AYPortWriteB
 345+ F2E8 ED 79                OUT (C), A
 346+ F2EA
 347+ F2EA                      ; -------------------- AY3 --------------------
 348+ F2EA 3E FD                LD A, 253
 349+ F2EC 06 FF                LD B, AYPortSelectB
 350+ F2EE ED 79                OUT (C), A
 351+ F2F0
 352+ F2F0                      ; Tone A
 353+ F2F0 AF                   XOR A
 354+ F2F1 ED 79                OUT (C), A
 355+ F2F3 1A                   LD A, (DE)
 356+ F2F4 13                   INC DE
 357+ F2F5 06 BF                LD B, AYPortWriteB
 358+ F2F7 ED 79                OUT (C), A
 359+ F2F9
 360+ F2F9 3E 01                LD A, 1
 361+ F2FB 06 FF                LD B, AYPortSelectB
 362+ F2FD ED 79                OUT (C), A
 363+ F2FF 1A                   LD A, (DE)
 364+ F300 13                   INC DE
 365+ F301 06 BF                LD B, AYPortWriteB
 366+ F303 ED 79                OUT (C), A
 367+ F305
 368+ F305                      ; Volume A
 369+ F305 3E 08                LD A, 8
 370+ F307 06 FF                LD B, AYPortSelectB
 371+ F309 ED 79                OUT (C), A
 372+ F30B 1A                   LD A, (DE)
 373+ F30C E6 01                AND %00000001
 374+ F30E 67                   LD H, A
 375+ F30F 3A B2 8E             LD A, (volume)
 376+ F312 13                   INC DE
 377+ F313 06 BF                LD B, AYPortWriteB
 378+ F315 ED 79                OUT (C), A
 379+ F317
 380+ F317                      ; Tone B
 381+ F317 3E 02                LD A, 2
 382+ F319 06 FF                LD B, AYPortSelectB
 383+ F31B ED 79                OUT (C), A
 384+ F31D 1A                   LD A, (DE)
 385+ F31E 13                   INC DE
 386+ F31F 06 BF                LD B, AYPortWriteB
 387+ F321 ED 79                OUT (C), A
 388+ F323
 389+ F323 3E 03                LD A, 3
 390+ F325 06 FF                LD B, AYPortSelectB
 391+ F327 ED 79                OUT (C), A
 392+ F329 1A                   LD A, (DE)
 393+ F32A 13                   INC DE
 394+ F32B 06 BF                LD B, AYPortWriteB
 395+ F32D ED 79                OUT (C), A
 396+ F32F
 397+ F32F                      ; Volume B
 398+ F32F 3E 09                LD A, 9
 399+ F331 06 FF                LD B, AYPortSelectB
 400+ F333 ED 79                OUT (C), A
 401+ F335 1A                   LD A, (DE)
 402+ F336 E6 02                AND %00000010
 403+ F338 B4                   OR H
 404+ F339 67                   LD H, A
 405+ F33A 3A B2 8E             LD A, (volume)
 406+ F33D 13                   INC DE
 407+ F33E 06 BF                LD B, AYPortWriteB
 408+ F340 ED 79                OUT (C), A
 409+ F342
 410+ F342                      ; Tone C
 411+ F342 3E 04                LD A, 4
 412+ F344 06 FF                LD B, AYPortSelectB
 413+ F346 ED 79                OUT (C), A
 414+ F348 1A                   LD A, (DE)
 415+ F349 13                   INC DE
 416+ F34A 06 BF                LD B, AYPortWriteB
 417+ F34C ED 79                OUT (C), A
 418+ F34E
 419+ F34E 3E 05                LD A, 5
 420+ F350 06 FF                LD B, AYPortSelectB
 421+ F352 ED 79                OUT (C), A
 422+ F354 1A                   LD A, (DE)
 423+ F355 13                   INC DE
 424+ F356 06 BF                LD B, AYPortWriteB
 425+ F358 ED 79                OUT (C), A
 426+ F35A
 427+ F35A                      ; Volume C
 428+ F35A 3E 0A                LD A, 10
 429+ F35C 06 FF                LD B, AYPortSelectB
 430+ F35E ED 79                OUT (C), A
 431+ F360 1A                   LD A, (DE)
 432+ F361 E6 04                AND %00000100
 433+ F363 B4                   OR H
 434+ F364 67                   LD H, A
 435+ F365 3A B2 8E             LD A, (volume)
 436+ F368 06 BF                LD B, AYPortWriteB
 437+ F36A ED 79                OUT (C), A
 438+ F36C
 439+ F36C                      ; Mixer
 440+ F36C 3E 07                LD A, 7
 441+ F36E 06 FF                LD B, AYPortSelectB
 442+ F370 ED 79                OUT (C), A
 443+ F372 7C                   LD A, H
 444+ F373 EE FF                XOR %11111111
 445+ F375 06 BF                LD B, AYPortWriteB
 446+ F377 ED 79                OUT (C), A
 447+ F379
 448+ F379              melodyEnd
 449+ F379
# file closed: im2Routine.inc
1494  F379
1495  F379 E1                   POP HL
1496  F37A D1                   POP DE
1497  F37B C1                   POP BC
1498  F37C F1                   POP AF
1499  F37D
1500  F37D FB                   EI
1501  F37E ED 4D                RETI
1502  F380
1503  F380              ; ----------------------------------------------------------------
1504  F380              ; Tilemap data - 48 KB stored directly in Pages 40 - 45
1505  F380              ; ----------------------------------------------------------------
1506  F380              TILEMAP_PAGE    EQU     40
1507  F380
1508  F380              ; === Chunk 1 (bytes 0-16383) -> 8 KB Page 40/41 ===
1509  F380              MMU     6, TILEMAP_PAGE                             ; map page 40 into slot 6
1510  F380              MMU     7, TILEMAP_PAGE + 1                         ; map page 41 into slot 7
1511  F380              ORG     $C000
1512  C000              tilemap_part1:
1513  C000              INCBIN  "testmaze.map", 0, 16384                    ; first 16 KB
1514  0000
1515  0000              ; === Chunk 2 (bytes 16384-32767) -> 8 KB Page 42/43 ===
1516  0000              MMU     6, TILEMAP_PAGE + 2
1517  0000              MMU     7, TILEMAP_PAGE + 3
1518  0000              ORG     $C000
1519  C000              tilemap_part2:
1520  C000              INCBIN  "testmaze.map", 16384, 16384
1521  0000
1522  0000              ; === Chunk 3 (bytes 32768-49151) -> 8 KB Page 44/45 ===
1523  0000              MMU     6, TILEMAP_PAGE + 4
1524  0000              MMU     7, TILEMAP_PAGE + 5
1525  0000              ORG     $C000
1526  C000              tilemap_part3:
1527  C000              INCBIN  "testmaze.map", 32768, 16384
1528  0000
1529  0000              ; ----------------------------------------------------------------
1530  0000              ; Distance field - 48 KB, one byte per maze cell (256x192).
1531  0000              ; Same layout as the map (256-byte rows) but in pages 46-51, so the
1532  0000              ; tile (x,y) -> address arithmetic is identical to GET_WORLD_VALUE
1533  0000              ; with base page DFIELD_PAGE instead of TILEMAP_PAGE.
1534  0000              ; Filled by the flood-fill; 255 = wall/unvisited/unreachable.
1535  0000              ; ----------------------------------------------------------------
1536  0000              DFIELD_PAGE     EQU     TILEMAP_PAGE + 6
1537  0000
1538  0000              ; reserve the six pages so they exist in the .nex (contents set at runtime)
1539  0000              MMU     6, DFIELD_PAGE
1540  0000              MMU     7, DFIELD_PAGE + 1
1541  0000              ORG     $C000
1542  C000              dfield_part1:
1543  C000 00 00 00...  DEFS    16384
1544  0000
1545  0000              MMU     6, DFIELD_PAGE + 2
1546  0000              MMU     7, DFIELD_PAGE + 3
1547  0000              ORG     $C000
1548  C000              dfield_part2:
1549  C000 00 00 00...  DEFS    16384
1550  0000
1551  0000              MMU     6, DFIELD_PAGE + 4
1552  0000              MMU     7, DFIELD_PAGE + 5
1553  0000              ORG     $C000
1554  C000              dfield_part3:
1555  C000 00 00 00...  DEFS    16384
1556  0000
1557  0000              ; --- radar / Layer 2 ---
1558  0000              MAP_PAGE        equ TILEMAP_PAGE        ; map data lives here (40)
1559  0000              L2_PAGE         equ DFIELD_PAGE + 6     ; Layer 2 image pages (52-57), after the field
1560  0000              L2_BANK16       equ L2_PAGE / 2         ; 16K bank number for reg $12 (=26)
1561  0000
1562  0000              MMU 6, L2_PAGE
1563  0000              MMU 7, L2_PAGE + 1
1564  0000              org $C000
1565  C000 00 00 00...  DEFS 16384
1566  0000
1567  0000              MMU 6, L2_PAGE + 2
1568  0000              MMU 7, L2_PAGE + 3
1569  0000              org $C000
1570  C000 00 00 00...  DEFS 16384
1571  0000
1572  0000              MMU 6, L2_PAGE + 4
1573  0000              MMU 7, L2_PAGE + 5
1574  0000              org $C000
1575  C000 00 00 00...  DEFS 16384
1576  0000
1577  0000              ; ----------------------------------------------------------------
1578  0000              ; Build the .nex file (automatically includes all used banks)
1579  0000              ; ----------------------------------------------------------------
1580  0000              SAVENEX OPEN "maze.nex", progStart, $FF40           ; entry point + stack
1581  0000              SAVENEX AUTO                                        ; include all pages we used
1582  0000              SAVENEX CLOSE
# file closed: maze.asm

Value    Label
------ - -----------------------------------------------------------
0x0004   ANIM_SPEED
0x00FD   AYPortC
0x00FF   AYPortSelectB
0x00BF   AYPortWriteB
0xFFFD   AYSelect
0xBFFD   AYrw
0x86C3   Bin8ToDec
0x86D4   Bin8ToDec.Loop10
0x86C5   Bin8ToDec.Loop100
0x06C0   CAM_MAX_X
0x0500   CAM_MAX_Y
0x0000 X CAM_MIN_X
0x0000 X CAM_MIN_Y
0x0098   CENTRE_X
0x0078   CENTRE_Y
0x000B   COLLIDE_DX
0x000B   COLLIDE_DY
0x8E91   Ch1
0x8E99   Ch1Flags
0x8E9A   Ch1Length
0x8E91   Ch1Pitch
0x8E93   Ch1PitchD
0x8E95   Ch1Volume
0x8E97   Ch1VolumeD
0x8E9B   Ch2
0x8EA3   Ch2Flags
0x8EA4   Ch2Length
0x8E9B   Ch2Pitch
0x8E9D   Ch2PitchD
0x8E9F   Ch2Volume
0x8EA1   Ch2VolumeD
0x8EA5   Ch3
0x8EAD   Ch3Flags
0x8EAE   Ch3Length
0x8EA5   Ch3Pitch
0x8EA7   Ch3PitchD
0x8EA9   Ch3Volume
0x8EAB   Ch3VolumeD
0x002E   DFIELD_PAGE
0x86E1   DisplayDigit
0x00FD   FLOOD_LIMIT
0x0071   HEALTH_ATTR
0x0070   HUD_ATTR
0x9F00   IM2Tab
0x0001   KEY_AVAILABLE
0x0000   KEY_COLLECTED
0x0004   KEY_COUNT
0x7E3D   KEY_DATA
0x001A   L2_BANK16
0x00FF   L2_FLOOD
0x00FC   L2_KEY
0x0034   L2_PAGE
0x0000   L2_PATH
0x00E0   L2_WALL
0x0006   MAP_KEYBL
0x0007   MAP_KEYBR
0x0004   MAP_KEYTL
0x0005   MAP_KEYTR
0x0028   MAP_PAGE
0x0000   MAP_PATH
0x0001   MAP_WALL
0x8744 X MelodyTable
0x0004   PAT_DOWN
0x000C   PAT_LEFT
0x0008   PAT_RIGHT
0x0010   PAT_UP
0x0100   QUEUE_SIZE
0x9D8E X RND_GEN
0x7C00   SpritePalette0
0x00E4   SpritePalette0Len
0x6600   SpritePatterns
0x8744   T2_0
0x8756   T2_1
0x87F8   T2_10
0x880A   T2_11
0x881C   T2_12
0x882E   T2_13
0x8840   T2_14
0x8852   T2_15
0x8864   T2_16
0x8876   T2_17
0x8888   T2_18
0x889A   T2_19
0x8768   T2_2
0x88AC   T2_20
0x88BE   T2_21
0x88D0   T2_22
0x88E2   T2_23
0x88F4   T2_24
0x8906   T2_25
0x8918   T2_26
0x892A   T2_27
0x893C   T2_28
0x894E   T2_29
0x877A   T2_3
0x8960   T2_30
0x8972   T2_31
0x8984   T2_32
0x8996   T2_33
0x89A8   T2_34
0x89BA   T2_35
0x89CC   T2_36
0x89DE   T2_37
0x89F0   T2_38
0x8A02   T2_39
0x878C   T2_4
0x8A14   T2_40
0x8A26   T2_41
0x8A38   T2_42
0x8A4A   T2_43
0x8A5C   T2_44
0x8A6E   T2_45
0x8A80   T2_46
0x8A92   T2_47
0x8AA4   T2_48
0x8AB6   T2_49
0x879E   T2_5
0x8AC8   T2_50
0x8ADA   T2_51
0x8AEC   T2_52
0x8AFE   T2_53
0x8B10   T2_54
0x8B22   T2_55
0x8B34   T2_56
0x8B46   T2_57
0x8B58   T2_58
0x8B6A   T2_59
0x87B0   T2_6
0x8B7C   T2_60
0x8B8E   T2_61
0x8BA0   T2_62
0x8BB2   T2_63
0x8BC4   T2_64
0x8BD6   T2_65
0x8BE8   T2_66
0x8BFA   T2_67
0x8C0C   T2_68
0x8C1E   T2_69
0x87C2   T2_7
0x8C30   T2_70
0x8C42   T2_71
0x8C54   T2_72
0x8C66   T2_73
0x8C78   T2_74
0x8C8A   T2_75
0x8C9C   T2_76
0x8CAE   T2_77
0x87D4   T2_8
0x87E6   T2_9
0x0028   TILEMAP_PAGE
0x7E1F X TRANSPARENT_SPRITE_SLOT
0x7A00   TilePalette0
0x0100   TilePalette0Len
0x6500   TilePatterns
0x0000   USE_BC
0x0001   USE_HL
0x7EE7   addKey
0x7EFE X addKey.loop
0x7EE9   addKey.nextKey
0x7EEA   addKey.rx
0x7EF2   addKey.ry
0x7EEA   addKey.tryPos
0x80E9   addScore
0x80EC   addScore.addScore1
0x80F4   addScore.scoreCarry
0x8050   at_l1
0x806B   at_l2
0x807F   at_l3
0x808B   at_l4
0x8099   at_l5
0x80A7   at_l6
0x80B6   at_l7
0x80D0   at_l8
0x803E   at_title
0x8532   attractMode
0x853D   attractMode.loop
0x8538   attractMode.waitRelease
0x003C   baddieCount
0x8ED9   baddieData
0x9AD3   baddieMoveLUT
0x000B   baddieRecord
0x0007   baddieRecord.dir
0x0002   baddieRecord.highX
0x0004   baddieRecord.highY
0x0000   baddieRecord.index
0x000A   baddieRecord.lastDist
0x0001   baddieRecord.lowX
0x0003   baddieRecord.lowY
0x0009   baddieRecord.mode
0x0008   baddieRecord.pattern
0x0005   baddieRecord.tileX
0x0006   baddieRecord.tileY
0x916D   baddie_x
0x916F   baddie_y
0x83A8   buildMapImage
0x83D2   buildMapImage.checkFlood
0x83BE   buildMapImage.colLoop
0x83E1   buildMapImage.haveColour
0x83AA   buildMapImage.rowLoop
0x8EBF   cam_px
0x8EC1   cam_py
0x8EC3   cam_tx
0x8EC4   cam_ty
0xF205   ch1endskip
0xF21A   ch2endskip
0xF22F   ch3endskip
0x0001   channel1ToneH
0x0000   channel1ToneL
0x0008   channel1Volume
0x0003   channel2ToneH
0x0002   channel2ToneL
0x0009   channel2Volume
0x0005   channel3ToneH
0x0004   channel3ToneL
0x000A   channel3Volume
0x3D00   charset
0x8594   checkAnyKey
0x85AA   checkAnyKey.pressed
0x859A   checkAnyKey.scanRow
0x9918   checkBaddieCollision
0x992F   checkBaddieCollision.xAbs
0x994D   checkBaddieCollision.yAbs
0x986F   checkKeyCollect
0x9874   checkKeyCollect.loop
0x989B   checkKeyCollect.next
0x9888   checkKeyCollect.xpos
0x9894   checkKeyCollect.ypos
0x9634   chkDown
0x9BBB   chkDown1
0x947D   chkEnd
0x9482 X chkEnd.testDirections
0x9472   chkHoriz
0x9453   chkKeyDown
0x9442 X chkKeyLeft
0x93C8 X chkKeyRadar
0x9433 X chkKeyRadar.RESET_NEXT
0x942A X chkKeyRadar.chkExit
0x93FB   chkKeyRadar.radarOff
0x942A   chkKeyRadar.yEnd
0x9440   chkKeyRadar.yEnd1
0x9426   chkKeyRadar.yUp
0x944D   chkKeyRight
0x945D   chkKeyUp
0x9566   chkLeft
0x9AE5   chkLeft1
0x95CB   chkRight
0x9B4E   chkRight1
0x969D   chkUp
0x9C28   chkUp1
0x9467   chkVert
0x821F   clearFloodField
0x8223   clearFloodField.clrPage
0x7E62   collectKey
0x9745   copy_visible_window
0x97D3   copy_visible_window.cross_boundary
0x9773   copy_visible_window.row_loop
0x86B5   dcLine
0x86E7 X debugs
0x8744 X debugs1
0xC000 X dfield_part1
0xC000 X dfield_part2
0xC000 X dfield_part3
0x0002   dir_down
0x0000   dir_left
0x0001   dir_right
0x0003   dir_up
0x9CE3   displayBaddie
0x9D4E   displayBaddie.hideBaddie
0x9D4D   displayBaddie.hidePop
0x9D07   displayBaddie.xInRange
0x9D25   displayBaddie.yInRange
0x8685   displayChar
0x86B3   displayChar.draw
0x86A8   displayChar.udg
0x8663   displayText
0x8677   displayText.at
0x8666   displayText.loop
0x821B   dist
0x94A6   doMove
0x9548   doMoveDone
0x9560   doMoveDone.noAdvance
0x94D5   doMoveDown
0x9CBB   doMoveDown1
0x94A6 X doMoveLeft
0x9C91   doMoveLeft1
0x94BD   doMoveRight
0x9CA6   doMoveRight1
0x94ED   doMoveUp
0x9CD0   doMoveUp1
0x8554   drawAttractText
0x7A00   endofSprites
0x823B   floodFill
0x82F1   floodFill.clampMax
0x8257   floodFill.mainLoop
0x8283 X floodFill.skip
0x82AD   floodFill.skipD
0x828D   floodFill.skipL
0x8298   floodFill.skipR
0x82A2   floodFill.skipU
0x82F3   floodFill.storeDist
0x82FB   floodFill.tcDone
0x82AF   floodFill.tryCell
0x821E   floodInProgress
0x9171   floodQueue
0x9374   floodTargetX
0x9375   floodTargetY
0x8EAF   frameCount
0x8EB0   framePointer
0x8CC0   frameTable
0x8733   getTileX
0x8722   getTileY
0x8EC7   healthBlock
0x8022   health_bar
0x7FFF   health_text
0x5847 X healthattr
0x7FF4   hiscore_text
0xF0F0 X im2Routine
0x83F7   initBaddies
0x8412 X initBaddies.loop
0x83FD   initBaddies.nextBaddie
0x83FE   initBaddies.rx
0x8406   initBaddies.ry
0x83FE   initBaddies.tryPos
0x81C1   initHUD
0x0008   initHealth
0x0017   initHealthBlock
0x9702 X keyEnd
0x93C8   keyProcess
0x8015   keys_text
0x8ED6   lastMove
0x800A   lives_text
0x8196 X lostLife
0x9DB2   lut_base
0x93BC   main
0xF379   melodyEnd
0xF232 X melodyRoutine
0x0007   mixerFlag
0x8EB3   mixerFlags
0x0000   mode_auto
0x0001   mode_hunt
0x0002   mode_wander
0x99CE X moveAvailable
0x9A0D   moveAvailable.gotDir
0x9A03   moveAvailable.pickHunt
0x9A09   moveAvailable.pickWander
0x9702   moveSprite
0x9705   moveSprite1
0x0002   move_delta
0x0001   move_delta_baddie
0xF23C   mr0
0xF24D   mr1
0x8125   newGame
0x9997   newTile
0x99AE   newTile.done
0x99AA   newTile.vertMask
0x8E90   nextCH
0xF112   noFlood
0x9387 X otherSetup
0x821D   paletteDelay
0x821C   paletteFlip
0x9AD1   pf_best
0x9AD2   pf_dir
0x9A1A   pickByField
0x9AC6   pickByField.consider
0x9A9C   pickByField.noD
0x9A50   pickByField.noL
0x9A76   pickByField.noR
0x9AC2   pickByField.noU
0x8E23   play
0x8E1B   playCh1
0x8E20   playCh2
0xF258 X playNotes
0x8ECA X playerAlive
0x8ED7   playerAnimFrame
0x8ED8   playerAnimTick
0x8EC6   playerHealth
0x8EC9   playerKeys
0x8EC8   playerLives
0x8ED0   player_px
0x8ED2   player_py
0x8ED4   player_tile_x
0x8ED5   player_tile_y
0x8DFC   playsound
0x9954   processBaddie
0x98A3   processBaddies
0x98A9   processBaddies.loop
0x98BA   processBaddies.skipCollision
0x9378   progStart
0x82FD   putFieldByte
0x8319   putMapByte
0x9373   qCount
0x9371   qHeadIdx
0x8352   qPopDE
0x8335   qPushDE
0x9372   qTailIdx
0x9D59   radarBaddie
0x9D83   random
0x7EA3   rebuildMaps
0x7EB2   rebuildMaps.keyFlood
0x7ECF   rebuildMaps.nextKey
0x836F   resetMapData
0x838E   resetMapData.colLoop
0x8371   resetMapData.rowLoop
0x8395   resetMapData.skipReset
0x8149   resetPlayerVals
0x9A0E   reverse
0x9DA2   rnd8
0x9DB1   rseed
0x8ECF   score0
0x8ECE   score1
0x8ECD   score2
0x8ECC   score3
0x8ECB   score4
0x7FE9   score_text
0x85EE   setClipping
0x84E7   setUpCamera
0x85AC   setupAttract
0x9DF2   setupIM2
0x7E49   showKeys
0x81B0   showLives
0x80FC   showScore
0x97F1   showSprite
0x9865   showSprite.haveBase
0x981F   showSprite.noKey
0x9857   showSprite.notL
0x985F   showSprite.notR
0x8E30   sound1
0x8E40 X sound2
0x8E50 X sound3
0x8E59 X sound3Dur
0x8E60 X sound4
0x8E70 X sound5
0x8E80 X sound6
0x0003 X soundBounce
0x0005   soundCollect
0x0001 X soundHithead
0x0004   soundHitskull
0x0006 X soundKillskull
0x0002 X soundPop
0x7E2D   spritePalette0Loop
0x7E11   spritePatternLoop
0x7DC8   spriteSetup
0x8170   takeDamage
0x83A0   tileColour
0x6000   tileMap
0x8EC5   tilemapPage
0x7DEE   tilemapPalette0Loop
0xC000 X tilemap_part1
0xC000 X tilemap_part2
0xC000 X tilemap_part3
0x861B   udgBase
0x9506   updateCameraXY
0x9523   updateCameraXY.camXHighOK
0x9518   updateCameraXY.camXLowOK
0x9541   updateCameraXY.camYHighOK
0x9536   updateCameraXY.camYLowOK
0x83F3   vdirTable
0x0004   vdir_down
0x0001   vdir_left
0x0002   vdir_right
0x0008   vdir_up
0x9376   viewMode
0x8EB2   volume
0x97E2   wait_vblank
0x97E2   wait_vblank.loop
0x9377   yKeyWas
